InvoiceID,DateKey,CustomerKey,ProductKey,Quantity,UnitPrice,DiscountAmount,LineAmount
1001,14030101,155,865,1,143571,3000,140571
1002,14030101,532,865,2,143571,25000,262142
1002,14030101,532,248,1,1347785,56000,1291785
1002,14030101,532,1355,1,1197501,26000,1171501
1002,14030101,532,610,2,424412,2000,846824
1002,14030101,532,455,1,1215134,78000,1137134
1002,14030101,532,1930,2,115539,5000,226078
1003,14030101,532,248,3,1347785,2000,4041355
1003,14030101,532,865,3,143571,30000,400713
1003,14030101,532,455,1,1215134,18000,1197134
1003,14030101,532,1128,6,1189842,240000,6899052
1003,14030101,532,1492,1,1754440,16000,1738440
1004,14030101,532,865,2,143571,23000,264142
1004,14030101,532,466,3,956011,153000,2715033
1004,14030101,532,1930,7,115539,30000,778773
1004,14030101,532,1355,2,1197501,198000,2197002
1004,14030101,532,1290,2,1054599,181000,1928198
1004,14030101,532,985,2,940783,132000,1749566
1004,14030101,532,455,1,1215134,27000,1188134
1005,14030101,532,865,1,143571,3000,140571
1005,14030101,532,248,1,1347785,37000,1310785
1005,14030101,532,985,2,940783,68000,1813566
1006,14030101,532,865,1,143571,3000,140571
1006,14030101,532,1930,5,115539,37000,540695
1006,14030101,532,1355,2,1197501,40000,2355002
1006,14030101,532,1715,3,1717194,84000,5067582
1007,14030101,532,865,8,143571,73000,1075568
1007,14030101,532,1128,2,1189842,162000,2217684
1007,14030101,532,1355,3,1197501,278000,3314503
1007,14030101,532,2039,1,1583451,5000,1578451
1008,14030101,119,1355,1,1197501,85000,1112501
1008,14030101,119,865,5,143571,98000,619855
1008,14030101,119,248,1,1347785,155000,1192785
1008,14030101,119,610,1,424412,60000,364412
1009,14030101,532,455,1,1215134,29000,1186134
1009,14030101,532,865,2,143571,7000,280142
1009,14030101,532,1861,2,1313426,235000,2391852
1009,14030101,532,610,1,424412,9000,415412
1010,14030101,532,865,2,143571,2000,285142
1010,14030101,532,455,1,1215134,13000,1202134
1010,14030101,532,1355,2,1197501,189000,2206002
1010,14030101,532,1313,2,1013322,12000,2014644
1010,14030101,532,1828,1,1638180,163000,1475180
1010,14030101,532,248,2,1347785,261000,2434570
1010,14030101,532,629,4,1515429,6000,6055716
1010,14030101,532,734,3,851389,174000,2380167
1010,14030101,532,610,2,424412,22000,826824
1010,14030101,532,1128,2,1189842,26000,2353684
1011,14030101,532,865,2,143571,27000,260142
1011,14030101,532,1355,4,1197501,126000,4664004
1011,14030101,532,1128,2,1189842,42000,2337684
1011,14030101,532,505,5,403362,175000,1841810
1012,14030101,532,1930,2,115539,14000,217078
1012,14030101,532,865,1,143571,10000,133571
1012,14030101,532,1128,2,1189842,185000,2194684
1013,14030101,533,1355,1,1197501,98000,1099501
1013,14030101,533,610,1,424412,60000,364412
1013,14030101,533,865,4,143571,76000,498284
1013,14030101,533,455,1,1215134,67000,1148134
1013,14030101,533,1930,4,115539,66000,396156
1014,14030101,532,1355,2,1197501,16000,2379002
1014,14030101,532,865,3,143571,32000,398713
1015,14030102,532,865,2,143571,7000,280142
1015,14030102,532,1355,4,1197501,202000,4588004
1015,14030102,532,505,1,403362,21000,382362
1015,14030102,532,455,3,1215134,73000,3572402
1016,14030102,262,79,10,283656,467000,2369560
1016,14030102,262,865,2,143571,43000,244142
1016,14030102,262,455,1,1215134,148000,1067134
1016,14030102,262,248,1,1347785,214000,1133785
1017,14030102,265,1355,1,1197501,8000,1189501
1017,14030102,265,865,2,143571,6000,281142
1017,14030102,265,455,4,1215134,417000,4443536
1018,14030102,391,865,1,143571,16000,127571
1018,14030102,391,610,1,424412,26000,398412
1019,14030102,105,865,2,143571,13000,274142
1019,14030102,105,1930,3,115539,27000,319617
1019,14030102,105,1355,1,1197501,11000,1186501
1019,14030102,105,455,2,1215134,102000,2328268
1019,14030102,105,1128,2,1189842,173000,2206684
1019,14030102,105,825,2,1135530,223000,2048060
1019,14030102,105,1644,1,1064460,42000,1022460
1019,14030102,105,1017,1,791515,68000,723515
1019,14030102,105,248,1,1347785,25000,1322785
1020,14030102,532,610,2,424412,23000,825824
1020,14030102,532,865,1,143571,13000,130571
1020,14030102,532,825,2,1135530,195000,2076060
1020,14030102,532,455,2,1215134,12000,2418268
1021,14030102,532,1355,3,1197501,348000,3244503
1021,14030102,532,865,5,143571,60000,657855
1021,14030102,532,248,1,1347785,65000,1282785
1021,14030102,532,1128,1,1189842,47000,1142842
1021,14030102,532,455,1,1215134,46000,1169134
1021,14030102,532,1930,8,115539,24000,900312
1021,14030102,532,734,3,851389,116000,2438167
1021,14030102,532,85,2,575699,110000,1041398
1021,14030102,532,1313,10,1013322,563000,9570220
1021,14030102,532,2095,3,384292,17000,1135876
1022,14030102,532,1355,6,1197501,416000,6769006
1022,14030102,532,865,2,143571,21000,266142
1022,14030102,532,1930,1,115539,6000,109539
1023,14030102,532,865,4,143571,9000,565284
1023,14030102,532,1355,6,1197501,57000,7128006
1023,14030102,532,455,1,1215134,72000,1143134
1023,14030102,532,1017,2,791515,37000,1546030
1023,14030102,532,1930,1,115539,10000,105539
1024,14030102,532,865,2,143571,17000,270142
1024,14030102,532,455,2,1215134,141000,2289268
1024,14030102,532,1355,2,1197501,223000,2172002
1025,14030102,532,865,3,143571,10000,420713
1025,14030102,532,1930,1,115539,7000,108539
1025,14030102,532,455,1,1215134,38000,1177134
1026,14030102,532,455,1,1215134,55000,1160134
1026,14030102,532,865,10,143571,143000,1292710
1026,14030102,532,1290,1,1054599,22000,1032599
1026,14030102,532,2364,1,329450,30000,299450
1026,14030102,532,1039,4,81747,28000,298988
1026,14030102,532,725,1,1520368,23000,1497368
1027,14030104,500,865,2,143571,28000,259142
1027,14030104,500,455,2,1215134,1000,2429268
1027,14030104,500,1479,3,1150179,103000,3347537
1027,14030104,500,106,2,1003398,188000,1818796
1027,14030104,500,725,1,1520368,17000,1503368
1027,14030104,500,1355,1,1197501,66000,1131501
1028,14030104,532,211,2,1279953,183000,2376906
1028,14030104,532,1290,1,1054599,66000,988599
1028,14030104,532,1116,1,1521349,74000,1447349
1029,14030104,532,455,3,1215134,33000,3612402
1029,14030104,532,1039,2,81747,4000,159494
1029,14030104,532,865,1,143571,11000,132571
1029,14030104,532,1128,2,1189842,62000,2317684
1029,14030104,532,1290,3,1054599,174000,2989797
1029,14030104,532,749,2,1451605,2000,2901210
1029,14030104,532,1355,1,1197501,105000,1092501
1029,14030104,532,1930,4,115539,25000,437156
1030,14030104,273,865,2,143571,4000,283142
1030,14030104,273,1355,1,1197501,36000,1161501
1030,14030104,273,1644,4,1064460,338000,3919840
1030,14030104,273,1017,4,791515,284000,2882060
1030,14030104,273,1930,1,115539,2000,113539
1030,14030104,273,1128,1,1189842,92000,1097842
1030,14030104,273,1290,4,1054599,171000,4047396
1031,14030104,262,865,1,143571,27000,116571
1031,14030104,262,572,4,826512,653000,2653048
1031,14030104,262,489,3,679026,383000,1654078
1031,14030104,262,1116,1,1521349,264000,1257349
1031,14030104,262,1930,1,115539,22000,93539
1032,14030104,532,865,4,143571,46000,528284
1032,14030104,532,455,1,1215134,95000,1120134
1032,14030104,532,1355,1,1197501,104000,1093501
1032,14030104,532,1128,4,1189842,105000,4654368
1032,14030104,532,610,3,424412,58000,1215236
1032,14030104,532,1861,1,1313426,104000,1209426
1032,14030104,532,2190,1,195918,0,195918
1033,14030104,532,865,1,143571,12000,131571
1033,14030104,532,1355,6,1197501,200000,6985006
1033,14030104,532,502,2,186218,14000,358436
1034,14030104,532,865,2,143571,26000,261142
1034,14030104,532,1313,1,1013322,98000,915322
1034,14030104,532,1116,1,1521349,146000,1375349
1034,14030104,532,1017,1,791515,8000,783515
1034,14030104,532,505,2,403362,58000,748724
1034,14030104,532,248,1,1347785,81000,1266785
1034,14030104,532,610,2,424412,32000,816824
1034,14030104,532,1930,2,115539,5000,226078
1034,14030104,532,572,3,826512,0,2479536
1034,14030104,532,1355,5,1197501,322000,5665505
1035,14030104,70,865,3,143571,71000,359713
1035,14030104,70,1355,1,1197501,128000,1069501
1035,14030104,70,1492,2,1754440,466000,3042880
1035,14030104,70,2442,1,1233012,227000,1006012
1035,14030104,70,1930,3,115539,45000,301617
1035,14030104,70,455,1,1215134,171000,1044134
1036,14030104,532,455,1,1215134,15000,1200134
1036,14030104,532,586,2,87298,16000,158596
1036,14030104,532,2456,2,1635264,295000,2975528
1036,14030104,532,865,2,143571,8000,279142
1037,14030104,532,1313,1,1013322,29000,984322
1037,14030104,532,1355,2,1197501,138000,2257002
1037,14030104,532,2380,2,1236016,114000,2358032
1037,14030104,532,865,2,143571,6000,281142
1037,14030104,532,455,2,1215134,219000,2211268
1038,14030104,532,734,1,851389,7000,844389
1038,14030104,532,248,2,1347785,170000,2525570
1038,14030104,532,865,1,143571,11000,132571
1038,14030104,532,1128,3,1189842,240000,3329526
1038,14030104,532,1355,1,1197501,23000,1174501
1038,14030104,532,610,1,424412,10000,414412
1039,14030104,34,1039,3,81747,1000,244241
1039,14030104,34,865,2,143571,18000,269142
1039,14030104,34,1017,1,791515,55000,736515
1039,14030104,34,455,2,1215134,59000,2371268
1040,14030104,532,865,1,143571,10000,133571
1040,14030104,532,1355,3,1197501,38000,3554503
1040,14030104,532,1128,2,1189842,41000,2338684
1040,14030104,532,2364,6,329450,102000,1874700
1040,14030104,532,1861,1,1313426,32000,1281426
1041,14030105,532,865,3,143571,28000,402713
1041,14030105,532,1930,8,115539,55000,869312
1041,14030105,532,734,6,851389,455000,4653334
1041,14030105,532,1128,2,1189842,171000,2208684
1042,14030105,368,2314,3,1045095,328000,2807285
1042,14030105,368,2190,4,195918,97000,686672
1042,14030105,368,865,2,143571,21000,266142
1042,14030105,368,1290,1,1054599,119000,935599
1042,14030105,368,1355,3,1197501,366000,3226503
1043,14030105,89,865,1,143571,1000,142571
1043,14030105,89,1930,1,115539,3000,112539
1043,14030105,89,455,1,1215134,65000,1150134
1043,14030105,89,1128,1,1189842,27000,1162842
1043,14030105,89,1355,2,1197501,169000,2226002
1044,14030105,532,865,2,143571,15000,272142
1044,14030105,532,455,2,1215134,50000,2380268
1045,14030105,532,865,4,143571,33000,541284
1045,14030105,532,1355,2,1197501,205000,2190002
1045,14030105,532,1930,3,115539,13000,333617
1045,14030105,532,455,1,1215134,42000,1173134
1046,14030105,35,1116,4,1521349,1188000,4897396
1046,14030105,35,865,2,143571,50000,237142
1046,14030105,35,1355,2,1197501,383000,2012002
1046,14030105,35,1282,1,119562,14000,105562
1046,14030105,35,1930,2,115539,23000,208078
1046,14030105,35,749,1,1451605,243000,1208605
1047,14030105,532,865,1,143571,6000,137571
1047,14030105,532,1930,1,115539,7000,108539
1047,14030105,532,1355,1,1197501,47000,1150501
1047,14030105,532,610,2,424412,2000,846824
1048,14030105,81,455,1,1215134,56000,1159134
1048,14030105,81,865,1,143571,5000,138571
1048,14030105,81,489,1,679026,22000,657026
1048,14030105,81,1355,3,1197501,136000,3456503
1048,14030105,81,1930,3,115539,28000,318617
1049,14030105,532,865,1,143571,0,143571
1049,14030105,532,1355,2,1197501,239000,2156002
1049,14030105,532,455,1,1215134,79000,1136134
1050,14030105,532,865,2,143571,21000,266142
1050,14030105,532,1265,5,1070719,106000,5247595
1050,14030105,532,2364,1,329450,5000,324450
1050,14030105,532,412,1,1558019,104000,1454019
1050,14030105,532,1355,2,1197501,52000,2343002
1050,14030105,532,2237,2,213629,32000,395258
1051,14030105,532,1355,2,1197501,179000,2216002
1051,14030105,532,455,1,1215134,99000,1116134
1051,14030105,532,865,6,143571,9000,852426
1052,14030105,122,2095,1,384292,64000,320292
1053,14030105,532,1355,1,1197501,85000,1112501
1053,14030105,532,1930,1,115539,7000,108539
1053,14030105,532,489,2,679026,13000,1345052
1053,14030105,532,865,3,143571,36000,394713
1053,14030105,532,455,2,1215134,29000,2401268
1053,14030105,532,248,8,1347785,843000,9939280
1053,14030105,532,505,1,403362,17000,386362
1053,14030105,532,475,1,737101,37000,700101
1053,14030105,532,2237,1,213629,18000,195629
1054,14030105,532,1930,1,115539,11000,104539
1054,14030105,532,865,2,143571,23000,264142
1054,14030105,532,1128,3,1189842,155000,3414526
1054,14030105,532,455,3,1215134,351000,3294402
1054,14030105,532,489,1,679026,54000,625026
1054,14030105,532,610,2,424412,41000,807824
1054,14030105,532,1355,2,1197501,175000,2220002
1055,14030105,116,865,4,143571,105000,469284
1055,14030105,116,1313,1,1013322,190000,823322
1055,14030105,116,734,1,851389,124000,727389
1056,14030105,532,865,1,143571,0,143571
1056,14030105,532,489,4,679026,49000,2667104
1056,14030105,532,1861,1,1313426,104000,1209426
1056,14030105,532,455,1,1215134,106000,1109134
1056,14030105,532,1355,3,1197501,99000,3493503
1057,14030105,532,865,5,143571,6000,711855
1058,14030105,532,865,2,143571,21000,266142
1058,14030105,532,475,2,737101,95000,1379202
1058,14030105,532,1355,2,1197501,189000,2206002
1058,14030105,532,248,1,1347785,29000,1318785
1058,14030105,532,734,2,851389,52000,1650778
1058,14030105,532,985,2,940783,89000,1792566
1059,14030105,532,865,2,143571,21000,266142
1059,14030105,532,1116,1,1521349,106000,1415349
1059,14030105,532,1355,1,1197501,30000,1167501
1059,14030105,532,1128,1,1189842,22000,1167842
1059,14030105,532,1930,1,115539,6000,109539
1060,14030105,579,1355,1,1197501,85000,1112501
1060,14030105,579,865,2,143571,35000,252142
1060,14030105,579,1017,7,791515,567000,4973605
1060,14030105,579,1930,1,115539,6000,109539
1060,14030105,579,610,1,424412,30000,394412
1060,14030105,579,678,1,593703,30000,563703
1061,14030105,479,865,1,143571,13000,130571
1061,14030105,479,1017,2,791515,110000,1473030
1061,14030105,479,734,1,851389,73000,778389
1061,14030105,479,1930,2,115539,20000,211078
1061,14030105,479,455,2,1215134,114000,2316268
1062,14030106,532,865,1,143571,13000,130571
1062,14030106,532,505,2,403362,66000,740724
1062,14030106,532,1355,2,1197501,17000,2378002
1063,14030106,519,865,1,143571,9000,134571
1063,14030106,519,771,2,46114,7000,85228
1063,14030106,519,502,9,186218,103000,1572962
1063,14030106,519,455,3,1215134,403000,3242402
1063,14030106,519,1930,3,115539,25000,321617
1064,14030106,454,1861,2,1313426,247000,2379852
1064,14030106,454,1930,4,115539,68000,394156
1064,14030106,454,865,1,143571,16000,127571
1064,14030106,454,825,2,1135530,281000,1990060
1064,14030106,454,1355,5,1197501,423000,5564505
1065,14030106,519,505,2,403362,53000,753724
1065,14030106,519,865,1,143571,8000,135571
1065,14030106,519,1355,1,1197501,113000,1084501
1066,14030106,532,865,1,143571,3000,140571
1066,14030106,532,1355,3,1197501,252000,3340503
1066,14030106,532,455,2,1215134,167000,2263268
1066,14030106,532,489,5,679026,267000,3128130
1066,14030106,532,62,2,1529891,202000,2857782
1067,14030106,532,1128,2,1189842,129000,2250684
1067,14030106,532,865,2,143571,26000,261142
1067,14030106,532,505,3,403362,8000,1202086
1067,14030106,532,248,3,1347785,230000,3813355
1067,14030106,532,610,1,424412,5000,419412
1067,14030106,532,455,2,1215134,170000,2260268
1067,14030106,532,572,5,826512,206000,3926560
1067,14030106,532,1930,2,115539,1000,230078
1068,14030106,532,865,2,143571,9000,278142
1069,14030106,532,865,1,143571,13000,130571
1069,14030106,532,1355,3,1197501,206000,3386503
1070,14030106,532,865,1,143571,0,143571
1070,14030106,532,1355,3,1197501,169000,3423503
1070,14030106,532,412,2,1558019,285000,2831038
1070,14030106,532,610,1,424412,24000,400412
1071,14030106,532,1644,1,1064460,35000,1029460
1071,14030106,532,865,2,143571,24000,263142
1072,14030106,532,455,2,1215134,70000,2360268
1072,14030106,532,865,5,143571,58000,659855
1072,14030106,532,1930,2,115539,10000,221078
1072,14030106,532,610,1,424412,13000,411412
1073,14030106,51,865,2,143571,14000,273142
1073,14030106,51,455,8,1215134,639000,9082072
1073,14030106,51,610,2,424412,35000,813824
1073,14030106,51,1313,3,1013322,190000,2849966
1073,14030106,51,505,2,403362,74000,732724
1073,14030106,51,1017,1,791515,77000,714515
1073,14030106,51,1355,2,1197501,57000,2338002
1074,14030106,532,865,1,143571,14000,129571
1074,14030106,532,455,5,1215134,280000,5795670
1075,14030106,35,1355,3,1197501,538000,3054503
1075,14030106,35,865,3,143571,64000,366713
1076,14030106,532,865,3,143571,42000,388713
1076,14030106,532,412,1,1558019,85000,1473019
1076,14030106,532,2190,1,195918,18000,177918
1077,14030106,532,1930,4,115539,39000,423156
1077,14030106,532,865,1,143571,11000,132571
1077,14030106,532,2190,2,195918,32000,359836
1077,14030106,532,1715,1,1717194,51000,1666194
1078,14030106,532,865,10,143571,70000,1365710
1078,14030106,532,1930,1,115539,6000,109539
1078,14030106,532,248,1,1347785,74000,1273785
1078,14030106,532,1355,2,1197501,109000,2286002
1078,14030106,532,2380,1,1236016,23000,1213016
1079,14030106,476,865,2,143571,6000,281142
1079,14030106,476,455,3,1215134,15000,3630402
1079,14030106,476,1355,3,1197501,253000,3339503
1079,14030106,476,2190,3,195918,22000,565754
1079,14030106,476,610,2,424412,69000,779824
1080,14030106,533,455,2,1215134,264000,2166268
1081,14030107,155,865,2,143571,15000,272142
1081,14030107,155,1930,2,115539,16000,215078
1081,14030107,155,1116,2,1521349,199000,2843698
1081,14030107,155,1355,1,1197501,56000,1141501
1081,14030107,155,1313,6,1013322,205000,5874932
1081,14030107,155,1644,4,1064460,362000,3895840
1082,14030107,532,455,1,1215134,38000,1177134
1082,14030107,532,248,3,1347785,307000,3736355
1082,14030107,532,865,4,143571,2000,572284
1082,14030107,532,1355,1,1197501,75000,1122501
1083,14030107,532,865,2,143571,19000,268142
1083,14030107,532,1355,4,1197501,22000,4768004
1083,14030107,532,610,3,424412,37000,1236236
1083,14030107,532,1861,1,1313426,19000,1294426
1083,14030107,532,1128,2,1189842,134000,2245684
1083,14030107,532,489,3,679026,34000,2003078
1083,14030107,532,1116,1,1521349,132000,1389349
1084,14030107,472,865,1,143571,20000,123571
1084,14030107,472,610,1,424412,40000,384412
1084,14030107,472,1930,1,115539,8000,107539
1084,14030107,472,1017,1,791515,103000,688515
1085,14030107,532,1930,2,115539,7000,224078
1085,14030107,532,1313,2,1013322,129000,1897644
1085,14030107,532,865,2,143571,7000,280142
1086,14030107,532,865,2,143571,6000,281142
1086,14030107,532,248,2,1347785,154000,2541570
1086,14030107,532,1355,9,1197501,318000,10459509
1086,14030107,532,610,1,424412,24000,400412
1086,14030107,532,1313,2,1013322,150000,1876644
1087,14030107,532,610,2,424412,42000,806824
1088,14030107,565,865,1,143571,18000,125571
1088,14030107,565,455,2,1215134,207000,2223268
1088,14030107,565,610,2,424412,95000,753824
1088,14030107,565,734,2,851389,207000,1495778
1088,14030107,565,1355,2,1197501,320000,2075002
1088,14030107,565,1116,2,1521349,427000,2615698
1088,14030107,565,2190,2,195918,31000,360836
1088,14030107,565,1930,2,115539,24000,207078
1089,14030107,574,865,1,143571,18000,125571
1089,14030107,574,1930,3,115539,40000,306617
1089,14030107,574,455,1,1215134,187000,1028134
1089,14030107,574,1355,7,1197501,1283000,7099507
1089,14030107,574,1128,5,1189842,1088000,4861210
1089,14030107,574,610,1,424412,77000,347412
1090,14030107,532,865,3,143571,32000,398713
1090,14030107,532,1355,1,1197501,13000,1184501
1090,14030107,532,1930,6,115539,9000,684234
1090,14030107,532,1017,6,791515,408000,4341090
1091,14030107,500,865,7,143571,97000,907997
1091,14030107,500,1290,3,1054599,115000,3048797
1091,14030107,500,489,3,679026,2000,2035078
1091,14030107,500,1128,2,1189842,108000,2271684
1091,14030107,500,1930,2,115539,15000,216078
1091,14030107,500,505,2,403362,66000,740724
1092,14030107,523,1313,1,1013322,125000,888322
1092,14030107,523,1355,1,1197501,225000,972501
1092,14030107,523,865,2,143571,54000,233142
1092,14030107,523,1930,1,115539,12000,103539
1092,14030107,523,610,3,424412,243000,1030236
1092,14030107,523,248,1,1347785,262000,1085785
1092,14030107,523,734,1,851389,127000,724389
1093,14030107,262,865,2,143571,47000,240142
1093,14030107,262,1930,3,115539,67000,279617
1094,14030107,532,865,3,143571,6000,424713
1094,14030107,532,455,2,1215134,24000,2406268
1094,14030107,532,610,2,424412,34000,814824
1094,14030107,532,1355,6,1197501,23000,7162006
1095,14030107,533,865,2,143571,41000,246142
1095,14030107,533,455,4,1215134,291000,4569536
1095,14030107,533,1128,2,1189842,248000,2131684
1095,14030107,533,1930,7,115539,69000,739773
1096,14030107,532,865,1,143571,1000,142571
1096,14030107,532,610,3,424412,57000,1216236
1096,14030107,532,1128,2,1189842,5000,2374684
1097,14030107,532,865,1,143571,1000,142571
1097,14030107,532,455,2,1215134,16000,2414268
1097,14030107,532,1355,3,1197501,74000,3518503
1097,14030107,532,248,1,1347785,117000,1230785
1097,14030107,532,505,4,403362,0,1613448
1098,14030107,532,865,1,143571,1000,142571
1098,14030107,532,1930,1,115539,2000,113539
1098,14030107,532,1355,2,1197501,6000,2389002
1098,14030107,532,2190,1,195918,15000,180918
1098,14030107,532,1116,3,1521349,240000,4324047
1099,14030107,532,865,2,143571,3000,284142
1099,14030107,532,1355,2,1197501,226000,2169002
1099,14030107,532,455,1,1215134,95000,1120134
1099,14030107,532,1930,4,115539,24000,438156
1099,14030107,532,1116,2,1521349,293000,2749698
1100,14030107,532,865,2,143571,11000,276142
1100,14030107,532,1930,2,115539,11000,220078
1101,14030107,415,1355,1,1197501,9000,1188501
1101,14030107,415,865,2,143571,1000,286142
1101,14030107,415,455,1,1215134,76000,1139134
1101,14030107,415,2237,9,213629,102000,1820661
1101,14030107,415,1017,2,791515,95000,1488030
1101,14030107,415,1861,1,1313426,92000,1221426
1101,14030107,415,734,4,851389,221000,3184556
1102,14030108,532,1290,1,1054599,47000,1007599
1102,14030108,532,1930,1,115539,3000,112539
1102,14030108,532,865,2,143571,11000,276142
1102,14030108,532,1128,1,1189842,50000,1139842
1102,14030108,532,2237,2,213629,15000,412258
1102,14030108,532,248,1,1347785,124000,1223785
1103,14030108,532,865,3,143571,4000,426713
1103,14030108,532,455,1,1215134,89000,1126134
1104,14030108,533,865,2,143571,31000,256142
1104,14030108,533,455,2,1215134,201000,2229268
1104,14030108,533,1116,1,1521349,129000,1392349
1104,14030108,533,1644,2,1064460,266000,1862920
1104,14030108,533,1930,4,115539,56000,406156
1104,14030108,533,1017,6,791515,522000,4227090
1104,14030108,533,248,1,1347785,145000,1202785
1105,14030108,35,865,2,143571,35000,252142
1105,14030108,35,505,1,403362,74000,329362
1105,14030108,35,248,1,1347785,237000,1110785
1106,14030108,532,734,7,851389,487000,5472723
1106,14030108,532,865,2,143571,18000,269142
1106,14030108,532,1355,1,1197501,111000,1086501
1106,14030108,532,1861,3,1313426,105000,3835278
1107,14030108,532,455,3,1215134,112000,3533402
1107,14030108,532,865,1,143571,0,143571
1107,14030108,532,1128,4,1189842,269000,4490368
1108,14030108,51,865,1,143571,9000,134571
1108,14030108,51,248,1,1347785,100000,1247785
1108,14030108,51,1128,1,1189842,49000,1140842
1108,14030108,51,455,1,1215134,44000,1171134
1109,14030108,532,865,3,143571,24000,406713
1109,14030108,532,1930,1,115539,7000,108539
1109,14030108,532,1355,2,1197501,116000,2279002
1109,14030108,532,248,2,1347785,73000,2622570
1110,14030108,532,1355,1,1197501,51000,1146501
1110,14030108,532,1290,1,1054599,71000,983599
1110,14030108,532,865,2,143571,19000,268142
1110,14030108,532,1313,1,1013322,40000,973322
1110,14030108,532,1930,2,115539,0,231078
1110,14030108,532,248,1,1347785,28000,1319785
1111,14030108,532,865,1,143571,4000,139571
1111,14030108,532,1355,1,1197501,89000,1108501
1112,14030108,151,865,1,143571,10000,133571
1112,14030108,151,455,3,1215134,26000,3619402
1113,14030108,532,865,1,143571,0,143571
1113,14030108,532,1290,5,1054599,454000,4818995
1113,14030108,532,1644,2,1064460,122000,2006920
1113,14030108,532,455,3,1215134,152000,3493402
1113,14030108,532,610,1,424412,0,424412
1113,14030108,532,749,1,1451605,116000,1335605
1113,14030108,532,1313,2,1013322,168000,1858644
1114,14030108,532,455,1,1215134,102000,1113134
1114,14030108,532,865,1,143571,8000,135571
1114,14030108,532,1355,2,1197501,94000,2301002
1114,14030108,532,1930,1,115539,3000,112539
1114,14030108,532,734,1,851389,14000,837389
1114,14030108,532,610,2,424412,9000,839824
1114,14030108,532,1039,2,81747,14000,149494
1114,14030108,532,1313,1,1013322,73000,940322
1115,14030108,532,865,3,143571,10000,420713
1115,14030108,532,1355,1,1197501,23000,1174501
1115,14030108,532,489,2,679026,103000,1255052
1115,14030108,532,248,2,1347785,47000,2648570
1115,14030108,532,455,3,1215134,277000,3368402
1116,14030108,552,1128,2,1189842,267000,2112684
1116,14030108,552,865,4,143571,64000,510284
1116,14030108,552,1355,1,1197501,68000,1129501
1116,14030108,552,734,2,851389,136000,1566778
1116,14030108,552,1313,1,1013322,56000,957322
1117,14030108,532,865,1,143571,6000,137571
1117,14030108,532,1355,1,1197501,99000,1098501
1117,14030108,532,1930,2,115539,10000,221078
1118,14030108,532,1116,3,1521349,408000,4156047
1118,14030108,532,248,2,1347785,218000,2477570
1118,14030108,532,1313,2,1013322,65000,1961644
1118,14030108,532,455,2,1215134,36000,2394268
1118,14030108,532,1355,1,1197501,12000,1185501
1119,14030108,582,865,1,143571,10000,133571
1119,14030108,582,1039,2,81747,2000,161494
1119,14030108,582,1355,1,1197501,52000,1145501
1119,14030108,582,610,2,424412,44000,804824
1119,14030108,582,734,1,851389,31000,820389
1119,14030108,582,1644,1,1064460,63000,1001460
1119,14030108,582,1930,3,115539,22000,324617
1120,14030108,479,865,1,143571,9000,134571
1120,14030108,479,1355,1,1197501,86000,1111501
1121,14030108,532,865,4,143571,50000,524284
1121,14030108,532,1355,1,1197501,41000,1156501
1121,14030108,532,505,6,403362,169000,2251172
1121,14030108,532,1861,1,1313426,78000,1235426
1122,14030108,390,455,1,1215134,106000,1109134
1122,14030108,390,734,3,851389,335000,2219167
1122,14030108,390,865,2,143571,38000,249142
1122,14030108,390,1355,3,1197501,425000,3167503
1122,14030108,390,1128,1,1189842,80000,1109842
1122,14030108,390,106,1,1003398,145000,858398
1122,14030108,390,248,2,1347785,195000,2500570
1123,14030109,442,865,3,143571,79000,351713
1124,14030109,532,865,1,143571,4000,139571
1124,14030109,532,1930,3,115539,4000,342617
1124,14030109,532,455,1,1215134,19000,1196134
1124,14030109,532,1355,3,1197501,277000,3315503
1124,14030109,532,1128,3,1189842,59000,3510526
1124,14030109,532,248,2,1347785,64000,2631570
1124,14030109,532,1313,2,1013322,57000,1969644
1125,14030109,499,1715,2,1717194,183000,3251388
1125,14030109,499,865,1,143571,11000,132571
1125,14030109,499,1355,1,1197501,113000,1084501
1125,14030109,499,1930,8,115539,42000,882312
1126,14030109,532,865,6,143571,70000,791426
1126,14030109,532,1930,3,115539,4000,342617
1126,14030109,532,62,1,1529891,98000,1431891
1126,14030109,532,455,4,1215134,269000,4591536
1126,14030109,532,1355,1,1197501,101000,1096501
1127,14030109,532,865,1,143571,10000,133571
1127,14030109,532,248,1,1347785,122000,1225785
1127,14030109,532,455,1,1215134,53000,1162134
1127,14030109,532,1930,5,115539,12000,565695
1127,14030109,532,1355,2,1197501,83000,2312002
1127,14030109,532,505,1,403362,2000,401362
1127,14030109,532,1017,2,791515,37000,1546030
1128,14030109,532,1116,1,1521349,4000,1517349
1128,14030109,532,610,5,424412,178000,1944060
1128,14030109,532,865,1,143571,4000,139571
1128,14030109,532,248,3,1347785,281000,3762355
1128,14030109,532,1355,1,1197501,84000,1113501
1128,14030109,532,1930,2,115539,0,231078
1128,14030109,532,1128,1,1189842,30000,1159842
1128,14030109,532,1039,3,81747,13000,232241
1128,14030109,532,455,3,1215134,192000,3453402
1129,14030109,532,865,1,143571,4000,139571
1129,14030109,532,1017,1,791515,33000,758515
1130,14030109,402,586,2,87298,1000,173596
1130,14030109,402,865,4,143571,34000,540284
1130,14030109,402,610,1,424412,21000,403412
1130,14030109,402,2190,1,195918,2000,193918
1130,14030109,402,1355,2,1197501,147000,2248002
1130,14030109,402,1930,1,115539,4000,111539
1131,14030109,582,865,1,143571,13000,130571
1131,14030109,582,1313,1,1013322,53000,960322
1131,14030109,582,1355,2,1197501,236000,2159002
1131,14030109,582,610,2,424412,33000,815824
1131,14030109,582,455,2,1215134,154000,2276268
1132,14030109,532,734,1,851389,1000,850389
1132,14030109,532,865,3,143571,14000,416713
1132,14030109,532,985,3,940783,177000,2645349
1132,14030109,532,1355,3,1197501,264000,3328503
1132,14030109,532,248,1,1347785,5000,1342785
1132,14030109,532,489,2,679026,110000,1248052
1132,14030109,532,1313,2,1013322,140000,1886644
1132,14030109,532,1930,2,115539,18000,213078
1132,14030109,532,455,1,1215134,94000,1121134
1133,14030109,230,1930,1,115539,0,115539
1133,14030109,230,610,1,424412,1000,423412
1133,14030109,230,865,5,143571,36000,681855
1133,14030109,230,1313,8,1013322,440000,7666576
1134,14030109,155,455,3,1215134,69000,3576402
1134,14030109,155,610,1,424412,33000,391412
1134,14030109,155,865,4,143571,19000,555284
1135,14030109,532,865,1,143571,12000,131571
1136,14030109,70,865,7,143571,150000,854997
1136,14030109,70,1355,2,1197501,460000,1935002
1136,14030109,70,1930,2,115539,41000,190078
1136,14030109,70,1861,3,1313426,425000,3515278
1137,14030109,532,865,3,143571,23000,407713
1137,14030109,532,1355,1,1197501,9000,1188501
1137,14030109,532,749,2,1451605,88000,2815210
1137,14030109,532,1930,2,115539,9000,222078
1137,14030109,532,211,2,1279953,89000,2470906
1138,14030109,476,455,4,1215134,171000,4689536
1139,14030109,532,865,1,143571,14000,129571
1139,14030109,532,1930,2,115539,8000,223078
1139,14030109,532,610,3,424412,86000,1187236
1139,14030109,532,1355,6,1197501,102000,7083006
1139,14030109,532,2237,2,213629,33000,394258
1139,14030109,532,985,1,940783,6000,934783
1139,14030109,532,248,3,1347785,148000,3895355
1139,14030109,532,734,1,851389,48000,803389
1139,14030109,532,1128,2,1189842,161000,2218684
1140,14030109,262,865,1,143571,25000,118571
1140,14030109,262,610,1,424412,70000,354412
1140,14030109,262,1355,1,1197501,133000,1064501
1140,14030109,262,1017,1,791515,123000,668515
1140,14030109,262,1313,1,1013322,127000,886322
1140,14030109,262,248,2,1347785,538000,2157570
1140,14030109,262,1930,1,115539,22000,93539
1141,14030111,533,865,4,143571,54000,520284
1141,14030111,533,1930,4,115539,43000,419156
1142,14030111,262,865,2,143571,52000,235142
1142,14030111,262,1355,1,1197501,161000,1036501
1143,14030111,532,865,2,143571,25000,262142
1143,14030111,532,734,4,851389,242000,3163556
1144,14030111,532,865,2,143571,22000,265142
1144,14030111,532,455,2,1215134,29000,2401268
1144,14030111,532,1355,1,1197501,16000,1181501
1144,14030111,532,749,3,1451605,11000,4343815
1144,14030111,532,1930,2,115539,8000,223078
1144,14030111,532,248,2,1347785,23000,2672570
1144,14030111,532,1313,1,1013322,101000,912322
1145,14030111,532,865,2,143571,22000,265142
1145,14030111,532,455,7,1215134,546000,7959938
1145,14030111,532,1355,3,1197501,229000,3363503
1146,14030111,532,455,6,1215134,315000,6975804
1146,14030111,532,865,5,143571,3000,714855
1146,14030111,532,1930,1,115539,1000,114539
1147,14030111,532,865,1,143571,10000,133571
1147,14030111,532,1930,1,115539,10000,105539
1147,14030111,532,734,4,851389,288000,3117556
1148,14030111,532,1930,2,115539,12000,219078
1148,14030111,532,865,1,143571,4000,139571
1148,14030111,532,248,2,1347785,135000,2560570
1149,14030111,532,865,5,143571,11000,706855
1149,14030111,532,1930,2,115539,16000,215078
1149,14030111,532,1355,2,1197501,201000,2194002
1150,14030111,532,1313,3,1013322,8000,3031966
1150,14030111,532,1930,1,115539,7000,108539
1150,14030111,532,248,2,1347785,175000,2520570
1150,14030111,532,2190,3,195918,24000,563754
1150,14030111,532,505,2,403362,40000,766724
1151,14030111,532,865,1,143571,13000,130571
1151,14030111,532,734,2,851389,137000,1565778
1151,14030111,532,248,2,1347785,80000,2615570
1151,14030111,532,1355,1,1197501,7000,1190501
1151,14030111,532,1930,2,115539,11000,220078
1152,14030111,526,865,2,143571,37000,250142
1152,14030111,526,455,3,1215134,632000,3013402
1152,14030111,526,1930,4,115539,91000,371156
1153,14030111,532,865,1,143571,8000,135571
1154,14030111,532,1355,1,1197501,11000,1186501
1154,14030111,532,865,1,143571,5000,138571
1154,14030111,532,1128,2,1189842,59000,2320684
1155,14030111,532,865,1,143571,4000,139571
1155,14030111,532,1930,2,115539,7000,224078
1155,14030111,532,455,3,1215134,181000,3464402
1155,14030111,532,248,2,1347785,134000,2561570
1155,14030111,532,1313,1,1013322,2000,1011322
1155,14030111,532,1355,5,1197501,302000,5685505
1155,14030111,532,1128,6,1189842,153000,6986052
1156,14030112,391,865,2,143571,39000,248142
1156,14030112,391,455,2,1215134,235000,2195268
1157,14030112,532,865,3,143571,18000,412713
1157,14030112,532,455,4,1215134,353000,4507536
1157,14030112,532,1128,3,1189842,130000,3439526
1157,14030112,532,1355,2,1197501,136000,2259002
1158,14030112,532,865,2,143571,21000,266142
1158,14030112,532,248,1,1347785,133000,1214785
1159,14030112,135,865,1,143571,28000,115571
1159,14030112,135,1355,1,1197501,214000,983501
1159,14030112,135,1930,1,115539,22000,93539
1159,14030112,135,455,3,1215134,437000,3208402
1159,14030112,135,248,2,1347785,404000,2291570
1159,14030112,135,610,1,424412,48000,376412
1160,14030112,532,865,2,143571,13000,274142
1160,14030112,532,455,2,1215134,125000,2305268
1160,14030112,532,1930,1,115539,7000,108539
1160,14030112,532,1355,1,1197501,118000,1079501
1161,14030112,472,455,1,1215134,101000,1114134
1161,14030112,472,865,3,143571,44000,386713
1161,14030112,472,734,3,851389,204000,2350167
1161,14030112,472,678,3,593703,154000,1627109
1161,14030112,472,1128,2,1189842,352000,2027684
1162,14030112,532,1930,2,115539,0,231078
1162,14030112,532,825,2,1135530,219000,2052060
1162,14030112,532,865,3,143571,33000,397713
1162,14030112,532,455,2,1215134,175000,2255268
1162,14030112,532,106,2,1003398,34000,1972796
1162,14030112,532,1355,2,1197501,148000,2247002
1163,14030112,532,865,1,143571,9000,134571
1163,14030112,532,248,1,1347785,127000,1220785
1163,14030112,532,610,1,424412,0,424412
1163,14030112,532,2190,1,195918,2000,193918
1163,14030112,532,1355,2,1197501,98000,2297002
1163,14030112,532,1644,3,1064460,293000,2900380
1163,14030112,532,1039,4,81747,24000,302988
1164,14030112,532,865,1,143571,2000,141571
1164,14030112,532,610,1,424412,28000,396412
1165,14030112,305,1128,1,1189842,139000,1050842
1165,14030112,305,865,5,143571,96000,621855
1165,14030112,305,1861,1,1313426,232000,1081426
1165,14030112,305,248,3,1347785,664000,3379355
1165,14030112,305,610,2,424412,136000,712824
1166,14030112,500,1128,1,1189842,66000,1123842
1166,14030112,500,2237,1,213629,20000,193629
1166,14030112,500,865,1,143571,4000,139571
1167,14030112,532,1355,3,1197501,113000,3479503
1167,14030112,532,865,1,143571,13000,130571
1167,14030112,532,734,3,851389,69000,2485167
1168,14030112,555,865,2,143571,10000,277142
1168,14030112,555,1128,8,1189842,778000,8740736
1169,14030113,489,865,1,143571,18000,125571
1169,14030113,489,1355,3,1197501,483000,3109503
1169,14030113,489,1290,2,1054599,265000,1844198
1169,14030113,489,455,2,1215134,292000,2138268
1169,14030113,489,1715,2,1717194,663000,2771388
1169,14030113,489,505,2,403362,91000,715724
1169,14030113,489,1039,2,81747,25000,138494
1170,14030113,532,865,2,143571,15000,272142
1170,14030113,532,455,2,1215134,174000,2256268
1171,14030113,532,865,3,143571,0,430713
1171,14030113,532,734,2,851389,158000,1544778
1172,14030113,262,1930,5,115539,108000,469695
1172,14030113,262,1355,2,1197501,287000,2108002
1172,14030113,262,1644,6,1064460,843000,5543760
1172,14030113,262,2237,2,213629,81000,346258
1173,14030113,367,865,2,143571,44000,243142
1173,14030113,367,1128,3,1189842,691000,2878526
1174,14030113,532,865,1,143571,12000,131571
1174,14030113,532,248,10,1347785,535000,12942850
1174,14030113,532,734,2,851389,159000,1543778
1174,14030113,532,1644,6,1064460,591000,5795760
1174,14030113,532,1355,4,1197501,4000,4786004
1174,14030113,532,610,2,424412,9000,839824
1174,14030113,532,1313,8,1013322,230000,7876576
1175,14030113,532,865,2,143571,14000,273142
1175,14030113,532,734,5,851389,362000,3894945
1175,14030113,532,248,2,1347785,51000,2644570
1175,14030113,532,1313,1,1013322,16000,997322
1175,14030113,532,678,2,593703,30000,1157406
1175,14030113,532,1644,1,1064460,78000,986460
1175,14030113,532,412,3,1558019,265000,4409057
1175,14030113,532,1355,3,1197501,63000,3529503
1175,14030113,532,489,3,679026,104000,1933078
1176,14030113,532,505,2,403362,14000,792724
1176,14030113,532,865,1,143571,4000,139571
1177,14030113,532,865,1,143571,3000,140571
1177,14030113,532,1355,3,1197501,342000,3250503
1177,14030113,532,455,1,1215134,87000,1128134
1178,14030113,44,1355,2,1197501,405000,1990002
1179,14030113,532,1355,1,1197501,36000,1161501
1179,14030113,532,865,2,143571,14000,273142
1180,14030113,532,865,3,143571,13000,417713
1180,14030113,532,1644,1,1064460,97000,967460
1180,14030113,532,610,1,424412,26000,398412
1180,14030113,532,1313,1,1013322,13000,1000322
1180,14030113,532,1355,1,1197501,89000,1108501
1180,14030113,532,248,2,1347785,179000,2516570
1181,14030113,274,865,1,143571,10000,133571
1181,14030113,274,1039,4,81747,2000,324988
1181,14030113,274,1861,2,1313426,184000,2442852
1182,14030113,34,865,2,143571,1000,286142
1182,14030113,34,1828,2,1638180,165000,3111360
1183,14030113,533,248,1,1347785,111000,1236785
1183,14030113,533,865,2,143571,17000,270142
1183,14030113,533,1355,1,1197501,129000,1068501
1183,14030113,533,1492,1,1754440,177000,1577440
1183,14030113,533,1644,3,1064460,304000,2889380
1184,14030114,533,2364,1,329450,31000,298450
1184,14030114,533,865,3,143571,52000,378713
1184,14030114,533,1355,1,1197501,157000,1040501
1184,14030114,533,248,3,1347785,435000,3608355
1185,14030114,391,1355,1,1197501,67000,1130501
1186,14030114,436,865,5,143571,4000,713855
1186,14030114,436,734,5,851389,13000,4243945
1186,14030114,436,1355,2,1197501,184000,2211002
1186,14030114,436,1017,3,791515,232000,2142545
1186,14030114,436,455,2,1215134,102000,2328268
1186,14030114,436,2237,9,213629,73000,1849661
1186,14030114,436,1313,4,1013322,367000,3686288
1186,14030114,436,2190,1,195918,13000,182918
1186,14030114,436,505,2,403362,43000,763724
1186,14030114,436,1930,2,115539,8000,223078
1187,14030114,532,865,2,143571,15000,272142
1187,14030114,532,1930,3,115539,7000,339617
1187,14030114,532,455,1,1215134,2000,1213134
1188,14030114,532,865,2,143571,15000,272142
1188,14030114,532,1290,2,1054599,173000,1936198
1188,14030114,532,678,1,593703,20000,573703
1189,14030114,532,865,5,143571,52000,665855
1189,14030114,532,1039,1,81747,6000,75747
1189,14030114,532,610,2,424412,65000,783824
1190,14030114,339,1128,1,1189842,24000,1165842
1190,14030114,339,1644,1,1064460,3000,1061460
1190,14030114,339,865,2,143571,20000,267142
1190,14030114,339,1355,1,1197501,88000,1109501
1190,14030114,339,1930,2,115539,5000,226078
1190,14030114,339,505,1,403362,34000,369362
1190,14030114,339,475,1,737101,37000,700101
1190,14030114,339,248,1,1347785,109000,1238785
1191,14030114,532,610,1,424412,25000,399412
1191,14030114,532,865,2,143571,9000,278142
1191,14030114,532,1313,1,1013322,14000,999322
1191,14030114,532,1355,2,1197501,52000,2343002
1191,14030114,532,1930,1,115539,0,115539
1192,14030114,253,865,2,143571,40000,247142
1192,14030114,253,1930,2,115539,45000,186078
1192,14030114,253,610,5,424412,354000,1768060
1192,14030114,253,734,3,851389,336000,2218167
1192,14030114,253,1355,2,1197501,275000,2120002
1192,14030114,253,1644,1,1064460,186000,878460
1192,14030114,253,455,2,1215134,449000,1981268
1192,14030114,253,2190,1,195918,33000,162918
1193,14030114,480,865,5,143571,76000,641855
1193,14030114,480,1313,6,1013322,642000,5437932
1193,14030114,480,1930,1,115539,8000,107539
1193,14030114,480,1355,1,1197501,137000,1060501
1193,14030114,480,734,5,851389,573000,3683945
1193,14030114,480,1128,1,1189842,145000,1044842
1193,14030114,480,1265,1,1070719,82000,988719
1194,14030114,532,865,2,143571,25000,262142
1194,14030114,532,1355,1,1197501,91000,1106501
1194,14030114,532,455,3,1215134,203000,3442402
1194,14030114,532,1128,2,1189842,206000,2173684
1194,14030114,532,1930,1,115539,11000,104539
1195,14030114,527,865,5,143571,140000,577855
1196,14030114,532,865,10,143571,68000,1367710
1196,14030114,532,1355,1,1197501,72000,1125501
1197,14030114,532,865,5,143571,39000,678855
1197,14030114,532,1355,3,1197501,136000,3456503
1197,14030114,532,1930,2,115539,8000,223078
1198,14030114,532,610,2,424412,42000,806824
1198,14030114,532,1355,1,1197501,117000,1080501
1198,14030114,532,865,2,143571,24000,263142
1199,14030114,532,865,1,143571,5000,138571
1199,14030114,532,1355,2,1197501,52000,2343002
1199,14030114,532,610,1,424412,11000,413412
1199,14030114,532,455,5,1215134,351000,5724670
1199,14030114,532,1930,2,115539,3000,228078
1199,14030114,532,1313,1,1013322,38000,975322
1199,14030114,532,734,3,851389,127000,2427167
1199,14030114,532,505,2,403362,55000,751724
1200,14030114,533,865,3,143571,63000,367713
1200,14030114,533,1116,2,1521349,301000,2741698
1200,14030114,533,455,1,1215134,157000,1058134
1201,14030114,13,865,3,143571,42000,388713
1201,14030114,13,749,2,1451605,162000,2741210
1202,14030114,500,865,3,143571,40000,390713
1203,14030114,532,1355,3,1197501,148000,3444503
1203,14030114,532,865,3,143571,9000,421713
1203,14030114,532,734,3,851389,2000,2552167
1203,14030114,532,2190,2,195918,14000,377836
1203,14030114,532,455,2,1215134,162000,2268268
1204,14030115,140,865,2,143571,14000,273142
1204,14030115,140,1715,2,1717194,175000,3259388
1204,14030115,140,455,2,1215134,188000,2242268
1205,14030115,532,865,2,143571,23000,264142
1205,14030115,532,1116,1,1521349,22000,1499349
1205,14030115,532,1930,1,115539,6000,109539
1205,14030115,532,734,3,851389,68000,2486167
1205,14030115,532,248,1,1347785,50000,1297785
1205,14030115,532,455,2,1215134,137000,2293268
1206,14030115,532,865,1,143571,9000,134571
1206,14030115,532,62,3,1529891,300000,4289673
1206,14030115,532,1715,4,1717194,521000,6347776
1206,14030115,532,1355,1,1197501,45000,1152501
1206,14030115,532,610,2,424412,4000,844824
1206,14030115,532,455,1,1215134,20000,1195134
1206,14030115,532,1128,3,1189842,201000,3368526
1206,14030115,532,1290,2,1054599,8000,2101198
1207,14030115,500,865,4,143571,50000,524284
1207,14030115,500,455,2,1215134,11000,2419268
1207,14030115,500,248,1,1347785,124000,1223785
1208,14030115,582,865,2,143571,0,287142
1208,14030115,582,455,5,1215134,191000,5884670
1208,14030115,582,1265,6,1070719,377000,6047314
1208,14030115,582,1355,3,1197501,256000,3336503
1208,14030115,582,1930,1,115539,0,115539
1208,14030115,582,106,1,1003398,24000,979398
1208,14030115,582,1644,3,1064460,124000,3069380
1208,14030115,582,1017,4,791515,105000,3061060
1209,14030115,578,865,1,143571,21000,122571
1209,14030115,578,2190,3,195918,58000,529754
1209,14030115,578,985,7,940783,364000,6221481
1209,14030115,578,2237,2,213629,57000,370258
1209,14030115,578,1930,1,115539,14000,101539
1209,14030115,578,455,6,1215134,653000,6637804
1210,14030115,532,865,1,143571,3000,140571
1210,14030115,532,248,9,1347785,595000,11535065
1210,14030115,532,1313,1,1013322,95000,918322
1210,14030115,532,1930,2,115539,15000,216078
1210,14030115,532,62,2,1529891,26000,3033782
1210,14030115,532,734,2,851389,135000,1567778
1211,14030115,403,865,1,143571,16000,127571
1211,14030115,403,455,3,1215134,595000,3050402
1211,14030115,403,1128,3,1189842,469000,3100526
1211,14030115,403,1930,1,115539,11000,104539
1211,14030115,403,1355,1,1197501,162000,1035501
1211,14030115,403,610,1,424412,48000,376412
1212,14030115,192,1930,2,115539,12000,219078
1212,14030115,192,455,2,1215134,6000,2424268
1212,14030115,192,865,1,143571,1000,142571
1213,14030115,472,865,1,143571,12000,131571
1213,14030115,472,1128,1,1189842,105000,1084842
1213,14030115,472,678,1,593703,83000,510703
1213,14030115,472,455,4,1215134,718000,4142536
1213,14030115,472,248,2,1347785,180000,2515570
1214,14030115,532,865,1,143571,4000,139571
1214,14030115,532,1313,2,1013322,12000,2014644
1214,14030115,532,455,2,1215134,102000,2328268
1214,14030115,532,2190,2,195918,3000,388836
1215,14030115,412,1355,1,1197501,134000,1063501
1215,14030115,412,865,2,143571,19000,268142
1215,14030115,412,106,1,1003398,80000,923398
1216,14030115,532,1930,3,115539,11000,335617
1216,14030115,532,1644,1,1064460,86000,978460
1216,14030115,532,1313,4,1013322,394000,3659288
1216,14030115,532,1355,1,1197501,38000,1159501
1216,14030115,532,865,5,143571,14000,703855
1216,14030115,532,734,6,851389,148000,4960334
1216,14030115,532,455,2,1215134,119000,2311268
1217,14030115,532,865,1,143571,5000,138571
1217,14030115,532,1128,3,1189842,140000,3429526
1217,14030115,532,1355,1,1197501,67000,1130501
1217,14030115,532,455,2,1215134,132000,2298268
1217,14030115,532,248,2,1347785,148000,2547570
1218,14030115,523,865,2,143571,49000,238142
1218,14030115,523,455,2,1215134,313000,2117268
1218,14030115,523,1930,2,115539,42000,189078
1218,14030115,523,2190,3,195918,82000,505754
1218,14030115,523,505,2,403362,131000,675724
1218,14030115,523,1355,1,1197501,198000,999501
1218,14030115,523,475,3,737101,395000,1816303
1218,14030115,523,2237,1,213629,42000,171629
1219,14030115,532,865,5,143571,49000,668855
1219,14030115,532,1930,2,115539,18000,213078
1219,14030115,532,1861,1,1313426,117000,1196426
1219,14030115,532,1715,2,1717194,219000,3215388
1219,14030115,532,1355,1,1197501,92000,1105501
1220,14030115,532,455,1,1215134,78000,1137134
1220,14030115,532,865,1,143571,14000,129571
1220,14030115,532,610,2,424412,33000,815824
1220,14030115,532,1355,3,1197501,346000,3246503
1220,14030115,532,1930,2,115539,0,231078
1221,14030115,524,734,2,851389,173000,1529778
1221,14030115,524,865,2,143571,30000,257142
1221,14030115,524,610,2,424412,75000,773824
1222,14030115,532,865,2,143571,14000,273142
1222,14030115,532,1355,1,1197501,2000,1195501
1222,14030115,532,1930,1,115539,4000,111539
1222,14030115,532,455,6,1215134,84000,7206804
1222,14030115,532,734,5,851389,60000,4196945
1222,14030115,532,1313,1,1013322,46000,967322
1223,14030115,51,865,2,143571,13000,274142
1223,14030115,51,455,2,1215134,169000,2261268
1223,14030115,51,1355,1,1197501,35000,1162501
1224,14030116,402,865,3,143571,27000,403713
1225,14030116,254,865,1,143571,9000,134571
1225,14030116,254,505,1,403362,42000,361362
1225,14030116,254,1644,6,1064460,467000,5919760
1225,14030116,254,211,2,1279953,175000,2384906
1225,14030116,254,678,2,593703,110000,1077406
1225,14030116,254,1861,1,1313426,146000,1167426
1225,14030116,254,1930,1,115539,12000,103539
1225,14030116,254,455,1,1215134,146000,1069134
1225,14030116,254,1355,1,1197501,149000,1048501
1225,14030116,254,1128,3,1189842,200000,3369526
1226,14030116,532,865,4,143571,10000,564284
1226,14030116,532,455,1,1215134,55000,1160134
1227,14030116,265,1715,4,1717194,362000,6506776
1227,14030116,265,865,2,143571,17000,270142
1228,14030116,499,1930,3,115539,21000,325617
1228,14030116,499,865,3,143571,30000,400713
1228,14030116,499,1355,1,1197501,73000,1124501
1228,14030116,499,248,1,1347785,18000,1329785
1229,14030116,439,865,1,143571,2000,141571
1230,14030116,532,865,1,143571,5000,138571
1230,14030116,532,1930,1,115539,7000,108539
1230,14030116,532,1116,2,1521349,196000,2846698
1230,14030116,532,678,10,593703,329000,5608030
1231,14030116,532,865,1,143571,4000,139571
1231,14030116,532,1017,2,791515,8000,1575030
1231,14030116,532,1313,1,1013322,0,1013322
1231,14030116,532,1116,1,1521349,124000,1397349
1232,14030116,532,865,2,143571,14000,273142
1232,14030116,532,1128,2,1189842,98000,2281684
1232,14030116,532,1930,3,115539,16000,330617
1232,14030116,532,1290,1,1054599,3000,1051599
1232,14030116,532,1355,3,1197501,104000,3488503
1232,14030116,532,455,1,1215134,65000,1150134
1232,14030116,532,734,1,851389,38000,813389
1232,14030116,532,1313,3,1013322,232000,2807966
1232,14030116,532,1644,2,1064460,24000,2104920
1233,14030116,508,865,3,143571,56000,374713
1234,14030116,532,865,3,143571,23000,407713
1235,14030116,468,865,1,143571,11000,132571
1235,14030116,468,1930,3,115539,10000,336617
1235,14030116,468,1355,10,1197501,538000,11437010
1235,14030116,468,455,2,1215134,241000,2189268
1235,14030116,468,629,3,1515429,107000,4439287
1235,14030116,468,62,3,1529891,269000,4320673
1235,14030116,468,248,1,1347785,95000,1252785
1235,14030116,468,2314,2,1045095,34000,2056190
1235,14030116,468,610,1,424412,8000,416412
1236,14030116,532,1355,1,1197501,42000,1155501
1236,14030116,532,865,1,143571,7000,136571
1236,14030116,532,1644,1,1064460,74000,990460
1237,14030116,532,865,1,143571,12000,131571
1237,14030116,532,2095,1,384292,36000,348292
1238,14030116,532,865,5,143571,71000,646855
1238,14030116,532,455,4,1215134,61000,4799536
1238,14030116,532,1355,4,1197501,119000,4671004
1238,14030116,532,610,3,424412,105000,1168236
1238,14030116,532,1930,3,115539,23000,323617
1239,14030116,532,865,2,143571,12000,275142
1239,14030116,532,1355,2,1197501,210000,2185002
1239,14030116,532,1930,1,115539,5000,110539
1240,14030116,155,1116,5,1521349,280000,7326745
1240,14030116,155,1355,6,1197501,235000,6950006
1240,14030116,155,865,1,143571,11000,132571
1241,14030116,532,865,3,143571,19000,411713
1241,14030116,532,248,2,1347785,96000,2599570
1241,14030116,532,734,1,851389,45000,806389
1241,14030116,532,1355,1,1197501,51000,1146501
1241,14030116,532,1930,1,115539,3000,112539
1242,14030116,533,865,2,143571,28000,259142
1242,14030116,533,1930,1,115539,13000,102539
1242,14030116,533,455,1,1215134,72000,1143134
1242,14030116,533,1355,3,1197501,344000,3248503
1242,14030116,533,489,1,679026,92000,587026
1243,14030116,476,865,1,143571,13000,130571
1243,14030116,476,1355,1,1197501,77000,1120501
1244,14030116,532,1861,2,1313426,65000,2561852
1244,14030116,532,1017,1,791515,71000,720515
1244,14030116,532,865,1,143571,5000,138571
1245,14030118,322,865,1,143571,23000,120571
1245,14030118,322,1313,3,1013322,304000,2735966
1245,14030118,322,455,2,1215134,275000,2155268
1245,14030118,322,1861,1,1313426,220000,1093426
1245,14030118,322,1128,1,1189842,201000,988842
1245,14030118,322,1355,3,1197501,714000,2878503
1246,14030118,532,865,1,143571,1000,142571
1246,14030118,532,1930,1,115539,8000,107539
1246,14030118,532,1128,4,1189842,65000,4694368
1247,14030118,479,865,3,143571,5000,425713
1247,14030118,479,455,9,1215134,156000,10780206
1247,14030118,479,248,2,1347785,118000,2577570
1247,14030118,479,1355,3,1197501,225000,3367503
1247,14030118,479,1715,1,1717194,70000,1647194
1248,14030118,532,1930,1,115539,8000,107539
1248,14030118,532,865,2,143571,11000,276142
1248,14030118,532,1017,6,791515,149000,4600090
1248,14030118,532,248,1,1347785,37000,1310785
1248,14030118,532,455,1,1215134,67000,1148134
1249,14030118,532,865,2,143571,22000,265142
1249,14030118,532,455,2,1215134,73000,2357268
1249,14030118,532,1355,2,1197501,122000,2273002
1249,14030118,532,505,3,403362,35000,1175086
1250,14030118,68,455,4,1215134,464000,4396536
1250,14030118,68,1355,2,1197501,27000,2368002
1251,14030118,221,455,2,1215134,128000,2302268
1251,14030118,221,865,7,143571,99000,905997
1251,14030118,221,1355,5,1197501,79000,5908505
1252,14030118,70,865,2,143571,50000,237142
1252,14030118,70,725,6,1520368,1614000,7508208
1252,14030118,70,455,1,1215134,129000,1086134
1253,14030118,179,1039,3,81747,36000,209241
1253,14030118,179,1930,2,115539,34000,197078
1254,14030118,536,1355,3,1197501,29000,3563503
1254,14030118,536,865,2,143571,17000,270142
1254,14030118,536,1313,1,1013322,31000,982322
1255,14030118,532,1017,2,791515,61000,1522030
1255,14030118,532,865,2,143571,23000,264142
1255,14030118,532,1861,2,1313426,17000,2609852
1255,14030118,532,455,2,1215134,177000,2253268
1255,14030118,532,1644,3,1064460,18000,3175380
1255,14030118,532,1355,1,1197501,52000,1145501
1255,14030118,532,610,2,424412,51000,797824
1256,14030118,500,1355,3,1197501,266000,3326503
1256,14030118,500,865,1,143571,10000,133571
1256,14030118,500,610,3,424412,20000,1253236
1257,14030118,533,865,3,143571,28000,402713
1257,14030118,533,455,1,1215134,155000,1060134
1257,14030118,533,1930,1,115539,16000,99539
1257,14030118,533,505,3,403362,64000,1146086
1257,14030118,533,1355,3,1197501,277000,3315503
1258,14030118,532,865,1,143571,6000,137571
1258,14030118,532,734,2,851389,62000,1640778
1258,14030118,532,455,1,1215134,12000,1203134
1258,14030118,532,1930,2,115539,16000,215078
1259,14030118,532,865,2,143571,1000,286142
1259,14030118,532,1644,4,1064460,104000,4153840
1259,14030118,532,1128,2,1189842,91000,2288684
1260,14030119,391,865,4,143571,60000,514284
1260,14030119,391,455,5,1215134,753000,5322670
1260,14030119,391,2190,2,195918,32000,359836
1260,14030119,391,734,2,851389,207000,1495778
1260,14030119,391,1715,1,1717194,99000,1618194
1260,14030119,391,1313,1,1013322,101000,912322
1260,14030119,391,1355,4,1197501,325000,4465004
1260,14030119,391,248,3,1347785,598000,3445355
1260,14030119,391,1128,6,1189842,406000,6733052
1261,14030119,532,1355,1,1197501,101000,1096501
1261,14030119,532,505,1,403362,22000,381362
1261,14030119,532,865,1,143571,2000,141571
1261,14030119,532,1644,2,1064460,64000,2064920
1262,14030119,532,1355,2,1197501,141000,2254002
1262,14030119,532,734,2,851389,131000,1571778
1262,14030119,532,1930,1,115539,10000,105539
1262,14030119,532,865,3,143571,10000,420713
1262,14030119,532,1128,1,1189842,48000,1141842
1263,14030119,514,1930,1,115539,15000,100539
1263,14030119,514,865,4,143571,83000,491284
1263,14030119,514,1355,1,1197501,138000,1059501
1264,14030119,532,865,2,143571,6000,281142
1264,14030119,532,1128,2,1189842,14000,2365684
1264,14030119,532,455,10,1215134,864000,11287340
1264,14030119,532,2237,4,213629,44000,810516
1264,14030119,532,1355,3,1197501,133000,3459503
1265,14030119,532,865,1,143571,11000,132571
1265,14030119,532,1265,1,1070719,60000,1010719
1265,14030119,532,1355,2,1197501,230000,2165002
1265,14030119,532,1930,1,115539,3000,112539
1265,14030119,532,610,3,424412,93000,1180236
1265,14030119,532,1116,1,1521349,41000,1480349
1265,14030119,532,1313,1,1013322,20000,993322
1265,14030119,532,455,3,1215134,213000,3432402
1266,14030119,105,865,1,143571,6000,137571
1266,14030119,105,734,2,851389,91000,1611778
1266,14030119,105,1039,6,81747,10000,480482
1267,14030119,105,865,1,143571,1000,142571
1267,14030119,105,1355,1,1197501,82000,1115501
1267,14030119,105,1313,3,1013322,211000,2828966
1267,14030119,105,734,1,851389,71000,780389
1268,14030119,532,865,1,143571,3000,140571
1268,14030119,532,248,1,1347785,69000,1278785
1268,14030119,532,1355,2,1197501,62000,2333002
1268,14030119,532,455,9,1215134,33000,10903206
1269,14030119,519,865,1,143571,13000,130571
1269,14030119,519,1644,3,1064460,204000,2989380
1269,14030119,519,1355,1,1197501,159000,1038501
1270,14030119,532,1128,1,1189842,98000,1091842
1270,14030119,532,1355,1,1197501,75000,1122501
1270,14030119,532,865,2,143571,16000,271142
1270,14030119,532,1930,1,115539,9000,106539
1270,14030119,532,489,1,679026,4000,675026
1270,14030119,532,248,4,1347785,239000,5152140
1270,14030119,532,610,3,424412,42000,1231236
1270,14030119,532,1861,1,1313426,60000,1253426
1270,14030119,532,455,1,1215134,69000,1146134
1271,14030119,532,865,1,143571,0,143571
1271,14030119,532,455,2,1215134,41000,2389268
1271,14030119,532,1930,1,115539,2000,113539
1271,14030119,532,1355,1,1197501,105000,1092501
1271,14030119,532,610,1,424412,26000,398412
1271,14030119,532,505,1,403362,11000,392362
1272,14030119,472,865,1,143571,19000,124571
1273,14030119,391,865,2,143571,37000,250142
1273,14030119,391,1930,3,115539,51000,295617
1273,14030119,391,2190,3,195918,50000,537754
1273,14030119,391,1116,2,1521349,299000,2743698
1273,14030119,391,455,5,1215134,609000,5466670
1274,14030119,532,865,1,143571,4000,139571
1274,14030119,532,2190,1,195918,17000,178918
1274,14030119,532,455,3,1215134,21000,3624402
1274,14030119,532,475,9,737101,351000,6282909
1275,14030119,532,865,10,143571,139000,1296710
1275,14030119,532,455,1,1215134,79000,1136134
1275,14030119,532,248,1,1347785,110000,1237785
1275,14030119,532,1116,5,1521349,42000,7564745
1275,14030119,532,734,10,851389,186000,8327890
1275,14030119,532,1355,3,1197501,286000,3306503
1276,14030119,532,865,3,143571,36000,394713
1276,14030119,532,248,1,1347785,79000,1268785
1276,14030119,532,1128,3,1189842,249000,3320526
1276,14030119,532,1715,5,1717194,24000,8561970
1277,14030119,532,865,5,143571,40000,677855
1277,14030119,532,1355,2,1197501,45000,2350002
1277,14030119,532,610,8,424412,299000,3096296
1277,14030119,532,1265,2,1070719,66000,2075438
1277,14030119,532,2190,1,195918,4000,191918
1278,14030120,532,865,5,143571,14000,703855
1279,14030120,447,1930,3,115539,31000,315617
1279,14030120,447,825,3,1135530,110000,3296590
1280,14030120,532,865,2,143571,26000,261142
1281,14030120,447,865,3,143571,37000,393713
1281,14030120,447,2442,6,1233012,276000,7122072
1281,14030120,447,455,5,1215134,240000,5835670
1281,14030120,447,1313,1,1013322,15000,998322
1281,14030120,447,1355,5,1197501,474000,5513505
1282,14030120,442,865,2,143571,33000,254142
1282,14030120,442,505,6,403362,409000,2011172
1282,14030120,442,1930,5,115539,103000,474695
1282,14030120,442,1644,1,1064460,169000,895460
1282,14030120,442,1355,2,1197501,270000,2125002
1282,14030120,442,2190,3,195918,114000,473754
1282,14030120,442,412,5,1558019,1084000,6706095
1282,14030120,442,455,9,1215134,2149000,8787206
1283,14030120,533,865,2,143571,40000,247142
1284,14030120,34,865,1,143571,8000,135571
1284,14030120,34,455,3,1215134,86000,3559402
1284,14030120,34,2237,8,213629,28000,1681032
1284,14030120,34,1930,4,115539,4000,458156
1284,14030120,34,1290,3,1054599,202000,2961797
1284,14030120,34,1355,4,1197501,213000,4577004
1284,14030120,34,505,1,403362,10000,393362
1284,14030120,34,1313,1,1013322,26000,987322
1285,14030120,532,865,1,143571,5000,138571
1285,14030120,532,2237,3,213629,62000,578887
1286,14030120,532,865,2,143571,10000,277142
1286,14030120,532,1116,2,1521349,30000,3012698
1286,14030120,532,1128,2,1189842,205000,2174684
1286,14030120,532,1861,2,1313426,180000,2446852
1286,14030120,532,1355,1,1197501,8000,1189501
1286,14030120,532,734,3,851389,75000,2479167
1286,14030120,532,1930,1,115539,10000,105539
1286,14030120,532,505,1,403362,6000,397362
1287,14030120,391,865,3,143571,45000,385713
1287,14030120,391,248,4,1347785,319000,5072140
1287,14030120,391,1313,2,1013322,225000,1801644
1287,14030120,391,1128,2,1189842,126000,2253684
1288,14030120,533,865,1,143571,19000,124571
1288,14030120,533,1355,1,1197501,72000,1125501
1288,14030120,533,505,2,403362,98000,708724
1288,14030120,533,734,1,851389,62000,789389
1288,14030120,533,1930,1,115539,12000,103539
1288,14030120,533,455,3,1215134,238000,3407402
1289,14030120,533,865,2,143571,31000,256142
1289,14030120,533,1355,1,1197501,62000,1135501
1290,14030120,532,865,3,143571,13000,417713
1290,14030120,532,1355,1,1197501,58000,1139501
1291,14030120,447,865,1,143571,7000,136571
1291,14030120,447,455,1,1215134,107000,1108134
1291,14030120,447,1039,1,81747,3000,78747
1291,14030120,447,1355,1,1197501,55000,1142501
1291,14030120,447,610,1,424412,11000,413412
1292,14030120,476,865,1,143571,4000,139571
1293,14030120,532,865,7,143571,59000,945997
1293,14030120,532,2190,2,195918,32000,359836
1293,14030120,532,1355,3,1197501,150000,3442503
1293,14030120,532,455,2,1215134,210000,2220268
1293,14030120,532,248,2,1347785,237000,2458570
1294,14030120,532,865,1,143571,12000,131571
1294,14030120,532,1355,3,1197501,180000,3412503
1294,14030120,532,412,4,1558019,498000,5734076
1294,14030120,532,1930,2,115539,14000,217078
1295,14030120,532,865,3,143571,7000,423713
1295,14030120,532,734,8,851389,662000,6149112
1296,14030120,533,455,1,1215134,112000,1103134
1296,14030120,533,865,8,143571,107000,1041568
1296,14030120,533,734,10,851389,959000,7554890
1296,14030120,533,825,3,1135530,258000,3148590
1296,14030120,533,610,5,424412,300000,1822060
1296,14030120,533,1313,1,1013322,89000,924322
1297,14030120,386,865,2,143571,53000,234142
1297,14030120,386,2190,2,195918,55000,336836
1298,14030121,532,865,2,143571,21000,266142
1298,14030121,532,455,5,1215134,561000,5514670
1299,14030121,476,865,1,143571,4000,139571
1299,14030121,476,1116,2,1521349,104000,2938698
1299,14030121,476,1355,2,1197501,91000,2304002
1299,14030121,476,610,2,424412,51000,797824
1300,14030121,476,455,2,1215134,168000,2262268
1300,14030121,476,865,1,143571,12000,131571
1301,14030121,12,865,1,143571,25000,118571
1301,14030121,12,1039,5,81747,77000,331735
1301,14030121,12,610,1,424412,77000,347412
1301,14030121,12,1861,1,1313426,168000,1145426
1302,14030121,470,865,2,143571,31000,256142
1302,14030121,470,2190,4,195918,88000,695672
1302,14030121,470,505,7,403362,407000,2416534
1302,14030121,470,1355,3,1197501,456000,3136503
1303,14030121,532,1715,2,1717194,64000,3370388
1303,14030121,532,865,1,143571,11000,132571
1303,14030121,532,610,3,424412,96000,1177236
1303,14030121,532,1128,4,1189842,390000,4369368
1304,14030121,489,865,1,143571,18000,125571
1304,14030121,489,1355,2,1197501,271000,2124002
1304,14030121,489,248,4,1347785,1013000,4378140
1304,14030121,489,455,1,1215134,144000,1071134
1304,14030121,489,1017,3,791515,436000,1938545
1305,14030121,476,865,2,143571,26000,261142
1305,14030121,476,610,3,424412,34000,1239236
1305,14030121,476,1128,3,1189842,180000,3389526
1306,14030121,243,1861,1,1313426,4000,1309426
1306,14030121,243,1355,1,1197501,71000,1126501
1306,14030121,243,865,1,143571,12000,131571
1306,14030121,243,610,2,424412,29000,819824
1306,14030121,243,1116,1,1521349,136000,1385349
1307,14030121,532,610,1,424412,6000,418412
1307,14030121,532,865,2,143571,27000,260142
1307,14030121,532,1355,4,1197501,310000,4480004
1307,14030121,532,1039,2,81747,4000,159494
1307,14030121,532,1128,2,1189842,4000,2375684
1308,14030121,56,865,3,143571,43000,387713
1308,14030121,56,475,5,737101,607000,3078505
1308,14030121,56,734,2,851389,171000,1531778
1308,14030121,56,1355,1,1197501,216000,981501
1308,14030121,56,1861,1,1313426,258000,1055426
1308,14030121,56,455,2,1215134,346000,2084268
1309,14030121,184,865,1,143571,17000,126571
1309,14030121,184,1355,2,1197501,401000,1994002
1309,14030121,184,455,3,1215134,509000,3136402
1309,14030121,184,1313,1,1013322,153000,860322
1310,14030121,532,1355,3,1197501,134000,3458503
1310,14030121,532,865,2,143571,17000,270142
1310,14030121,532,455,1,1215134,13000,1202134
1310,14030121,532,610,1,424412,41000,383412
1310,14030121,532,734,2,851389,146000,1556778
1311,14030121,246,865,3,143571,81000,349713
1311,14030121,246,1930,1,115539,13000,102539
1311,14030121,246,1313,3,1013322,577000,2462966
1312,14030121,532,865,3,143571,25000,405713
1312,14030121,532,610,2,424412,57000,791824
1312,14030121,532,734,2,851389,66000,1636778
1312,14030121,532,248,2,1347785,51000,2644570
1313,14030121,532,865,1,143571,7000,136571
1313,14030121,532,1355,3,1197501,325000,3267503
1313,14030121,532,455,4,1215134,88000,4772536
1313,14030121,532,1644,1,1064460,13000,1051460
1314,14030121,532,734,3,851389,194000,2360167
1314,14030121,532,865,1,143571,9000,134571
1314,14030121,532,2190,1,195918,1000,194918
1315,14030121,532,865,3,143571,13000,417713
1315,14030121,532,455,3,1215134,120000,3525402
1315,14030121,532,1355,1,1197501,35000,1162501
1316,14030121,532,455,2,1215134,229000,2201268
1316,14030121,532,865,1,143571,12000,131571
1316,14030121,532,248,1,1347785,40000,1307785
1316,14030121,532,2237,1,213629,18000,195629
1316,14030121,532,1313,2,1013322,115000,1911644
1317,14030122,507,865,1,143571,10000,133571
1317,14030122,507,725,3,1520368,222000,4339104
1317,14030122,507,455,2,1215134,42000,2388268
1317,14030122,507,1355,2,1197501,1000,2394002
1318,14030122,70,865,3,143571,50000,380713
1318,14030122,70,1355,3,1197501,535000,3057503
1319,14030122,532,455,2,1215134,98000,2332268
1319,14030122,532,865,6,143571,33000,828426
1319,14030122,532,1313,1,1013322,20000,993322
1319,14030122,532,1930,1,115539,0,115539
1319,14030122,532,610,1,424412,35000,389412
1320,14030122,532,865,2,143571,17000,270142
1320,14030122,532,610,1,424412,29000,395412
1320,14030122,532,1644,1,1064460,13000,1051460
1321,14030122,532,1017,2,791515,26000,1557030
1321,14030122,532,455,3,1215134,108000,3537402
1321,14030122,532,1355,1,1197501,87000,1110501
1321,14030122,532,865,2,143571,9000,278142
1322,14030122,499,865,10,143571,49000,1386710
1322,14030122,499,505,4,403362,57000,1556448
1322,14030122,499,455,5,1215134,245000,5830670
1322,14030122,499,1355,1,1197501,87000,1110501
1322,14030122,499,1930,1,115539,8000,107539
1322,14030122,499,211,2,1279953,43000,2516906
1322,14030122,499,248,1,1347785,87000,1260785
1323,14030122,532,1313,4,1013322,103000,3950288
1324,14030122,479,865,1,143571,14000,129571
1324,14030122,479,248,2,1347785,176000,2519570
1324,14030122,479,1355,1,1197501,82000,1115501
1324,14030122,479,1644,2,1064460,100000,2028920
1325,14030122,365,865,2,143571,18000,269142
1325,14030122,365,734,1,851389,56000,795389
1325,14030122,365,1355,2,1197501,64000,2331002
1326,14030122,532,1930,1,115539,9000,106539
1326,14030122,532,865,1,143571,10000,133571
1326,14030122,532,610,1,424412,4000,420412
1326,14030122,532,1313,1,1013322,20000,993322
1326,14030122,532,1355,1,1197501,31000,1166501
1327,14030122,532,1128,1,1189842,83000,1106842
1327,14030122,532,865,1,143571,0,143571
1327,14030122,532,1355,2,1197501,49000,2346002
1327,14030122,532,455,5,1215134,200000,5875670
1327,14030122,532,1930,1,115539,7000,108539
1328,14030122,462,865,3,143571,28000,402713
1328,14030122,462,1930,1,115539,1000,114539
1328,14030122,462,455,2,1215134,175000,2255268
1328,14030122,462,610,1,424412,10000,414412
1328,14030122,462,1290,1,1054599,104000,950599
1328,14030122,462,505,1,403362,7000,396362
1328,14030122,462,1355,1,1197501,34000,1163501
1329,14030122,532,1644,1,1064460,78000,986460
1329,14030122,532,865,1,143571,10000,133571
1329,14030122,532,1355,1,1197501,102000,1095501
1329,14030122,532,610,2,424412,14000,834824
1329,14030122,532,1116,1,1521349,66000,1455349
1329,14030122,532,1017,2,791515,139000,1444030
1329,14030122,532,2237,1,213629,17000,196629
1330,14030122,470,865,2,143571,56000,231142
1330,14030122,470,610,1,424412,58000,366412
1330,14030122,470,1930,4,115539,83000,379156
1331,14030122,442,1355,3,1197501,399000,3193503
1331,14030122,442,610,2,424412,89000,759824
1331,14030122,442,865,5,143571,83000,634855
1331,14030122,442,1644,2,1064460,338000,1790920
1331,14030122,442,2237,3,213629,107000,533887
1332,14030123,532,1930,1,115539,0,115539
1332,14030123,532,865,2,143571,24000,263142
1332,14030123,532,610,7,424412,38000,2932884
1332,14030123,532,455,5,1215134,68000,6007670
1333,14030123,249,610,1,424412,32000,392412
1333,14030123,249,865,1,143571,17000,126571
1333,14030123,249,1128,2,1189842,301000,2078684
1333,14030123,249,771,2,46114,9000,83228
1334,14030123,242,865,2,143571,9000,278142
1334,14030123,242,610,2,424412,59000,789824
1334,14030123,242,1861,1,1313426,86000,1227426
1334,14030123,242,1313,1,1013322,35000,978322
1334,14030123,242,1355,2,1197501,92000,2303002
1334,14030123,242,505,3,403362,67000,1143086
1334,14030123,242,248,8,1347785,58000,10724280
1334,14030123,242,1128,2,1189842,37000,2342684
1334,14030123,242,1930,3,115539,29000,317617
1334,14030123,242,1017,4,791515,23000,3143060
1335,14030123,532,2237,1,213629,20000,193629
1335,14030123,532,865,1,143571,3000,140571
1335,14030123,532,2190,2,195918,15000,376836
1336,14030123,532,865,2,143571,24000,263142
1336,14030123,532,1128,2,1189842,28000,2351684
1336,14030123,532,610,2,424412,55000,793824
1336,14030123,532,1644,1,1064460,43000,1021460
1336,14030123,532,1116,2,1521349,0,3042698
1336,14030123,532,734,2,851389,51000,1651778
1337,14030123,532,1930,1,115539,7000,108539
1337,14030123,532,865,6,143571,31000,830426
1337,14030123,532,1355,1,1197501,26000,1171501
1337,14030123,532,455,2,1215134,136000,2294268
1337,14030123,532,248,2,1347785,127000,2568570
1338,14030123,442,1644,3,1064460,355000,2838380
1338,14030123,442,865,3,143571,52000,378713
1338,14030123,442,248,1,1347785,246000,1101785
1338,14030123,442,825,6,1135530,880000,5933180
1338,14030123,442,1355,2,1197501,407000,1988002
1339,14030123,251,1355,1,1197501,16000,1181501
1340,14030123,394,865,3,143571,26000,404713
1340,14030123,394,610,2,424412,58000,790824
1340,14030123,394,248,5,1347785,601000,6137925
1340,14030123,394,1644,2,1064460,272000,1856920
1340,14030123,394,734,3,851389,155000,2399167
1340,14030123,394,1930,2,115539,32000,199078
1341,14030123,595,865,2,143571,22000,265142
1341,14030123,595,1930,2,115539,15000,216078
1341,14030123,595,1715,6,1717194,138000,10165164
1341,14030123,595,1128,2,1189842,126000,2253684
1341,14030123,595,455,1,1215134,113000,1102134
1341,14030123,595,2237,3,213629,30000,610887
1342,14030123,262,865,2,143571,49000,238142
1342,14030123,262,610,1,424412,58000,366412
1342,14030123,262,1930,2,115539,43000,188078
1343,14030123,523,505,1,403362,79000,324362
1343,14030123,523,865,5,143571,126000,591855
1343,14030123,523,2190,1,195918,38000,157918
1343,14030123,523,455,7,1215134,1235000,7270938
1344,14030123,532,865,3,143571,12000,418713
1344,14030123,532,455,3,1215134,313000,3332402
1344,14030123,532,610,3,424412,119000,1154236
1344,14030123,532,1355,2,1197501,69000,2326002
1344,14030123,532,1930,1,115539,7000,108539
1345,14030125,532,865,6,143571,43000,818426
1345,14030125,532,248,2,1347785,86000,2609570
1345,14030125,532,1313,2,1013322,115000,1911644
1346,14030125,532,1313,3,1013322,86000,2953966
1346,14030125,532,865,3,143571,34000,396713
1346,14030125,532,1128,2,1189842,6000,2373684
1346,14030125,532,1355,1,1197501,80000,1117501
1346,14030125,532,1116,1,1521349,114000,1407349
1346,14030125,532,1290,1,1054599,30000,1024599
1347,14030125,532,865,3,143571,29000,401713
1347,14030125,532,505,1,403362,30000,373362
1347,14030125,532,248,1,1347785,109000,1238785
1348,14030125,532,865,4,143571,42000,532284
1348,14030125,532,1355,4,1197501,355000,4435004
1349,14030125,476,865,1,143571,11000,132571
1349,14030125,476,1930,3,115539,9000,337617
1349,14030125,476,1355,2,1197501,221000,2174002
1349,14030125,476,610,1,424412,40000,384412
1349,14030125,476,1313,7,1013322,221000,6872254
1350,14030125,249,248,1,1347785,101000,1246785
1350,14030125,249,865,2,143571,36000,251142
1350,14030125,249,106,4,1003398,533000,3480592
1350,14030125,249,1128,5,1189842,716000,5233210
1350,14030125,249,1355,2,1197501,300000,2095002
1351,14030125,532,865,2,143571,22000,265142
1351,14030125,532,1313,6,1013322,178000,5901932
1351,14030125,532,505,1,403362,27000,376362
1351,14030125,532,1355,1,1197501,20000,1177501
1351,14030125,532,1930,2,115539,8000,223078
1352,14030125,532,865,2,143571,3000,284142
1352,14030125,532,1355,2,1197501,61000,2334002
1352,14030125,532,1017,1,791515,56000,735515
1352,14030125,532,455,1,1215134,18000,1197134
1353,14030125,532,865,1,143571,13000,130571
1353,14030125,532,2314,2,1045095,138000,1952190
1353,14030125,532,1355,2,1197501,137000,2258002
1353,14030125,532,1930,1,115539,9000,106539
1354,14030125,532,865,1,143571,2000,141571
1354,14030125,532,455,1,1215134,61000,1154134
1354,14030125,532,1128,2,1189842,127000,2252684
1354,14030125,532,610,1,424412,9000,415412
1355,14030125,532,865,1,143571,5000,138571
1355,14030125,532,1930,1,115539,8000,107539
1355,14030125,532,1355,2,1197501,238000,2157002
1356,14030125,532,734,8,851389,5000,6806112
1356,14030125,532,865,2,143571,12000,275142
1356,14030125,532,610,4,424412,104000,1593648
1356,14030125,532,1116,2,1521349,291000,2751698
1356,14030125,532,455,2,1215134,77000,2353268
1356,14030125,532,1128,5,1189842,562000,5387210
1357,14030125,532,865,5,143571,59000,658855
1357,14030125,532,489,1,679026,54000,625026
1357,14030125,532,2237,2,213629,1000,426258
1358,14030125,532,865,1,143571,7000,136571
1358,14030125,532,610,5,424412,35000,2087060
1358,14030125,532,1930,6,115539,37000,656234
1358,14030125,532,1355,1,1197501,7000,1190501
1358,14030125,532,248,4,1347785,228000,5163140
1358,14030125,532,455,3,1215134,355000,3290402
1359,14030125,578,865,2,143571,41000,246142
1359,14030125,578,505,2,403362,67000,739724
1359,14030125,578,248,1,1347785,74000,1273785
1359,14030125,578,1930,3,115539,36000,310617
1359,14030125,578,2190,2,195918,28000,363836
1360,14030125,499,865,1,143571,9000,134571
1360,14030125,499,248,2,1347785,4000,2691570
1360,14030125,499,1930,2,115539,12000,219078
1361,14030125,253,865,2,143571,50000,237142
1361,14030125,253,1128,2,1189842,404000,1975684
1361,14030125,253,455,1,1215134,234000,981134
1361,14030125,253,1116,1,1521349,165000,1356349
1362,14030126,532,1313,1,1013322,66000,947322
1362,14030126,532,865,2,143571,15000,272142
1362,14030126,532,1930,1,115539,4000,111539
1362,14030126,532,1355,3,1197501,196000,3396503
1363,14030126,532,1355,1,1197501,81000,1116501
1363,14030126,532,1644,5,1064460,423000,4899300
1363,14030126,532,505,3,403362,45000,1165086
1363,14030126,532,1930,5,115539,31000,546695
1363,14030126,532,1128,2,1189842,29000,2350684
1363,14030126,532,865,1,143571,8000,135571
1363,14030126,532,1290,2,1054599,199000,1910198
1363,14030126,532,455,1,1215134,90000,1125134
1364,14030126,75,865,2,143571,43000,244142
1364,14030126,75,248,1,1347785,164000,1183785
1364,14030126,75,2190,3,195918,70000,517754
1364,14030126,75,455,1,1215134,218000,997134
1365,14030126,34,865,4,143571,53000,521284
1365,14030126,34,1930,9,115539,47000,992851
1365,14030126,34,1355,2,1197501,69000,2326002
1365,14030126,34,248,1,1347785,13000,1334785
1365,14030126,34,985,3,940783,137000,2685349
1365,14030126,34,455,1,1215134,15000,1200134
1366,14030126,532,1039,4,81747,10000,316988
1366,14030126,532,865,2,143571,17000,270142
1366,14030126,532,1930,1,115539,6000,109539
1366,14030126,532,1355,2,1197501,87000,2308002
1366,14030126,532,455,1,1215134,52000,1163134
1367,14030126,533,865,1,143571,10000,133571
1368,14030126,140,865,2,143571,38000,249142
1368,14030126,140,1290,1,1054599,130000,924599
1368,14030126,140,1313,4,1013322,390000,3663288
1368,14030126,140,1116,2,1521349,205000,2837698
1368,14030126,140,1644,2,1064460,285000,1843920
1369,14030126,242,865,1,143571,7000,136571
1369,14030126,242,505,1,403362,35000,368362
1369,14030126,242,1355,1,1197501,9000,1188501
1369,14030126,242,610,1,424412,21000,403412
1369,14030126,242,248,1,1347785,78000,1269785
1369,14030126,242,455,2,1215134,143000,2287268
1369,14030126,242,1930,4,115539,25000,437156
1370,14030126,241,865,10,143571,211000,1224710
1370,14030126,241,610,3,424412,173000,1100236
1370,14030126,241,1128,1,1189842,210000,979842
1370,14030126,241,1355,2,1197501,361000,2034002
1371,14030126,396,865,2,143571,19000,268142
1371,14030126,396,1355,3,1197501,289000,3303503
1371,14030126,396,734,2,851389,28000,1674778
1372,14030126,237,865,5,143571,119000,598855
1372,14030126,237,1644,6,1064460,1108000,5278760
1372,14030126,237,455,2,1215134,330000,2100268
1373,14030126,532,1313,2,1013322,12000,2014644
1373,14030126,532,1930,1,115539,0,115539
1373,14030126,532,865,1,143571,13000,130571
1374,14030126,533,865,2,143571,27000,260142
1374,14030126,533,1355,1,1197501,177000,1020501
1374,14030126,533,1017,2,791515,210000,1373030
1375,14030126,532,1355,1,1197501,65000,1132501
1375,14030126,532,865,1,143571,9000,134571
1375,14030126,532,1128,1,1189842,77000,1112842
1375,14030126,532,610,1,424412,38000,386412
1375,14030126,532,455,2,1215134,85000,2345268
1376,14030126,476,865,2,143571,14000,273142
1376,14030126,476,455,1,1215134,20000,1195134
1376,14030126,476,1355,1,1197501,22000,1175501
1377,14030126,532,865,3,143571,5000,425713
1377,14030126,532,1930,1,115539,9000,106539
1377,14030126,532,505,3,403362,58000,1152086
1377,14030126,532,489,2,679026,28000,1330052
1378,14030126,532,1017,3,791515,5000,2369545
1378,14030126,532,865,1,143571,8000,135571
1378,14030126,532,248,1,1347785,84000,1263785
1379,14030126,532,1116,2,1521349,17000,3025698
1380,14030126,499,865,1,143571,13000,130571
1380,14030126,499,248,2,1347785,151000,2544570
1380,14030126,499,1930,1,115539,8000,107539
1381,14030126,337,1355,1,1197501,130000,1067501
1381,14030126,337,865,2,143571,57000,230142
1381,14030126,337,1644,4,1064460,498000,3759840
1381,14030126,337,455,3,1215134,583000,3062402
1381,14030126,337,1128,3,1189842,649000,2920526
1382,14030126,143,865,2,143571,21000,266142
1382,14030126,143,1930,3,115539,29000,317617
1383,14030127,519,1861,1,1313426,92000,1221426
1383,14030127,519,865,4,143571,57000,517284
1383,14030127,519,1355,2,1197501,155000,2240002
1384,14030127,442,865,1,143571,25000,118571
1384,14030127,442,455,2,1215134,271000,2159268
1384,14030127,442,610,2,424412,95000,753824
1384,14030127,442,106,2,1003398,366000,1640796
1385,14030127,532,1128,2,1189842,88000,2291684
1385,14030127,532,865,1,143571,7000,136571
1385,14030127,532,749,1,1451605,116000,1335605
1385,14030127,532,1644,3,1064460,121000,3072380
1385,14030127,532,1355,2,1197501,177000,2218002
1386,14030127,140,248,2,1347785,161000,2534570
1386,14030127,140,610,1,424412,41000,383412
1386,14030127,140,865,1,143571,19000,124571
1386,14030127,140,1930,1,115539,15000,100539
1386,14030127,140,1128,3,1189842,460000,3109526
1387,14030127,513,610,1,424412,42000,382412
1387,14030127,513,1355,2,1197501,404000,1991002
1387,14030127,513,1128,1,1189842,162000,1027842
1387,14030127,513,865,1,143571,23000,120571
1387,14030127,513,1039,1,81747,15000,66747
1388,14030127,532,1930,1,115539,3000,112539
1388,14030127,532,865,2,143571,21000,266142
1388,14030127,532,455,2,1215134,190000,2240268
1388,14030127,532,248,2,1347785,99000,2596570
1389,14030127,314,455,1,1215134,37000,1178134
1389,14030127,314,865,1,143571,10000,133571
1389,14030127,314,734,3,851389,218000,2336167
1389,14030127,314,1355,2,1197501,179000,2216002
1389,14030127,314,505,2,403362,56000,750724
1390,14030127,474,865,1,143571,20000,123571
1391,14030127,576,455,6,1215134,368000,6922804
1391,14030127,576,825,1,1135530,73000,1062530
1391,14030127,576,865,5,143571,67000,650855
1392,14030127,90,1355,1,1197501,9000,1188501
1392,14030127,90,865,1,143571,5000,138571
1393,14030127,532,865,2,143571,14000,273142
1393,14030127,532,610,3,424412,76000,1197236
1393,14030127,532,1930,5,115539,47000,530695
1393,14030127,532,248,2,1347785,118000,2577570
1393,14030127,532,1265,1,1070719,70000,1000719
1393,14030127,532,1355,3,1197501,102000,3490503
1393,14030127,532,734,1,851389,51000,800389
1393,14030127,532,455,2,1215134,56000,2374268
1394,14030127,533,865,10,143571,183000,1252710
1394,14030127,533,1930,1,115539,10000,105539
1394,14030127,533,475,2,737101,150000,1324202
1395,14030127,138,865,1,143571,1000,142571
1395,14030127,138,505,5,403362,70000,1946810
1395,14030127,138,1930,6,115539,19000,674234
1396,14030127,532,455,2,1215134,25000,2405268
1396,14030127,532,865,1,143571,4000,139571
1397,14030127,532,865,4,143571,46000,528284
1397,14030127,532,1116,2,1521349,211000,2831698
1397,14030127,532,1290,6,1054599,356000,5971594
1397,14030127,532,1128,3,1189842,270000,3299526
1397,14030127,532,455,6,1215134,334000,6956804
1397,14030127,532,734,2,851389,99000,1603778
1397,14030127,532,1355,1,1197501,13000,1184501
1397,14030127,532,2364,1,329450,20000,309450
1397,14030127,532,1930,9,115539,70000,969851
1398,14030127,532,865,1,143571,13000,130571
1398,14030127,532,1644,2,1064460,2000,2126920
1398,14030127,532,455,3,1215134,90000,3555402
1399,14030127,523,1355,2,1197501,436000,1959002
1399,14030127,523,865,1,143571,27000,116571
1400,14030127,532,1355,1,1197501,107000,1090501
1400,14030127,532,865,2,143571,5000,282142
1401,14030128,532,865,1,143571,8000,135571
1401,14030128,532,1128,1,1189842,12000,1177842
1401,14030128,532,505,5,403362,136000,1880810
1401,14030128,532,455,2,1215134,149000,2281268
1401,14030128,532,734,3,851389,138000,2416167
1401,14030128,532,248,1,1347785,65000,1282785
1402,14030128,532,865,2,143571,28000,259142
1402,14030128,532,1355,4,1197501,416000,4374004
1402,14030128,532,455,2,1215134,239000,2191268
1402,14030128,532,1930,5,115539,16000,561695
1402,14030128,532,2237,1,213629,12000,201629
1403,14030128,532,865,3,143571,20000,410713
1403,14030128,532,2190,2,195918,19000,372836
1404,14030128,166,865,2,143571,5000,282142
1404,14030128,166,248,2,1347785,185000,2510570
1404,14030128,166,1355,1,1197501,25000,1172501
1405,14030128,532,865,1,143571,8000,135571
1405,14030128,532,1355,1,1197501,65000,1132501
1405,14030128,532,1930,1,115539,5000,110539
1405,14030128,532,1128,2,1189842,87000,2292684
1405,14030128,532,1861,2,1313426,55000,2571852
1406,14030128,532,865,1,143571,12000,131571
1406,14030128,532,1355,1,1197501,21000,1176501
1406,14030128,532,1930,1,115539,6000,109539
1406,14030128,532,455,1,1215134,12000,1203134
1406,14030128,532,610,1,424412,10000,414412
1406,14030128,532,2190,2,195918,14000,377836
1407,14030128,476,1355,6,1197501,107000,7078006
1407,14030128,476,865,3,143571,7000,423713
1408,14030128,151,865,10,143571,121000,1314710
1408,14030128,151,1128,2,1189842,171000,2208684
1408,14030128,151,1313,3,1013322,91000,2948966
1408,14030128,151,1715,2,1717194,195000,3239388
1409,14030128,524,865,2,143571,16000,271142
1409,14030128,524,1861,3,1313426,384000,3556278
1409,14030128,524,1313,1,1013322,87000,926322
1410,14030128,532,865,5,143571,18000,699855
1410,14030128,532,1930,1,115539,1000,114539
1410,14030128,532,1355,4,1197501,461000,4329004
1410,14030128,532,248,1,1347785,77000,1270785
1411,14030128,532,865,1,143571,9000,134571
1411,14030128,532,475,2,737101,108000,1366202
1411,14030128,532,1930,4,115539,17000,445156
1411,14030128,532,248,1,1347785,85000,1262785
1411,14030128,532,1355,1,1197501,20000,1177501
1411,14030128,532,1039,3,81747,8000,237241
1412,14030128,532,865,2,143571,24000,263142
1412,14030128,532,610,1,424412,6000,418412
1412,14030128,532,1355,1,1197501,37000,1160501
1412,14030128,532,1930,1,115539,3000,112539
1412,14030128,532,985,2,940783,51000,1830566
1413,14030128,140,865,4,143571,49000,525284
1413,14030128,140,106,2,1003398,137000,1869796
1413,14030128,140,1313,1,1013322,124000,889322
1414,14030128,70,865,5,143571,122000,595855
1414,14030128,70,1930,1,115539,12000,103539
1414,14030128,70,2190,4,195918,121000,662672
1414,14030128,70,1355,1,1197501,167000,1030501
1415,14030128,119,865,1,143571,10000,133571
1415,14030128,119,455,1,1215134,140000,1075134
1415,14030128,119,1290,4,1054599,341000,3877396
1415,14030128,119,1930,1,115539,9000,106539
1415,14030128,119,1355,2,1197501,151000,2244002
1415,14030128,119,734,3,851389,135000,2419167
1416,14030128,533,1644,4,1064460,351000,3906840
1416,14030128,533,865,2,143571,42000,245142
1416,14030128,533,455,2,1215134,187000,2243268
1416,14030128,533,1355,2,1197501,351000,2044002
1416,14030128,533,2237,2,213629,28000,399258
1417,14030128,532,865,2,143571,18000,269142
1417,14030128,532,1355,2,1197501,74000,2321002
1417,14030128,532,505,3,403362,53000,1157086
1418,14030128,532,505,1,403362,12000,391362
1418,14030128,532,865,1,143571,11000,132571
1418,14030128,532,610,2,424412,0,848824
1419,14030128,532,865,5,143571,34000,683855
1419,14030128,532,1355,1,1197501,51000,1146501
1419,14030128,532,455,1,1215134,28000,1187134
1419,14030128,532,1930,1,115539,4000,111539
1419,14030128,532,734,2,851389,95000,1607778
1419,14030128,532,1128,1,1189842,19000,1170842
1419,14030128,532,2190,3,195918,22000,565754
1419,14030128,532,248,1,1347785,35000,1312785
1420,14030128,500,1355,1,1197501,91000,1106501
1420,14030128,500,865,4,143571,46000,528284
1420,14030128,500,629,2,1515429,86000,2944858
1420,14030128,500,1930,3,115539,28000,318617
1421,14030129,532,865,1,143571,4000,139571
1421,14030129,532,455,1,1215134,75000,1140134
1421,14030129,532,2190,1,195918,0,195918
1421,14030129,532,749,1,1451605,14000,1437605
1421,14030129,532,1355,1,1197501,85000,1112501
1422,14030129,532,1930,1,115539,1000,114539
1422,14030129,532,1355,2,1197501,81000,2314002
1422,14030129,532,865,1,143571,11000,132571
1422,14030129,532,1116,10,1521349,705000,14508490
1422,14030129,532,412,3,1558019,154000,4520057
1422,14030129,532,455,3,1215134,346000,3299402
1423,14030129,532,865,3,143571,3000,427713
1423,14030129,532,248,2,1347785,51000,2644570
1424,14030129,532,455,3,1215134,301000,3344402
1424,14030129,532,865,1,143571,11000,132571
1424,14030129,532,1930,1,115539,8000,107539
1424,14030129,532,1644,2,1064460,157000,1971920
1424,14030129,532,1128,3,1189842,186000,3383526
1425,14030129,532,865,1,143571,4000,139571
1425,14030129,532,455,2,1215134,10000,2420268
1425,14030129,532,1355,5,1197501,311000,5676505
1425,14030129,532,2190,1,195918,12000,183918
1425,14030129,532,749,1,1451605,128000,1323605
1425,14030129,532,1930,4,115539,10000,452156
1426,14030129,93,865,2,143571,9000,278142
1426,14030129,93,455,1,1215134,33000,1182134
1427,14030129,533,1039,3,81747,12000,233241
1427,14030129,533,865,1,143571,18000,125571
1428,14030129,532,865,2,143571,10000,277142
1428,14030129,532,1930,1,115539,1000,114539
1428,14030129,532,1861,1,1313426,81000,1232426
1428,14030129,532,1128,5,1189842,593000,5356210
1429,14030129,220,865,1,143571,9000,134571
1429,14030129,220,734,3,851389,202000,2352167
1429,14030129,220,106,1,1003398,23000,980398
1429,14030129,220,455,8,1215134,766000,8955072
1429,14030129,220,1313,3,1013322,244000,2795966
1430,14030129,533,865,1,143571,17000,126571
1430,14030129,533,610,1,424412,26000,398412
1430,14030129,533,489,2,679026,107000,1251052
1431,14030129,533,734,1,851389,58000,793389
1431,14030129,533,865,1,143571,17000,126571
1431,14030129,533,248,1,1347785,179000,1168785
1431,14030129,533,455,1,1215134,79000,1136134
1431,14030129,533,1313,1,1013322,77000,936322
1432,14030129,12,489,1,679026,111000,568026
1432,14030129,12,1313,1,1013322,120000,893322
1432,14030129,12,1715,3,1717194,638000,4513582
1433,14030129,532,865,2,143571,15000,272142
1433,14030129,532,455,1,1215134,63000,1152134
1433,14030129,532,1128,2,1189842,131000,2248684
1433,14030129,532,1355,2,1197501,77000,2318002
1433,14030129,532,610,2,424412,9000,839824
1433,14030129,532,1930,2,115539,1000,230078
1434,14030129,532,2190,1,195918,17000,178918
1434,14030129,532,865,1,143571,6000,137571
1434,14030129,532,1128,1,1189842,67000,1122842
1434,14030129,532,455,3,1215134,239000,3406402
1434,14030129,532,248,1,1347785,49000,1298785
1434,14030129,532,1930,2,115539,1000,230078
1435,14030129,519,1355,1,1197501,118000,1079501
1435,14030129,519,865,4,143571,33000,541284
1435,14030129,519,1861,2,1313426,377000,2249852
1435,14030129,519,248,2,1347785,234000,2461570
1435,14030129,519,455,3,1215134,482000,3163402
1435,14030129,519,1128,1,1189842,64000,1125842
1435,14030129,519,1479,1,1150179,92000,1058179
1435,14030129,519,610,5,424412,309000,1813060
1436,14030129,532,1930,3,115539,18000,328617
1436,14030129,532,865,1,143571,7000,136571
1437,14030129,532,505,2,403362,14000,792724
1437,14030129,532,865,3,143571,17000,413713
1437,14030129,532,455,1,1215134,77000,1138134
1438,14030129,532,865,2,143571,19000,268142
1438,14030129,532,248,4,1347785,89000,5302140
1438,14030129,532,1644,1,1064460,42000,1022460
1438,14030129,532,1355,1,1197501,18000,1179501
1439,14030129,519,455,2,1215134,207000,2223268
1439,14030129,519,1930,1,115539,10000,105539
1439,14030129,519,865,3,143571,40000,390713
1439,14030129,519,1355,3,1197501,398000,3194503
1439,14030129,519,1116,2,1521349,217000,2825698
1439,14030129,519,1128,3,1189842,509000,3060526
1439,14030129,519,248,2,1347785,241000,2454570
1440,14030130,140,865,9,143571,103000,1189139
1440,14030130,140,1930,4,115539,24000,438156
1440,14030130,140,1355,1,1197501,126000,1071501
1441,14030130,155,865,5,143571,11000,706855
1441,14030130,155,455,1,1215134,43000,1172134
1441,14030130,155,1313,2,1013322,47000,1979644
1441,14030130,155,1017,3,791515,21000,2353545
1442,14030130,530,1355,5,1197501,439000,5548505
1442,14030130,530,865,3,143571,34000,396713
1442,14030130,530,610,1,424412,35000,389412
1442,14030130,530,455,2,1215134,140000,2290268
1443,14030130,532,865,2,143571,8000,279142
1443,14030130,532,1313,3,1013322,175000,2864966
1443,14030130,532,610,1,424412,2000,422412
1443,14030130,532,734,3,851389,88000,2466167
1443,14030130,532,1355,3,1197501,149000,3443503
1443,14030130,532,1930,2,115539,0,231078
1444,14030130,532,865,1,143571,4000,139571
1444,14030130,532,455,1,1215134,65000,1150134
1444,14030130,532,610,1,424412,21000,403412
1444,14030130,532,1355,1,1197501,6000,1191501
1444,14030130,532,1644,3,1064460,125000,3068380
1444,14030130,532,489,2,679026,80000,1278052
1445,14030130,532,865,1,143571,4000,139571
1445,14030130,532,1313,1,1013322,13000,1000322
1445,14030130,532,1355,1,1197501,68000,1129501
1445,14030130,532,455,1,1215134,60000,1155134
1446,14030130,532,865,1,143571,1000,142571
1446,14030130,532,1644,2,1064460,103000,2025920
1446,14030130,532,1355,1,1197501,8000,1189501
1447,14030130,532,1355,1,1197501,80000,1117501
1447,14030130,532,865,2,143571,10000,277142
1447,14030130,532,505,1,403362,12000,391362
1447,14030130,532,1930,8,115539,56000,868312
1447,14030130,532,610,9,424412,168000,3651708
1447,14030130,532,455,1,1215134,5000,1210134
1448,14030130,415,865,3,143571,36000,394713
1448,14030130,415,734,1,851389,4000,847389
1448,14030130,415,1128,5,1189842,551000,5398210
1448,14030130,415,985,4,940783,308000,3455132
1449,14030130,532,1355,2,1197501,26000,2369002
1450,14030130,532,865,1,143571,3000,140571
1450,14030130,532,734,2,851389,34000,1668778
1450,14030130,532,985,2,940783,48000,1833566
1450,14030130,532,1861,2,1313426,191000,2435852
1451,14030130,412,455,2,1215134,125000,2305268
1451,14030130,412,734,2,851389,198000,1504778
1452,14030130,532,865,1,143571,4000,139571
1453,14030130,422,865,2,143571,1000,286142
1453,14030130,422,1355,2,1197501,1000,2394002
1453,14030130,422,610,4,424412,3000,1694648
1453,14030130,422,1128,4,1189842,309000,4450368
1455,14030130,532,865,2,143571,13000,274142
1455,14030130,532,1861,5,1313426,14000,6553130
1455,14030130,532,610,1,424412,22000,402412
1456,14030130,532,865,1,143571,2000,141571
1456,14030130,532,1930,2,115539,5000,226078
1456,14030130,532,1355,7,1197501,420000,7962507
1457,14030130,532,610,4,424412,138000,1559648
1457,14030130,532,865,1,143571,7000,136571
1457,14030130,532,1355,1,1197501,18000,1179501
1457,14030130,532,248,4,1347785,354000,5037140
1457,14030130,532,1017,1,791515,30000,761515
1457,14030130,532,455,6,1215134,446000,6844804
1458,14030130,468,1116,1,1521349,36000,1485349
1458,14030130,468,455,1,1215134,117000,1098134
1458,14030130,468,1355,4,1197501,157000,4633004
1458,14030130,468,865,2,143571,5000,282142
1458,14030130,468,248,1,1347785,72000,1275785
1459,14030130,499,505,4,403362,49000,1564448
1459,14030130,499,1930,3,115539,18000,328617
1459,14030130,499,1313,1,1013322,100000,913322
1459,14030130,499,865,7,143571,14000,990997
1459,14030130,499,455,5,1215134,557000,5518670
1459,14030130,499,1128,1,1189842,66000,1123842
1459,14030130,499,2190,5,195918,11000,968590
1461,14030201,582,865,1,143571,8000,135571
1461,14030201,582,505,1,403362,9000,394362
1461,14030201,582,62,2,1529891,109000,2950782
1461,14030201,582,1128,2,1189842,113000,2266684
1461,14030201,582,1930,2,115539,13000,218078
1462,14030201,532,865,2,143571,3000,284142
1462,14030201,532,1715,1,1717194,5000,1712194
1462,14030201,532,1930,3,115539,0,346617
1462,14030201,532,505,3,403362,119000,1091086
1463,14030201,532,865,1,143571,13000,130571
1463,14030201,532,610,8,424412,294000,3101296
1463,14030201,532,1355,2,1197501,77000,2318002
1463,14030201,532,489,2,679026,33000,1325052
1463,14030201,532,1861,2,1313426,10000,2616852
1463,14030201,532,1039,3,81747,9000,236241
1464,14030201,578,455,2,1215134,301000,2129268
1464,14030201,578,865,2,143571,29000,258142
1464,14030201,578,1039,4,81747,42000,284988
1464,14030201,578,1644,2,1064460,202000,1926920
1465,14030201,532,1930,1,115539,11000,104539
1465,14030201,532,1290,2,1054599,83000,2026198
1465,14030201,532,1355,3,1197501,200000,3392503
1465,14030201,532,865,2,143571,18000,269142
1465,14030201,532,489,1,679026,19000,660026
1465,14030201,532,734,1,851389,25000,826389
1465,14030201,532,455,3,1215134,168000,3477402
1466,14030201,533,865,2,143571,15000,272142
1466,14030201,533,610,2,424412,54000,794824
1466,14030201,533,455,3,1215134,346000,3299402
1466,14030201,533,489,3,679026,124000,1913078
1467,14030201,391,865,5,143571,85000,632855
1467,14030201,391,1128,1,1189842,108000,1081842
1467,14030201,391,610,2,424412,57000,791824
1467,14030201,391,1715,2,1717194,416000,3018388
1467,14030201,391,248,1,1347785,128000,1219785
1468,14030201,532,865,3,143571,30000,400713
1468,14030201,532,734,1,851389,9000,842389
1468,14030201,532,1930,2,115539,8000,223078
1468,14030201,532,1355,2,1197501,91000,2304002
1468,14030201,532,2237,3,213629,32000,608887
1468,14030201,532,455,5,1215134,230000,5845670
1468,14030201,532,1644,1,1064460,81000,983460
1468,14030201,532,505,5,403362,114000,1902810
1470,14030201,262,865,1,143571,23000,120571
1470,14030201,262,455,1,1215134,177000,1038134
1472,14030201,135,865,1,143571,23000,120571
1473,14030201,533,1644,4,1064460,496000,3761840
1474,14030201,532,248,1,1347785,124000,1223785
1474,14030201,532,865,1,143571,5000,138571
1474,14030201,532,1644,1,1064460,71000,993460
1474,14030201,532,455,2,1215134,168000,2262268
1474,14030201,532,1930,2,115539,18000,213078
1474,14030201,532,2190,1,195918,8000,187918
1474,14030201,532,572,2,826512,153000,1500024
1475,14030201,532,865,1,143571,5000,138571
1475,14030201,532,455,1,1215134,8000,1207134
1476,14030202,532,1930,1,115539,1000,114539
1476,14030202,532,865,2,143571,7000,280142
1476,14030202,532,489,2,679026,71000,1287052
1476,14030202,532,1644,2,1064460,130000,1998920
1476,14030202,532,1017,1,791515,57000,734515
1478,14030202,533,1930,1,115539,12000,103539
1478,14030202,533,865,2,143571,32000,255142
1478,14030202,533,1128,2,1189842,161000,2218684
1479,14030202,532,1930,1,115539,0,115539
1479,14030202,532,865,2,143571,3000,284142
1479,14030202,532,1355,3,1197501,287000,3305503
1479,14030202,532,1313,10,1013322,419000,9714220
1479,14030202,532,106,1,1003398,56000,947398
1479,14030202,532,248,2,1347785,3000,2692570
1479,14030202,532,1116,1,1521349,42000,1479349
1479,14030202,532,455,3,1215134,112000,3533402
1480,14030202,532,865,3,143571,26000,404713
1480,14030202,532,610,1,424412,14000,410412
1480,14030202,532,455,2,1215134,222000,2208268
1481,14030202,523,1644,2,1064460,315000,1813920
1481,14030202,523,865,2,143571,54000,233142
1481,14030202,523,1930,2,115539,30000,201078
1481,14030202,523,455,3,1215134,515000,3130402
1481,14030202,523,1313,3,1013322,557000,2482966
1481,14030202,523,1355,1,1197501,206000,991501
1482,14030202,70,865,2,143571,34000,253142
1482,14030202,70,734,2,851389,306000,1396778
1482,14030202,70,455,4,1215134,657000,4203536
1482,14030202,70,1116,6,1521349,1168000,7960094
1483,14030202,241,1930,8,115539,150000,774312
1484,14030202,532,865,2,143571,11000,276142
1484,14030202,532,1039,2,81747,14000,149494
1484,14030202,532,1313,3,1013322,214000,2825966
1484,14030202,532,1355,1,1197501,3000,1194501
1484,14030202,532,248,2,1347785,133000,2562570
1484,14030202,532,1116,1,1521349,68000,1453349
1484,14030202,532,1930,6,115539,14000,679234
1485,14030202,246,865,1,143571,25000,118571
1485,14030202,246,1355,3,1197501,687000,2905503
1485,14030202,246,248,2,1347785,276000,2419570
1486,14030202,532,865,5,143571,52000,665855
1486,14030202,532,248,2,1347785,209000,2486570
1486,14030202,532,1313,1,1013322,88000,925322
1488,14030202,532,865,2,143571,8000,279142
1488,14030202,532,455,2,1215134,75000,2355268
1488,14030202,532,1355,4,1197501,153000,4637004
1488,14030202,532,1313,1,1013322,28000,985322
1488,14030202,532,1644,1,1064460,46000,1018460
1489,14030202,532,455,1,1215134,75000,1140134
1491,14030202,262,1930,2,115539,25000,206078
1491,14030202,262,865,1,143571,20000,123571
1492,14030202,533,865,3,143571,51000,379713
1492,14030202,533,1644,2,1064460,172000,1956920
1492,14030202,533,248,3,1347785,490000,3553355
1492,14030202,533,455,2,1215134,251000,2179268
1492,14030202,533,1930,7,115539,101000,707773
1493,14030202,532,865,1,143571,11000,132571
1493,14030202,532,62,5,1529891,358000,7291455
1493,14030202,532,475,3,737101,102000,2109303
1495,14030202,532,865,3,143571,38000,392713
1495,14030202,532,455,2,1215134,7000,2423268
1495,14030202,532,1930,2,115539,8000,223078
1495,14030202,532,2190,2,195918,6000,385836
1496,14030202,532,865,1,143571,11000,132571
1496,14030202,532,455,3,1215134,118000,3527402
1498,14030203,532,865,2,143571,6000,281142
1498,14030203,532,1930,2,115539,1000,230078
1498,14030203,532,248,5,1347785,386000,6352925
1498,14030203,532,455,2,1215134,143000,2287268
1498,14030203,532,1116,2,1521349,168000,2874698
1498,14030203,532,1644,3,1064460,56000,3137380
1499,14030203,532,1930,1,115539,1000,114539
1499,14030203,532,865,3,143571,33000,397713
1499,14030203,532,610,1,424412,20000,404412
1499,14030203,532,1265,2,1070719,19000,2122438
1499,14030203,532,1644,4,1064460,270000,3987840
1499,14030203,532,1128,1,1189842,17000,1172842
1499,14030203,532,1355,1,1197501,63000,1134501
1500,14030203,532,455,2,1215134,76000,2354268
1500,14030203,532,865,2,143571,26000,261142
1500,14030203,532,610,1,424412,40000,384412
1501,14030203,519,865,8,143571,96000,1052568
1501,14030203,519,455,1,1215134,61000,1154134
1501,14030203,519,610,8,424412,307000,3088296
1501,14030203,519,1355,1,1197501,95000,1102501
1502,14030203,532,865,2,143571,1000,286142
1502,14030203,532,1039,3,81747,20000,225241
1503,14030203,532,248,1,1347785,42000,1305785
1503,14030203,532,865,1,143571,5000,138571
1503,14030203,532,505,2,403362,53000,753724
1503,14030203,532,1930,2,115539,4000,227078
1503,14030203,532,1355,1,1197501,110000,1087501
1503,14030203,532,455,3,1215134,56000,3589402
1504,14030203,508,865,2,143571,18000,269142
1504,14030203,508,1355,1,1197501,61000,1136501
1504,14030203,508,455,3,1215134,359000,3286402
1504,14030203,508,248,2,1347785,401000,2294570
1504,14030203,508,1930,1,115539,13000,102539
1504,14030203,508,489,2,679026,129000,1229052
1504,14030203,508,211,3,1279953,424000,3415859
1504,14030203,508,610,2,424412,57000,791824
1504,14030203,508,1017,2,791515,135000,1448030
1505,14030203,532,1715,2,1717194,198000,3236388
1505,14030203,532,865,3,143571,10000,420713
1505,14030203,532,1313,2,1013322,83000,1943644
1506,14030203,532,1290,1,1054599,103000,951599
1506,14030203,532,455,2,1215134,171000,2259268
1506,14030203,532,865,1,143571,6000,137571
1506,14030203,532,1644,2,1064460,30000,2098920
1506,14030203,532,505,3,403362,119000,1091086
1507,14030203,532,1355,3,1197501,167000,3425503
1507,14030203,532,865,1,143571,12000,131571
1507,14030203,532,455,1,1215134,57000,1158134
1507,14030203,532,1930,3,115539,33000,313617
1507,14030203,532,489,1,679026,43000,636026
1507,14030203,532,1039,3,81747,7000,238241
1507,14030203,532,1313,1,1013322,34000,979322
1507,14030203,532,1861,3,1313426,184000,3756278
1507,14030203,532,1128,2,1189842,111000,2268684
1507,14030203,532,1290,3,1054599,133000,3030797
1510,14030203,532,865,1,143571,6000,137571
1510,14030203,532,248,3,1347785,105000,3938355
1510,14030203,532,1930,3,115539,16000,330617
1510,14030203,532,1128,3,1189842,307000,3262526
1510,14030203,532,610,1,424412,3000,421412
1512,14030203,523,865,1,143571,20000,123571
1512,14030203,523,610,2,424412,102000,746824
1512,14030203,523,2237,3,213629,86000,554887
1512,14030203,523,1313,1,1013322,118000,895322
1512,14030203,523,489,1,679026,88000,591026
1513,14030203,532,865,2,143571,4000,283142
1513,14030203,532,1290,5,1054599,236000,5036995
1513,14030203,532,1355,2,1197501,230000,2165002
1514,14030203,532,865,1,143571,13000,130571
1514,14030203,532,1313,2,1013322,193000,1833644
1514,14030203,532,734,2,851389,156000,1546778
1514,14030203,532,1715,4,1717194,230000,6638776
1514,14030203,532,2190,2,195918,15000,376836
1515,14030203,519,734,3,851389,315000,2239167
1515,14030203,519,865,2,143571,19000,268142
1515,14030203,519,610,1,424412,50000,374412
1515,14030203,519,1930,1,115539,12000,103539
1515,14030203,519,1116,2,1521349,405000,2637698
1515,14030203,519,1039,1,81747,4000,77747
1516,14030203,532,865,2,143571,6000,281142
1516,14030203,532,610,1,424412,8000,416412
1517,14030203,532,865,1,143571,13000,130571
1518,14030203,532,865,3,143571,40000,390713
1518,14030203,532,1930,2,115539,16000,215078
1518,14030203,532,1644,1,1064460,91000,973460
1518,14030203,532,455,4,1215134,275000,4585536
1520,14030204,532,865,6,143571,22000,839426
1520,14030204,532,1355,2,1197501,117000,2278002
1521,14030204,532,865,2,143571,5000,282142
1521,14030204,532,1313,2,1013322,29000,1997644
1521,14030204,532,1644,3,1064460,69000,3124380
1521,14030204,532,610,2,424412,77000,771824
1521,14030204,532,455,3,1215134,37000,3608402
1521,14030204,532,1930,1,115539,6000,109539
1522,14030204,532,865,5,143571,47000,670855
1522,14030204,532,455,4,1215134,279000,4581536
1522,14030204,532,248,2,1347785,253000,2442570
1523,14030204,532,865,3,143571,33000,397713
1523,14030204,532,62,2,1529891,1000,3058782
1523,14030204,532,1290,6,1054599,517000,5810594
1523,14030204,532,455,2,1215134,137000,2293268
1523,14030204,532,1128,5,1189842,213000,5736210
1523,14030204,532,1355,2,1197501,95000,2300002
1523,14030204,532,1116,2,1521349,291000,2751698
1524,14030204,476,1930,2,115539,22000,209078
1524,14030204,476,865,1,143571,6000,137571
1527,14030204,532,865,2,143571,8000,279142
1527,14030204,532,1930,2,115539,19000,212078
1528,14030204,532,865,10,143571,5000,1430710
1528,14030204,532,455,1,1215134,95000,1120134
1528,14030204,532,610,1,424412,5000,419412
1528,14030204,532,734,3,851389,170000,2384167
1529,14030204,555,865,2,143571,25000,262142
1529,14030204,555,455,1,1215134,70000,1145134
1529,14030204,555,1116,5,1521349,28000,7578745
1529,14030204,555,610,1,424412,27000,397412
1530,14030204,532,455,5,1215134,27000,6048670
1530,14030204,532,1644,3,1064460,41000,3152380
1530,14030204,532,1355,1,1197501,5000,1192501
1530,14030204,532,865,1,143571,11000,132571
1531,14030204,532,1930,3,115539,3000,343617
1531,14030204,532,865,2,143571,22000,265142
1531,14030204,532,734,1,851389,68000,783389
1532,14030204,122,455,2,1215134,321000,2109268
1532,14030204,122,865,7,143571,158000,846997
1532,14030204,122,2190,1,195918,35000,160918
1533,14030204,412,865,3,143571,47000,383713
1533,14030204,412,455,1,1215134,75000,1140134
1533,14030204,412,1644,1,1064460,97000,967460
1533,14030204,412,610,2,424412,89000,759824
1533,14030204,412,1355,2,1197501,341000,2054002
1533,14030204,412,678,1,593703,35000,558703
1534,14030204,532,1930,2,115539,17000,214078
1534,14030204,532,865,1,143571,6000,137571
1534,14030204,532,455,1,1215134,21000,1194134
1534,14030204,532,1313,1,1013322,66000,947322
1534,14030204,532,2190,4,195918,32000,751672
1534,14030204,532,1116,3,1521349,352000,4212047
1534,14030204,532,1355,2,1197501,49000,2346002
1535,14030204,532,865,2,143571,11000,276142
1535,14030204,532,734,1,851389,15000,836389
1535,14030204,532,248,2,1347785,256000,2439570
1535,14030204,532,1265,2,1070719,167000,1974438
1536,14030204,532,865,1,143571,3000,140571
1536,14030204,532,1017,1,791515,41000,750515
1536,14030204,532,2190,1,195918,7000,188918
1536,14030204,532,1930,3,115539,18000,328617
1538,14030204,532,865,2,143571,5000,282142
1538,14030204,532,1492,2,1754440,15000,3493880
1538,14030204,532,610,2,424412,24000,824824
1538,14030204,532,1355,2,1197501,80000,2315002
1538,14030204,532,455,3,1215134,276000,3369402
1538,14030204,532,1128,5,1189842,104000,5845210
1538,14030204,532,248,3,1347785,196000,3847355
1538,14030204,532,1116,1,1521349,136000,1385349
1540,14030204,532,248,2,1347785,240000,2455570
1540,14030204,532,1313,1,1013322,94000,919322
1540,14030204,532,865,2,143571,11000,276142
1540,14030204,532,455,1,1215134,87000,1128134
1541,14030204,262,1355,7,1197501,1007000,7375507
1541,14030204,262,865,1,143571,24000,119571
1541,14030204,262,455,1,1215134,138000,1077134
1541,14030204,262,1313,4,1013322,591000,3462288
1541,14030204,262,1039,1,81747,10000,71747
1542,14030204,514,865,2,143571,37000,250142
1542,14030204,514,1930,2,115539,25000,206078
1542,14030204,514,1355,1,1197501,176000,1021501
1542,14030204,514,1116,4,1521349,356000,5729396
1542,14030204,514,1128,4,1189842,470000,4289368
1542,14030204,514,610,10,424412,463000,3781120
1542,14030204,514,455,3,1215134,284000,3361402
1542,14030204,514,412,3,1558019,577000,4097057
1543,14030205,532,865,2,143571,25000,262142
1543,14030205,532,1128,2,1189842,35000,2344684
1543,14030205,532,455,8,1215134,38000,9683072
1544,14030205,476,865,3,143571,1000,429713
1544,14030205,476,455,2,1215134,116000,2314268
1544,14030205,476,475,3,737101,181000,2030303
1544,14030205,476,248,2,1347785,64000,2631570
1545,14030205,532,865,1,143571,10000,133571
1545,14030205,532,734,5,851389,56000,4200945
1545,14030205,532,455,1,1215134,58000,1157134
1545,14030205,532,1355,1,1197501,84000,1113501
1546,14030205,499,865,3,143571,1000,429713
1546,14030205,499,610,2,424412,65000,783824
1546,14030205,499,1355,3,1197501,133000,3459503
1546,14030205,499,1930,2,115539,14000,217078
1546,14030205,499,734,4,851389,113000,3292556
1547,14030205,391,865,2,143571,22000,265142
1548,14030205,532,865,2,143571,22000,265142
1548,14030205,532,1644,3,1064460,25000,3168380
1548,14030205,532,1355,4,1197501,352000,4438004
1548,14030205,532,1930,1,115539,10000,105539
1548,14030205,532,248,2,1347785,239000,2456570
1548,14030205,532,1039,1,81747,2000,79747
1548,14030205,532,629,2,1515429,110000,2920858
1548,14030205,532,1017,1,791515,44000,747515
1548,14030205,532,1128,1,1189842,84000,1105842
1550,14030205,532,865,1,143571,10000,133571
1550,14030205,532,1930,1,115539,4000,111539
1550,14030205,532,1313,1,1013322,68000,945322
1550,14030205,532,610,1,424412,2000,422412
1550,14030205,532,734,1,851389,41000,810389
1550,14030205,532,1355,2,1197501,29000,2366002
1550,14030205,532,1644,3,1064460,216000,2977380
1550,14030205,532,248,2,1347785,78000,2617570
1551,14030205,368,865,3,143571,62000,368713
1551,14030205,368,1355,1,1197501,166000,1031501
1551,14030205,368,734,2,851389,98000,1604778
1551,14030205,368,1930,4,115539,36000,426156
1551,14030205,368,1116,6,1521349,556000,8572094
1551,14030205,368,2190,1,195918,23000,172918
1551,14030205,368,1644,2,1064460,292000,1836920
1551,14030205,368,2456,2,1635264,368000,2902528
1551,14030205,368,211,1,1279953,188000,1091953
1553,14030205,532,865,1,143571,9000,134571
1553,14030205,532,1355,1,1197501,71000,1126501
1553,14030205,532,475,2,737101,124000,1350202
1553,14030205,532,248,2,1347785,81000,2614570
1555,14030205,532,1128,3,1189842,16000,3553526
1555,14030205,532,865,1,143571,6000,137571
1555,14030205,532,455,1,1215134,112000,1103134
1555,14030205,532,734,2,851389,113000,1589778
1555,14030205,532,1930,1,115539,2000,113539
1555,14030205,532,2190,1,195918,5000,190918
1555,14030205,532,1313,1,1013322,56000,957322
1556,14030205,532,865,1,143571,4000,139571
1557,14030205,532,865,2,143571,4000,283142
1557,14030205,532,1861,1,1313426,120000,1193426
1557,14030205,532,1355,2,1197501,119000,2276002
1557,14030205,532,455,1,1215134,55000,1160134
1558,14030205,532,865,1,143571,10000,133571
1558,14030205,532,1355,7,1197501,277000,8105507
1558,14030205,532,455,1,1215134,114000,1101134
1559,14030205,532,455,2,1215134,35000,2395268
1559,14030205,532,865,2,143571,26000,261142
1559,14030205,532,248,2,1347785,185000,2510570
1559,14030205,532,1715,3,1717194,463000,4688582
1559,14030205,532,1355,1,1197501,48000,1149501
1559,14030205,532,1290,3,1054599,141000,3022797
1559,14030205,532,62,1,1529891,8000,1521891
1559,14030205,532,610,2,424412,49000,799824
1559,14030205,532,1930,1,115539,10000,105539
1560,14030205,532,865,1,143571,7000,136571
1560,14030205,532,455,2,1215134,163000,2267268
1560,14030205,532,610,1,424412,21000,403412
1561,14030205,532,865,1,143571,8000,135571
1561,14030205,532,1355,5,1197501,543000,5444505
1561,14030205,532,610,1,424412,6000,418412
1562,14030205,582,865,1,143571,5000,138571
1562,14030205,582,248,1,1347785,47000,1300785
1562,14030205,582,2380,7,1236016,756000,7896112
1562,14030205,582,1930,1,115539,8000,107539
1562,14030205,582,749,2,1451605,288000,2615210
1562,14030205,582,1355,3,1197501,103000,3489503
1562,14030205,582,505,3,403362,117000,1093086
1563,14030206,532,865,1,143571,8000,135571
1563,14030206,532,734,2,851389,147000,1555778
1563,14030206,532,1930,5,115539,23000,554695
1563,14030206,532,1355,2,1197501,170000,2225002
1564,14030206,262,865,1,143571,17000,126571
1564,14030206,262,1355,1,1197501,186000,1011501
1564,14030206,262,1017,2,791515,231000,1352030
1564,14030206,262,1128,1,1189842,119000,1070842
1565,14030206,479,2190,6,195918,98000,1077508
1565,14030206,479,865,2,143571,18000,269142
1565,14030206,479,455,4,1215134,202000,4658536
1566,14030206,479,865,2,143571,7000,280142
1566,14030206,479,455,1,1215134,33000,1182134
1566,14030206,479,248,9,1347785,80000,12050065
1566,14030206,479,1128,3,1189842,207000,3362526
1567,14030206,532,865,4,143571,36000,538284
1567,14030206,532,734,2,851389,118000,1584778
1567,14030206,532,1355,1,1197501,61000,1136501
1567,14030206,532,455,1,1215134,7000,1208134
1568,14030206,140,1313,4,1013322,257000,3796288
1568,14030206,140,865,1,143571,11000,132571
1569,14030206,532,865,5,143571,36000,681855
1569,14030206,532,455,3,1215134,66000,3579402
1569,14030206,532,1116,1,1521349,114000,1407349
1569,14030206,532,1355,2,1197501,208000,2187002
1569,14030206,532,1128,3,1189842,244000,3325526
1570,14030206,447,865,2,143571,19000,268142
1570,14030206,447,1355,1,1197501,69000,1128501
1570,14030206,447,1861,3,1313426,5000,3935278
1570,14030206,447,1128,2,1189842,88000,2291684
1571,14030206,532,865,1,143571,13000,130571
1571,14030206,532,2190,1,195918,3000,192918
1571,14030206,532,248,4,1347785,330000,5061140
1572,14030206,533,865,2,143571,29000,258142
1572,14030206,533,505,2,403362,101000,705724
1572,14030206,533,734,1,851389,112000,739389
1572,14030206,533,1930,5,115539,56000,521695
1572,14030206,533,248,1,1347785,116000,1231785
1572,14030206,533,610,3,424412,176000,1097236
1573,14030206,532,1930,3,115539,11000,335617
1573,14030206,532,865,3,143571,1000,429713
1573,14030206,532,610,3,424412,28000,1245236
1573,14030206,532,2456,4,1635264,93000,6448056
1573,14030206,532,1355,1,1197501,15000,1182501
1574,14030206,532,865,1,143571,9000,134571
1574,14030206,532,455,3,1215134,28000,3617402
1576,14030206,138,1930,1,115539,10000,105539
1576,14030206,138,865,1,143571,5000,138571
1576,14030206,138,2190,5,195918,92000,887590
1576,14030206,138,211,1,1279953,20000,1259953
1576,14030206,138,1355,2,1197501,174000,2221002
1576,14030206,138,1715,1,1717194,97000,1620194
1576,14030206,138,455,1,1215134,70000,1145134
1578,14030206,533,865,4,143571,59000,515284
1578,14030206,533,62,1,1529891,153000,1376891
1579,14030206,532,505,1,403362,23000,380362
1579,14030206,532,865,2,143571,27000,260142
1579,14030206,532,455,1,1215134,26000,1189134
1579,14030206,532,1355,1,1197501,13000,1184501
1579,14030206,532,610,8,424412,41000,3354296
1580,14030206,532,865,1,143571,10000,133571
1580,14030206,532,1355,3,1197501,200000,3392503
1581,14030206,274,865,1,143571,1000,142571
1582,14030206,476,865,2,143571,8000,279142
1582,14030206,476,455,7,1215134,377000,8128938
1582,14030206,476,1116,2,1521349,88000,2954698
1583,14030206,412,865,1,143571,8000,135571
1583,14030206,412,1355,3,1197501,350000,3242503
1583,14030206,412,505,2,403362,54000,752724
1583,14030206,412,734,10,851389,844000,7669890
1583,14030206,412,1644,1,1064460,99000,965460
1583,14030206,412,1313,2,1013322,118000,1908644
1583,14030206,412,455,1,1215134,109000,1106134
1584,14030208,523,610,5,424412,419000,1703060
1584,14030208,523,865,1,143571,28000,115571
1585,14030208,532,865,2,143571,28000,259142
1585,14030208,532,248,1,1347785,112000,1235785
1585,14030208,532,734,3,851389,71000,2483167
1585,14030208,532,1861,3,1313426,229000,3711278
1586,14030208,532,865,3,143571,27000,403713
1586,14030208,532,1930,2,115539,9000,222078
1588,14030208,532,865,1,143571,9000,134571
1588,14030208,532,1116,7,1521349,407000,10242443
1589,14030208,532,865,1,143571,8000,135571
1589,14030208,532,62,1,1529891,11000,1518891
1589,14030208,532,1930,3,115539,26000,320617
1589,14030208,532,505,3,403362,24000,1186086
1589,14030208,532,248,2,1347785,132000,2563570
1591,14030208,192,865,1,143571,4000,139571
1591,14030208,192,1355,1,1197501,55000,1142501
1591,14030208,192,248,1,1347785,75000,1272785
1591,14030208,192,455,4,1215134,147000,4713536
1591,14030208,192,610,3,424412,62000,1211236
1591,14030208,192,985,1,940783,67000,873783
1591,14030208,192,1313,2,1013322,22000,2004644
1591,14030208,192,1017,2,791515,104000,1479030
1592,14030208,533,1644,2,1064460,207000,1921920
1592,14030208,533,865,4,143571,57000,517284
1592,14030208,533,1128,1,1189842,118000,1071842
1592,14030208,533,1930,7,115539,90000,718773
1592,14030208,533,734,1,851389,44000,807389
1595,14030208,532,455,1,1215134,41000,1174134
1595,14030208,532,865,1,143571,4000,139571
1596,14030208,532,865,4,143571,32000,542284
1596,14030208,532,1355,4,1197501,127000,4663004
1596,14030208,532,610,2,424412,49000,799824
1596,14030208,532,106,8,1003398,303000,7724184
1597,14030208,476,865,2,143571,23000,264142
1597,14030208,476,1128,1,1189842,80000,1109842
1597,14030208,476,1039,1,81747,4000,77747
1597,14030208,476,1017,3,791515,80000,2294545
1598,14030208,391,734,1,851389,79000,772389
1598,14030208,391,865,2,143571,38000,249142
1598,14030208,391,455,3,1215134,488000,3157402
1598,14030208,391,248,2,1347785,212000,2483570
1598,14030208,391,1355,1,1197501,179000,1018501
1599,14030208,476,1930,1,115539,8000,107539
1599,14030208,476,865,1,143571,12000,131571
1599,14030208,476,106,1,1003398,33000,970398
1599,14030208,476,1479,1,1150179,92000,1058179
1601,14030209,532,865,2,143571,21000,266142
1601,14030209,532,455,1,1215134,2000,1213134
1601,14030209,532,1930,3,115539,29000,317617
1601,14030209,532,489,2,679026,28000,1330052
1601,14030209,532,610,6,424412,189000,2357472
1602,14030209,532,865,5,143571,38000,679855
1602,14030209,532,1128,2,1189842,134000,2245684
1603,14030209,532,865,1,143571,2000,141571
1603,14030209,532,1355,2,1197501,71000,2324002
1603,14030209,532,1128,2,1189842,75000,2304684
1603,14030209,532,455,3,1215134,23000,3622402
1605,14030209,242,1128,1,1189842,29000,1160842
1605,14030209,242,865,3,143571,19000,411713
1606,14030209,532,1355,2,1197501,154000,2241002
1606,14030209,532,865,1,143571,2000,141571
1606,14030209,532,455,1,1215134,31000,1184134
1606,14030209,532,106,3,1003398,198000,2812194
1606,14030209,532,610,1,424412,36000,388412
1607,14030209,532,629,2,1515429,6000,3024858
1607,14030209,532,610,4,424412,14000,1683648
1607,14030209,532,865,2,143571,24000,263142
1607,14030209,532,455,4,1215134,197000,4663536
1607,14030209,532,1930,1,115539,7000,108539
1607,14030209,532,1715,1,1717194,161000,1556194
1607,14030209,532,1355,3,1197501,50000,3542503
1608,14030209,532,865,5,143571,66000,651855
1608,14030209,532,1128,1,1189842,14000,1175842
1608,14030209,532,825,3,1135530,112000,3294590
1608,14030209,532,1355,2,1197501,93000,2302002
1608,14030209,532,1930,3,115539,8000,338617
1608,14030209,532,455,2,1215134,35000,2395268
1609,14030209,523,749,6,1451605,1253000,7456630
1609,14030209,523,865,1,143571,22000,121571
1609,14030209,523,1930,2,115539,31000,200078
1610,14030209,447,1930,1,115539,4000,111539
1610,14030209,447,455,2,1215134,234000,2196268
1610,14030209,447,865,4,143571,53000,521284
1610,14030209,447,1355,1,1197501,85000,1112501
1610,14030209,447,248,3,1347785,8000,4035355
1610,14030209,447,610,3,424412,84000,1189236
1610,14030209,447,1017,3,791515,56000,2318545
1611,14030209,532,865,1,143571,11000,132571
1611,14030209,532,455,1,1215134,105000,1110134
1611,14030209,532,1355,4,1197501,186000,4604004
1612,14030209,532,865,1,143571,1000,142571
1612,14030209,532,1644,3,1064460,75000,3118380
1612,14030209,532,1355,4,1197501,367000,4423004
1612,14030209,532,489,2,679026,4000,1354052
1612,14030209,532,1116,4,1521349,500000,5585396
1612,14030209,532,1715,5,1717194,404000,8181970
1612,14030209,532,1128,2,1189842,200000,2179684
1612,14030209,532,1930,3,115539,30000,316617
1613,14030209,532,865,3,143571,30000,400713
1613,14030209,532,610,2,424412,29000,819824
1613,14030209,532,1930,3,115539,15000,331617
1613,14030209,532,455,1,1215134,6000,1209134
1613,14030209,532,1355,2,1197501,150000,2245002
1613,14030209,532,248,3,1347785,55000,3988355
1614,14030209,533,865,2,143571,23000,264142
1614,14030209,533,1355,2,1197501,351000,2044002
1614,14030209,533,248,3,1347785,510000,3533355
1615,14030209,532,865,2,143571,22000,265142
1615,14030209,532,1116,1,1521349,72000,1449349
1615,14030209,532,1128,3,1189842,93000,3476526
1615,14030209,532,1930,2,115539,19000,212078
1615,14030209,532,1313,3,1013322,60000,2979966
1615,14030209,532,1861,2,1313426,47000,2579852
1615,14030209,532,678,4,593703,224000,2150812
1616,14030209,391,865,1,143571,20000,123571
1616,14030209,391,1355,5,1197501,686000,5301505
1616,14030209,391,455,7,1215134,593000,7912938
1616,14030209,391,1930,3,115539,23000,323617
1616,14030209,391,502,1,186218,10000,176218
1616,14030209,391,734,1,851389,123000,728389
1618,14030209,70,865,1,143571,24000,119571
1618,14030209,70,610,1,424412,79000,345412
1618,14030209,70,1930,2,115539,26000,205078
1618,14030209,70,455,4,1215134,777000,4083536
1620,14030209,532,865,1,143571,0,143571
1620,14030209,532,1355,1,1197501,28000,1169501
1620,14030209,532,1930,4,115539,46000,416156
1622,14030210,532,865,1,143571,12000,131571
1623,14030210,532,489,3,679026,188000,1849078
1623,14030210,532,865,1,143571,12000,131571
1623,14030210,532,1313,2,1013322,154000,1872644
1623,14030210,532,248,4,1347785,170000,5221140
1623,14030210,532,1861,9,1313426,902000,10918834
1623,14030210,532,1355,1,1197501,102000,1095501
1625,14030210,447,865,1,143571,10000,133571
1628,14030210,532,1930,4,115539,1000,461156
1628,14030210,532,865,2,143571,19000,268142
1628,14030210,532,455,1,1215134,71000,1144134
1628,14030210,532,1313,1,1013322,8000,1005322
1630,14030210,532,1355,2,1197501,77000,2318002
1634,14030210,532,865,2,143571,3000,284142
1634,14030210,532,1313,2,1013322,168000,1858644
1634,14030210,532,1265,2,1070719,104000,2037438
1634,14030210,532,1128,4,1189842,226000,4533368
1635,14030210,472,865,2,143571,36000,251142
1635,14030210,472,455,3,1215134,406000,3239402
1635,14030210,472,475,2,737101,136000,1338202
1635,14030210,472,106,1,1003398,84000,919398
1635,14030210,472,610,2,424412,61000,787824
1637,14030210,365,865,1,143571,0,143571
1637,14030210,365,248,1,1347785,6000,1341785
1637,14030210,365,455,1,1215134,51000,1164134
1638,14030210,523,865,1,143571,21000,122571
1638,14030210,523,734,1,851389,141000,710389
1638,14030210,523,248,1,1347785,159000,1188785
1639,14030210,476,865,1,143571,12000,131571
1639,14030210,476,1017,1,791515,46000,745515
1639,14030210,476,248,2,1347785,180000,2515570
1639,14030210,476,1355,2,1197501,63000,2332002
1640,14030210,523,865,4,143571,68000,506284
1640,14030210,523,1355,1,1197501,209000,988501
1640,14030210,523,610,2,424412,158000,690824
1640,14030210,523,734,1,851389,130000,721389
1640,14030210,523,1128,1,1189842,132000,1057842
1640,14030210,523,455,1,1215134,179000,1036134
1640,14030210,523,1290,2,1054599,394000,1715198
1640,14030210,523,505,6,403362,387000,2033172
1640,14030210,523,1313,2,1013322,328000,1698644
1641,14030210,532,865,1,143571,9000,134571
1641,14030210,532,610,2,424412,33000,815824
1641,14030210,532,1128,1,1189842,14000,1175842
1641,14030210,532,248,1,1347785,15000,1332785
1641,14030210,532,1313,1,1013322,98000,915322
1641,14030210,532,1017,4,791515,66000,3100060
1641,14030210,532,1355,2,1197501,155000,2240002
1641,14030210,532,505,2,403362,50000,756724
1641,14030210,532,1930,3,115539,6000,340617
1642,14030210,532,248,1,1347785,94000,1253785
1642,14030210,532,865,6,143571,40000,821426
1642,14030210,532,1930,4,115539,27000,435156
1644,14030211,155,865,3,143571,25000,405713
1644,14030211,155,1017,2,791515,46000,1537030
1644,14030211,155,248,2,1347785,131000,2564570
1644,14030211,155,1313,2,1013322,123000,1903644
1644,14030211,155,1355,2,1197501,195000,2200002
1644,14030211,155,749,2,1451605,207000,2696210
1644,14030211,155,455,2,1215134,102000,2328268
1645,14030211,135,865,1,143571,27000,116571
1645,14030211,135,1116,2,1521349,448000,2594698
1645,14030211,135,1039,2,81747,31000,132494
1645,14030211,135,248,1,1347785,228000,1119785
1647,14030211,532,865,1,143571,3000,140571
1647,14030211,532,1355,4,1197501,162000,4628004
1647,14030211,532,211,2,1279953,215000,2344906
1647,14030211,532,248,2,1347785,35000,2660570
1648,14030211,532,1930,3,115539,33000,313617
1648,14030211,532,865,3,143571,28000,402713
1648,14030211,532,455,3,1215134,290000,3355402
1649,14030211,314,1355,1,1197501,89000,1108501
1649,14030211,314,865,2,143571,3000,284142
1649,14030211,314,1930,1,115539,4000,111539
1649,14030211,314,475,9,737101,201000,6432909
1650,14030211,532,865,1,143571,0,143571
1650,14030211,532,455,4,1215134,173000,4687536
1650,14030211,532,610,1,424412,35000,389412
1651,14030211,499,865,1,143571,0,143571
1651,14030211,499,1930,1,115539,2000,113539
1651,14030211,499,1479,1,1150179,39000,1111179
1651,14030211,499,1265,1,1070719,4000,1066719
1651,14030211,499,455,4,1215134,130000,4730536
1651,14030211,499,1355,1,1197501,82000,1115501
1651,14030211,499,572,2,826512,110000,1543024
1652,14030211,532,455,5,1215134,266000,5809670
1652,14030211,532,1355,2,1197501,201000,2194002
1652,14030211,532,734,1,851389,9000,842389
1652,14030211,532,865,5,143571,59000,658855
1652,14030211,532,1930,1,115539,1000,114539
1653,14030211,532,1290,4,1054599,384000,3834396
1653,14030211,532,865,1,143571,4000,139571
1653,14030211,532,1128,2,1189842,120000,2259684
1653,14030211,532,1930,3,115539,3000,343617
1653,14030211,532,1039,2,81747,5000,158494
1654,14030211,532,1128,3,1189842,156000,3413526
1654,14030211,532,1313,2,1013322,155000,1871644
1655,14030211,532,865,3,143571,14000,416713
1655,14030211,532,1930,2,115539,1000,230078
1655,14030211,532,1355,1,1197501,90000,1107501
1656,14030211,532,455,2,1215134,36000,2394268
1656,14030211,532,865,3,143571,18000,412713
1656,14030211,532,1355,1,1197501,96000,1101501
1656,14030211,532,248,2,1347785,110000,2585570
1657,14030211,532,865,4,143571,45000,529284
1657,14030211,532,1313,1,1013322,3000,1010322
1657,14030211,532,248,1,1347785,1000,1346785
1657,14030211,532,455,3,1215134,343000,3302402
1658,14030211,532,734,1,851389,83000,768389
1658,14030211,532,865,1,143571,0,143571
1659,14030211,532,865,2,143571,18000,269142
1659,14030211,532,1017,4,791515,18000,3148060
1659,14030211,532,1128,2,1189842,169000,2210684
1659,14030211,532,610,2,424412,44000,804824
1659,14030211,532,455,1,1215134,48000,1167134
1659,14030211,532,1313,2,1013322,112000,1914644
1660,14030211,532,865,3,143571,39000,391713
1660,14030211,532,505,1,403362,11000,392362
1660,14030211,532,1355,2,1197501,220000,2175002
1660,14030211,532,1116,3,1521349,203000,4361047
1661,14030211,532,865,2,143571,22000,265142
1661,14030211,532,1355,2,1197501,167000,2228002
1661,14030211,532,475,4,737101,230000,2718404
1662,14030211,532,865,1,143571,4000,139571
1662,14030211,532,505,3,403362,89000,1121086
1662,14030211,532,1355,1,1197501,118000,1079501
1663,14030211,155,1930,1,115539,6000,109539
1663,14030211,155,865,2,143571,21000,266142
1663,14030211,155,1128,1,1189842,3000,1186842
1664,14030211,532,865,2,143571,6000,281142
1664,14030211,532,1355,3,1197501,260000,3332503
1664,14030211,532,1930,8,115539,10000,914312
1664,14030211,532,1039,1,81747,3000,78747
1664,14030211,532,985,2,940783,66000,1815566
1664,14030211,532,678,1,593703,38000,555703
1665,14030211,367,106,1,1003398,174000,829398
1665,14030211,367,865,2,143571,56000,231142
1666,14030211,532,865,8,143571,64000,1084568
1666,14030211,532,2190,4,195918,49000,734672
1666,14030211,532,734,2,851389,101000,1601778
1666,14030211,532,455,1,1215134,34000,1181134
1666,14030211,532,1355,2,1197501,171000,2224002
1666,14030211,532,1715,2,1717194,85000,3349388
1669,14030212,119,1355,2,1197501,342000,2053002
1669,14030212,119,1930,2,115539,34000,197078
1669,14030212,119,865,3,143571,27000,403713
1669,14030212,119,211,1,1279953,155000,1124953
1670,14030212,532,865,3,143571,37000,393713
1671,14030212,532,865,3,143571,40000,390713
1671,14030212,532,1930,1,115539,10000,105539
1671,14030212,532,455,2,1215134,99000,2331268
1671,14030212,532,1715,1,1717194,98000,1619194
1672,14030212,532,610,1,424412,15000,409412
1673,14030212,532,865,1,143571,6000,137571
1673,14030212,532,1930,3,115539,4000,342617
1673,14030212,532,1355,1,1197501,98000,1099501
1673,14030212,532,505,1,403362,35000,368362
1673,14030212,532,1017,2,791515,90000,1493030
1673,14030212,532,1128,2,1189842,214000,2165684
1673,14030212,532,610,3,424412,60000,1213236
1674,14030212,34,865,2,143571,21000,266142
1674,14030212,34,1355,2,1197501,110000,2285002
1674,14030212,34,248,2,1347785,121000,2574570
1674,14030212,34,1313,4,1013322,131000,3922288
1674,14030212,34,2190,3,195918,39000,548754
1674,14030212,34,62,2,1529891,71000,2988782
1676,14030212,155,865,3,143571,24000,406713
1676,14030212,155,1313,1,1013322,56000,957322
1676,14030212,155,734,1,851389,52000,799389
1676,14030212,155,455,2,1215134,46000,2384268
1676,14030212,155,2237,2,213629,38000,389258
1677,14030212,582,865,5,143571,12000,705855
1678,14030212,532,865,3,143571,38000,392713
1678,14030212,532,1930,2,115539,18000,213078
1678,14030212,532,455,2,1215134,97000,2333268
1679,14030212,532,62,4,1529891,14000,6105564
1680,14030212,532,1715,2,1717194,295000,3139388
1680,14030212,532,865,1,143571,3000,140571
1680,14030212,532,1355,1,1197501,11000,1186501
1680,14030212,532,610,1,424412,6000,418412
1682,14030212,532,865,1,143571,5000,138571
1683,14030212,532,865,2,143571,9000,278142
1683,14030212,532,248,1,1347785,111000,1236785
1683,14030212,532,1128,1,1189842,24000,1165842
1684,14030212,532,865,3,143571,16000,414713
1684,14030212,532,1644,1,1064460,6000,1058460
1684,14030212,532,248,2,1347785,109000,2586570
1684,14030212,532,1861,2,1313426,107000,2519852
1685,14030212,532,865,4,143571,15000,559284
1685,14030212,532,734,6,851389,344000,4764334
1685,14030212,532,1355,1,1197501,66000,1131501
1686,14030212,532,1355,1,1197501,48000,1149501
1686,14030212,532,865,1,143571,9000,134571
1686,14030212,532,1290,1,1054599,102000,952599
1686,14030212,532,1930,3,115539,18000,328617
1686,14030212,532,610,2,424412,77000,771824
1687,14030212,532,610,1,424412,19000,405412
1687,14030212,532,505,7,403362,0,2823534
1687,14030212,532,865,5,143571,34000,683855
1688,14030212,532,865,3,143571,16000,414713
1688,14030212,532,455,1,1215134,76000,1139134
1688,14030212,532,1116,2,1521349,155000,2887698
1688,14030212,532,1930,1,115539,8000,107539
1688,14030212,532,610,2,424412,25000,823824
1689,14030212,532,865,1,143571,2000,141571
1689,14030212,532,1355,2,1197501,66000,2329002
1689,14030212,532,1930,6,115539,22000,671234
1690,14030212,532,865,1,143571,3000,140571
1690,14030212,532,1355,3,1197501,162000,3430503
1690,14030212,532,248,1,1347785,132000,1215785
1690,14030212,532,455,2,1215134,3000,2427268
1690,14030212,532,610,2,424412,54000,794824
1692,14030213,532,1355,1,1197501,3000,1194501
1692,14030213,532,1017,3,791515,159000,2215545
1692,14030213,532,865,2,143571,10000,277142
1692,14030213,532,106,3,1003398,249000,2761194
1692,14030213,532,734,1,851389,15000,836389
1693,14030213,532,865,2,143571,0,287142
1693,14030213,532,1116,2,1521349,284000,2758698
1693,14030213,532,1355,2,1197501,53000,2342002
1693,14030213,532,1930,1,115539,3000,112539
1693,14030213,532,455,5,1215134,217000,5858670
1693,14030213,532,1128,1,1189842,72000,1117842
1694,14030213,532,865,3,143571,10000,420713
1694,14030213,532,1355,2,1197501,86000,2309002
1694,14030213,532,734,1,851389,77000,774389
1694,14030213,532,1930,3,115539,7000,339617
1695,14030213,582,610,3,424412,50000,1223236
1695,14030213,582,865,4,143571,32000,542284
1695,14030213,582,1930,2,115539,12000,219078
1696,14030213,533,610,2,424412,100000,748824
1696,14030213,533,248,2,1347785,152000,2543570
1696,14030213,533,865,1,143571,8000,135571
1696,14030213,533,1355,1,1197501,122000,1075501
1697,14030213,532,248,1,1347785,91000,1256785
1697,14030213,532,865,9,143571,89000,1203139
1697,14030213,532,1355,2,1197501,60000,2335002
1697,14030213,532,505,5,403362,129000,1887810
1697,14030213,532,455,5,1215134,31000,6044670
1698,14030213,532,865,2,143571,28000,259142
1698,14030213,532,1313,1,1013322,68000,945322
1698,14030213,532,1355,3,1197501,317000,3275503
1698,14030213,532,455,1,1215134,33000,1182134
1698,14030213,532,734,1,851389,16000,835389
1698,14030213,532,248,1,1347785,77000,1270785
1698,14030213,532,1930,1,115539,8000,107539
1700,14030213,533,734,2,851389,215000,1487778
1700,14030213,533,865,2,143571,30000,257142
1700,14030213,533,455,1,1215134,68000,1147134
1700,14030213,533,1644,3,1064460,180000,3013380
1700,14030213,533,1355,1,1197501,169000,1028501
1701,14030213,249,248,1,1347785,151000,1196785
1701,14030213,249,1313,1,1013322,119000,894322
1701,14030213,249,865,2,143571,22000,265142
1701,14030213,249,749,1,1451605,86000,1365605
1702,14030213,532,865,1,143571,8000,135571
1702,14030213,532,505,2,403362,0,806724
1702,14030213,532,610,1,424412,33000,391412
1702,14030213,532,1313,1,1013322,95000,918322
1702,14030213,532,1355,3,1197501,163000,3429503
1703,14030213,533,865,1,143571,8000,135571
1703,14030213,533,1861,2,1313426,149000,2477852
1703,14030213,533,1930,3,115539,24000,322617
1703,14030213,533,734,2,851389,193000,1509778
1704,14030213,396,865,2,143571,20000,267142
1704,14030213,396,1290,2,1054599,51000,2058198
1704,14030213,396,248,3,1347785,24000,4019355
1705,14030213,532,865,3,143571,13000,417713
1705,14030213,532,1930,4,115539,35000,427156
1705,14030213,532,1128,1,1189842,36000,1153842
1706,14030213,532,1355,1,1197501,0,1197501
1706,14030213,532,865,2,143571,19000,268142
1706,14030213,532,985,1,940783,47000,893783
1706,14030213,532,455,3,1215134,313000,3332402
1707,14030213,532,1355,1,1197501,23000,1174501
1707,14030213,532,865,4,143571,45000,529284
1707,14030213,532,610,1,424412,28000,396412
1707,14030213,532,505,2,403362,79000,727724
1709,14030213,532,865,1,143571,3000,140571
1710,14030215,532,865,3,143571,41000,389713
1710,14030215,532,455,1,1215134,89000,1126134
1710,14030215,532,1355,1,1197501,22000,1175501
1713,14030215,262,1290,1,1054599,204000,850599
1713,14030215,262,1128,1,1189842,147000,1042842
1713,14030215,262,734,3,851389,424000,2130167
1713,14030215,262,865,5,143571,141000,576855
1713,14030215,262,505,10,403362,758000,3275620
1713,14030215,262,1355,4,1197501,510000,4280004
1714,14030215,532,1930,5,115539,45000,532695
1714,14030215,532,734,1,851389,32000,819389
1716,14030215,476,865,1,143571,11000,132571
1716,14030215,476,1355,4,1197501,407000,4383004
1716,14030215,476,455,6,1215134,645000,6645804
1716,14030215,476,1930,1,115539,0,115539
1717,14030215,105,749,2,1451605,18000,2885210
1717,14030215,105,865,2,143571,21000,266142
1717,14030215,105,455,2,1215134,123000,2307268
1717,14030215,105,1313,2,1013322,94000,1932644
1719,14030215,532,865,1,143571,2000,141571
1720,14030215,532,455,1,1215134,37000,1178134
1720,14030215,532,678,4,593703,135000,2239812
1720,14030215,532,865,5,143571,26000,691855
1720,14030215,532,1355,2,1197501,32000,2363002
1720,14030215,532,1861,1,1313426,58000,1255426
1720,14030215,532,1313,1,1013322,59000,954322
1721,14030215,532,865,2,143571,11000,276142
1721,14030215,532,489,3,679026,64000,1973078
1721,14030215,532,2237,1,213629,3000,210629
1721,14030215,532,734,1,851389,54000,797389
1722,14030215,138,1355,1,1197501,100000,1097501
1722,14030215,138,865,2,143571,18000,269142
1723,14030215,500,865,1,143571,2000,141571
1724,14030215,532,865,1,143571,11000,132571
1724,14030215,532,1930,2,115539,6000,225078
1724,14030215,532,455,3,1215134,363000,3282402
1724,14030215,532,1355,10,1197501,900000,11075010
1725,14030216,532,455,1,1215134,36000,1179134
1725,14030216,532,865,3,143571,33000,397713
1725,14030216,532,1355,2,1197501,97000,2298002
1725,14030216,532,248,2,1347785,176000,2519570
1725,14030216,532,1930,2,115539,11000,220078
1725,14030216,532,1313,3,1013322,45000,2994966
1725,14030216,532,1039,1,81747,1000,80747
1725,14030216,532,412,3,1558019,221000,4453057
1726,14030216,532,865,3,143571,32000,398713
1726,14030216,532,734,3,851389,79000,2475167
1726,14030216,532,248,2,1347785,56000,2639570
1727,14030216,532,865,2,143571,10000,277142
1727,14030216,532,1313,2,1013322,26000,2000644
1727,14030216,532,1355,5,1197501,5000,5982505
1727,14030216,532,1128,3,1189842,297000,3272526
1729,14030216,532,1861,1,1313426,82000,1231426
1729,14030216,532,610,2,424412,51000,797824
1729,14030216,532,865,1,143571,5000,138571
1729,14030216,532,1128,2,1189842,44000,2335684
1729,14030216,532,248,1,1347785,76000,1271785
1729,14030216,532,749,2,1451605,259000,2644210
1730,14030216,532,865,1,143571,7000,136571
1730,14030216,532,1355,1,1197501,82000,1115501
1731,14030216,476,610,1,424412,2000,422412
1731,14030216,476,865,6,143571,24000,837426
1731,14030216,476,1355,1,1197501,78000,1119501
1731,14030216,476,2190,1,195918,1000,194918
1732,14030216,532,248,1,1347785,115000,1232785
1732,14030216,532,749,2,1451605,45000,2858210
1732,14030216,532,865,1,143571,7000,136571
1732,14030216,532,455,2,1215134,16000,2414268
1732,14030216,532,2190,6,195918,101000,1074508
1733,14030216,519,1644,1,1064460,99000,965460
1734,14030216,532,865,5,143571,42000,675855
1734,14030216,532,1355,1,1197501,0,1197501
1734,14030216,532,1644,1,1064460,6000,1058460
1734,14030216,532,1930,1,115539,9000,106539
1736,14030216,70,865,2,143571,51000,236142
1736,14030216,70,1355,1,1197501,149000,1048501
1736,14030216,70,1128,4,1189842,824000,3935368
1737,14030216,532,865,5,143571,13000,704855
1737,14030216,532,725,2,1520368,119000,2921736
1737,14030216,532,505,4,403362,44000,1569448
1738,14030216,274,865,1,143571,13000,130571
1738,14030216,274,505,2,403362,58000,748724
1738,14030216,274,1355,1,1197501,59000,1138501
1738,14030216,274,734,9,851389,423000,7239501
1738,14030216,274,610,10,424412,32000,4212120
1739,14030216,532,865,3,143571,14000,416713
1739,14030216,532,1355,2,1197501,60000,2335002
1740,14030216,533,865,2,143571,16000,271142
1740,14030216,533,1355,2,1197501,299000,2096002
1740,14030216,533,1128,1,1189842,148000,1041842
1740,14030216,533,1930,4,115539,41000,421156
1740,14030216,533,985,1,940783,57000,883783
1741,14030216,447,1355,1,1197501,89000,1108501
1741,14030216,447,211,2,1279953,17000,2542906
1741,14030216,447,865,2,143571,6000,281142
1741,14030216,447,1930,6,115539,9000,684234
1741,14030216,447,489,3,679026,171000,1866078
1741,14030216,447,1116,1,1521349,2000,1519349
1741,14030216,447,825,1,1135530,33000,1102530
1741,14030216,447,106,2,1003398,78000,1928796
1742,14030216,532,865,3,143571,29000,401713
1742,14030216,532,1355,1,1197501,42000,1155501
1743,14030216,532,455,1,1215134,82000,1133134
1743,14030216,532,610,1,424412,29000,395412
1743,14030216,532,865,3,143571,34000,396713
1744,14030216,447,455,3,1215134,326000,3319402
1744,14030216,447,865,1,143571,4000,139571
1744,14030216,447,1355,1,1197501,0,1197501
1744,14030216,447,1715,5,1717194,321000,8264970
1745,14030216,532,865,1,143571,6000,137571
1745,14030216,532,248,8,1347785,363000,10419280
1745,14030216,532,1355,1,1197501,80000,1117501
1746,14030216,519,1930,4,115539,59000,403156
1746,14030216,519,1313,3,1013322,203000,2836966
1746,14030216,519,865,1,143571,13000,130571
1748,14030217,472,865,1,143571,10000,133571
1748,14030217,472,610,2,424412,69000,779824
1748,14030217,472,1930,1,115539,11000,104539
1748,14030217,472,1644,1,1064460,139000,925460
1748,14030217,472,1355,2,1197501,208000,2187002
1748,14030217,472,734,1,851389,61000,790389
1748,14030217,472,505,1,403362,44000,359362
1748,14030217,472,1313,8,1013322,487000,7619576
1749,14030217,532,865,9,143571,109000,1183139
1749,14030217,532,489,1,679026,65000,614026
1749,14030217,532,455,2,1215134,238000,2192268
1749,14030217,532,734,2,851389,115000,1587778
1749,14030217,532,248,7,1347785,654000,8780495
1750,14030217,184,1313,2,1013322,381000,1645644
1750,14030217,184,455,1,1215134,224000,991134
1750,14030217,184,865,2,143571,38000,249142
1750,14030217,184,1930,2,115539,36000,195078
1751,14030217,532,865,2,143571,6000,281142
1751,14030217,532,455,2,1215134,240000,2190268
1751,14030217,532,2456,1,1635264,100000,1535264
1751,14030217,532,1116,4,1521349,187000,5898396
1752,14030217,500,865,3,143571,26000,404713
1752,14030217,500,1355,1,1197501,44000,1153501
1752,14030217,500,610,1,424412,6000,418412
1752,14030217,500,1930,1,115539,0,115539
1752,14030217,500,1861,5,1313426,392000,6175130
1752,14030217,500,455,5,1215134,449000,5626670
1754,14030217,532,1930,1,115539,2000,113539
1754,14030217,532,865,2,143571,26000,261142
1754,14030217,532,1313,2,1013322,50000,1976644
1754,14030217,532,455,2,1215134,174000,2256268
1754,14030217,532,2190,2,195918,14000,377836
1754,14030217,532,1715,1,1717194,75000,1642194
1754,14030217,532,610,1,424412,36000,388412
1755,14030217,391,865,1,143571,16000,127571
1755,14030217,391,1861,1,1313426,92000,1221426
1756,14030217,532,1116,2,1521349,252000,2790698
1756,14030217,532,865,5,143571,16000,701855
1757,14030217,532,865,3,143571,13000,417713
1757,14030217,532,1313,3,1013322,74000,2965966
1759,14030217,532,865,7,143571,40000,964997
1760,14030217,532,1017,3,791515,180000,2194545
1760,14030217,532,865,3,143571,34000,396713
1760,14030217,532,734,1,851389,32000,819389
1760,14030217,532,1644,4,1064460,323000,3934840
1760,14030217,532,455,5,1215134,361000,5714670
1761,14030217,532,865,2,143571,13000,274142
1761,14030217,532,1116,1,1521349,92000,1429349
1762,14030217,135,865,1,143571,21000,122571
1762,14030217,135,1313,1,1013322,120000,893322
1763,14030217,532,865,2,143571,20000,267142
1764,14030217,155,1930,5,115539,54000,523695
1764,14030217,155,865,7,143571,37000,967997
1764,14030217,155,1128,2,1189842,152000,2227684
1764,14030217,155,610,2,424412,34000,814824
1765,14030217,532,734,5,851389,163000,4093945
1766,14030217,468,865,1,143571,6000,137571
1766,14030217,468,1313,1,1013322,92000,921322
1766,14030217,468,1930,3,115539,17000,329617
1766,14030217,468,1128,2,1189842,163000,2216684
1767,14030217,479,865,3,143571,10000,420713
1767,14030217,479,2190,1,195918,15000,180918
1767,14030217,479,1930,2,115539,15000,216078
1767,14030217,479,1355,2,1197501,154000,2241002
1767,14030217,479,610,2,424412,21000,827824
1767,14030217,479,1116,3,1521349,5000,4559047
1768,14030217,532,1930,2,115539,21000,210078
1768,14030217,532,865,1,143571,8000,135571
1768,14030217,532,1116,4,1521349,315000,5770396
1768,14030217,532,1290,1,1054599,44000,1010599
1768,14030217,532,1355,3,1197501,90000,3502503
1768,14030217,532,610,1,424412,41000,383412
1769,14030217,532,865,1,143571,4000,139571
1769,14030217,532,1930,2,115539,20000,211078
1769,14030217,532,1355,3,1197501,31000,3561503
1769,14030217,532,825,2,1135530,176000,2095060
1769,14030217,532,725,1,1520368,21000,1499368
1770,14030218,532,865,1,143571,4000,139571
1770,14030218,532,734,8,851389,556000,6255112
1770,14030218,532,1930,1,115539,0,115539
1770,14030218,532,1355,2,1197501,125000,2270002
1770,14030218,532,1861,1,1313426,49000,1264426
1770,14030218,532,505,3,403362,23000,1187086
1770,14030218,532,2237,1,213629,20000,193629
1770,14030218,532,1644,2,1064460,173000,1955920
1771,14030218,532,865,1,143571,2000,141571
1771,14030218,532,610,3,424412,33000,1240236
1771,14030218,532,1930,4,115539,18000,444156
1773,14030218,532,865,1,143571,10000,133571
1773,14030218,532,610,1,424412,24000,400412
1774,14030218,532,865,1,143571,7000,136571
1774,14030218,532,1930,8,115539,70000,854312
1774,14030218,532,1313,5,1013322,239000,4827610
1774,14030218,532,248,1,1347785,119000,1228785
1774,14030218,532,1644,10,1064460,869000,9775600
1774,14030218,532,455,5,1215134,404000,5671670
1774,14030218,532,1355,1,1197501,6000,1191501
1774,14030218,532,2190,1,195918,6000,189918
1775,14030218,532,865,2,143571,20000,267142
1775,14030218,532,1930,3,115539,30000,316617
1776,14030218,532,865,2,143571,24000,263142
1776,14030218,532,1930,1,115539,8000,107539
1777,14030218,140,865,1,143571,16000,127571
1777,14030218,140,1128,2,1189842,232000,2147684
1777,14030218,140,1644,2,1064460,146000,1982920
1777,14030218,140,1930,8,115539,134000,790312
1777,14030218,140,455,3,1215134,188000,3457402
1777,14030218,140,1039,1,81747,4000,77747
1779,14030218,155,865,4,143571,42000,532284
1779,14030218,155,1861,1,1313426,68000,1245426
1779,14030218,155,1355,2,1197501,205000,2190002
1779,14030218,155,610,2,424412,10000,838824
1779,14030218,155,1644,3,1064460,96000,3097380
1781,14030218,532,865,1,143571,3000,140571
1781,14030218,532,248,1,1347785,18000,1329785
1781,14030218,532,1355,2,1197501,173000,2222002
1781,14030218,532,610,1,424412,29000,395412
1781,14030218,532,1930,4,115539,43000,419156
1782,14030218,479,865,2,143571,18000,269142
1782,14030218,479,1116,1,1521349,109000,1412349
1782,14030218,479,734,3,851389,97000,2457167
1782,14030218,479,1355,2,1197501,134000,2261002
1782,14030218,479,1930,4,115539,37000,425156
1782,14030218,479,248,1,1347785,15000,1332785
1783,14030218,472,865,1,143571,17000,126571
1783,14030218,472,610,5,424412,264000,1858060
1784,14030218,476,865,1,143571,12000,131571
1784,14030218,476,1017,6,791515,273000,4476090
1785,14030218,532,865,1,143571,7000,136571
1787,14030218,532,1313,2,1013322,121000,1905644
1787,14030218,532,865,1,143571,9000,134571
1787,14030218,532,1355,3,1197501,252000,3340503
1787,14030218,532,1116,2,1521349,93000,2949698
1788,14030218,533,1355,3,1197501,351000,3241503
1788,14030218,533,1930,3,115539,30000,316617
1788,14030218,533,610,8,424412,282000,3113296
1788,14030218,533,865,3,143571,30000,400713
1788,14030218,533,455,3,1215134,477000,3168402
1788,14030218,533,1313,3,1013322,167000,2872966
1788,14030218,533,734,4,851389,231000,3174556
1789,14030218,500,865,2,143571,24000,263142
1789,14030218,500,610,9,424412,209000,3610708
1789,14030218,500,1290,1,1054599,71000,983599
1789,14030218,500,1355,9,1197501,816000,9961509
1789,14030218,500,1313,1,1013322,53000,960322
1789,14030218,500,455,1,1215134,104000,1111134
1789,14030218,500,2190,1,195918,2000,193918
1789,14030218,500,1930,3,115539,20000,326617
1789,14030218,500,734,3,851389,217000,2337167
1790,14030218,532,865,2,143571,4000,283142
1790,14030218,532,1039,1,81747,5000,76747
1790,14030218,532,1355,1,1197501,17000,1180501
1790,14030218,532,2237,1,213629,15000,198629
1790,14030218,532,610,3,424412,1000,1272236
1790,14030218,532,1128,3,1189842,205000,3364526
1791,14030218,532,865,8,143571,16000,1132568
1791,14030218,532,1355,6,1197501,306000,6879006
1791,14030218,532,1017,3,791515,219000,2155545
1791,14030218,532,455,1,1215134,118000,1097134
1792,14030218,532,1355,2,1197501,142000,2253002
1792,14030218,532,865,6,143571,54000,807426
1792,14030218,532,610,2,424412,2000,846824
1792,14030218,532,455,1,1215134,59000,1156134
1792,14030218,532,1128,2,1189842,227000,2152684
1792,14030218,532,489,2,679026,50000,1308052
1792,14030218,532,1930,2,115539,18000,213078
1792,14030218,532,1313,2,1013322,157000,1869644
1793,14030219,454,865,1,143571,14000,129571
1793,14030219,454,1861,2,1313426,265000,2361852
1794,14030219,532,865,2,143571,16000,271142
1795,14030219,532,865,3,143571,34000,396713
1795,14030219,532,455,1,1215134,58000,1157134
1795,14030219,532,1355,2,1197501,103000,2292002
1796,14030219,140,865,1,143571,8000,135571
1796,14030219,140,1355,4,1197501,620000,4170004
1796,14030219,140,106,1,1003398,131000,872398
1796,14030219,140,1128,2,1189842,312000,2067684
1797,14030219,519,865,2,143571,31000,256142
1797,14030219,519,1355,3,1197501,463000,3129503
1797,14030219,519,1644,1,1064460,133000,931460
1797,14030219,519,749,6,1451605,1217000,7492630
1798,14030219,532,1930,2,115539,4000,227078
1798,14030219,532,2442,2,1233012,197000,2269024
1798,14030219,532,865,1,143571,1000,142571
1799,14030219,532,865,1,143571,8000,135571
1799,14030219,532,248,4,1347785,18000,5373140
1800,14030219,532,248,2,1347785,114000,2581570
1800,14030219,532,865,5,143571,0,717855
1800,14030219,532,734,1,851389,80000,771389
1800,14030219,532,489,2,679026,106000,1252052
1801,14030219,532,865,2,143571,16000,271142
1801,14030219,532,1355,2,1197501,125000,2270002
1801,14030219,532,455,2,1215134,50000,2380268
1801,14030219,532,1128,1,1189842,97000,1092842
1802,14030219,135,865,1,143571,18000,125571
1802,14030219,135,1313,3,1013322,595000,2444966
1802,14030219,135,1930,2,115539,28000,203078
1803,14030219,532,865,1,143571,8000,135571
1803,14030219,532,1930,1,115539,2000,113539
1803,14030219,532,1116,1,1521349,137000,1384349
1803,14030219,532,610,2,424412,7000,841824
1804,14030219,532,865,2,143571,19000,268142
1804,14030219,532,1355,2,1197501,16000,2379002
1804,14030219,532,455,3,1215134,362000,3283402
1805,14030219,532,865,1,143571,5000,138571
1805,14030219,532,62,2,1529891,251000,2808782
1805,14030219,532,1355,2,1197501,100000,2295002
1805,14030219,532,455,1,1215134,120000,1095134
1805,14030219,532,1017,2,791515,12000,1571030
1806,14030219,532,455,1,1215134,66000,1149134
1806,14030219,532,1930,1,115539,7000,108539
1807,14030219,532,865,1,143571,3000,140571
1807,14030219,532,455,4,1215134,109000,4751536
1807,14030219,532,1930,1,115539,4000,111539
1807,14030219,532,734,6,851389,193000,4915334
1808,14030219,523,1355,5,1197501,703000,5284505
1808,14030219,523,865,3,143571,56000,374713
1809,14030219,499,865,2,143571,15000,272142
1809,14030219,499,248,3,1347785,349000,3694355
1809,14030219,499,1313,2,1013322,123000,1903644
1809,14030219,499,1930,4,115539,7000,455156
1809,14030219,499,1861,5,1313426,255000,6312130
1809,14030219,499,1128,6,1189842,379000,6760052
1811,14030219,532,865,7,143571,71000,933997
1811,14030219,532,610,1,424412,25000,399412
1811,14030219,532,1290,3,1054599,57000,3106797
1811,14030219,532,1930,8,115539,73000,851312
1811,14030219,532,1355,2,1197501,66000,2329002
1811,14030219,532,79,2,283656,53000,514312
1813,14030219,532,865,3,143571,20000,410713
1813,14030219,532,505,2,403362,80000,726724
1813,14030219,532,1355,2,1197501,147000,2248002
1813,14030219,532,455,5,1215134,453000,5622670
1813,14030219,532,1128,3,1189842,250000,3319526
1813,14030219,532,1313,3,1013322,74000,2965966
1813,14030219,532,1017,3,791515,225000,2149545
1814,14030220,476,865,2,143571,17000,270142
1814,14030220,476,1930,2,115539,22000,209078
1814,14030220,476,455,2,1215134,214000,2216268
1814,14030220,476,1355,2,1197501,53000,2342002
1814,14030220,476,572,1,826512,69000,757512
1814,14030220,476,2190,2,195918,14000,377836
1814,14030220,476,248,1,1347785,15000,1332785
1815,14030220,533,865,1,143571,14000,129571
1815,14030220,533,1355,3,1197501,221000,3371503
1815,14030220,533,1116,1,1521349,120000,1401349
1815,14030220,533,455,1,1215134,150000,1065134
1815,14030220,533,610,2,424412,60000,788824
1815,14030220,533,734,1,851389,122000,729389
1815,14030220,533,1128,2,1189842,315000,2064684
1815,14030220,533,1039,1,81747,7000,74747
1817,14030220,532,865,1,143571,7000,136571
1817,14030220,532,1355,1,1197501,14000,1183501
1817,14030220,532,610,2,424412,13000,835824
1818,14030220,532,865,1,143571,6000,137571
1818,14030220,532,1355,1,1197501,97000,1100501
1818,14030220,532,455,1,1215134,53000,1162134
1818,14030220,532,1128,3,1189842,57000,3512526
1819,14030220,523,865,2,143571,39000,248142
1819,14030220,523,1355,4,1197501,574000,4216004
1819,14030220,523,1930,1,115539,12000,103539
1819,14030220,523,734,1,851389,148000,703389
1822,14030220,532,734,1,851389,57000,794389
1822,14030220,532,865,1,143571,14000,129571
1822,14030220,532,505,1,403362,19000,384362
1822,14030220,532,1116,3,1521349,113000,4451047
1822,14030220,532,248,1,1347785,68000,1279785
1823,14030220,532,865,3,143571,37000,393713
1823,14030220,532,455,9,1215134,270000,10666206
1823,14030220,532,1861,3,1313426,78000,3862278
1824,14030220,532,865,3,143571,30000,400713
1824,14030220,532,455,9,1215134,646000,10290206
1824,14030220,532,2237,2,213629,9000,418258
1824,14030220,532,1930,1,115539,0,115539
1824,14030220,532,1355,9,1197501,1001000,9776509
1825,14030220,533,865,2,143571,16000,271142
1825,14030220,533,455,1,1215134,110000,1105134
1825,14030220,533,1128,1,1189842,134000,1055842
1825,14030220,533,1644,1,1064460,89000,975460
1826,14030220,532,865,2,143571,18000,269142
1826,14030220,532,1355,1,1197501,32000,1165501
1826,14030220,532,455,1,1215134,42000,1173134
1826,14030220,532,1017,2,791515,50000,1533030
1827,14030220,262,865,1,143571,15000,128571
1829,14030220,242,865,3,143571,15000,415713
1829,14030220,242,1128,3,1189842,188000,3381526
1829,14030220,242,1355,1,1197501,77000,1120501
1829,14030220,242,455,1,1215134,46000,1169134
1831,14030220,70,865,1,143571,22000,121571
1832,14030220,532,1128,4,1189842,406000,4353368
1832,14030220,532,865,4,143571,55000,519284
1833,14030220,262,865,5,143571,76000,641855
1833,14030220,262,1930,2,115539,44000,187078
1833,14030220,262,455,2,1215134,248000,2182268
1833,14030220,262,1313,2,1013322,343000,1683644
1833,14030220,262,248,1,1347785,140000,1207785
1833,14030220,262,825,2,1135530,407000,1864060
1834,14030220,532,865,3,143571,17000,413713
1834,14030220,532,1355,2,1197501,208000,2187002
1834,14030220,532,734,3,851389,98000,2456167
1834,14030220,532,1930,3,115539,13000,333617
1834,14030220,532,610,1,424412,7000,417412
1835,14030220,532,865,1,143571,10000,133571
1835,14030220,532,1861,4,1313426,415000,4838704
1835,14030220,532,1644,2,1064460,150000,1978920
1837,14030222,532,865,3,143571,27000,403713
1837,14030222,532,1355,1,1197501,98000,1099501
1837,14030222,532,455,2,1215134,0,2430268
1838,14030222,532,865,2,143571,10000,277142
1838,14030222,532,1355,1,1197501,84000,1113501
1838,14030222,532,1644,2,1064460,153000,1975920
1838,14030222,532,1128,2,1189842,145000,2234684
1839,14030222,532,865,1,143571,11000,132571
1839,14030222,532,734,3,851389,56000,2498167
1839,14030222,532,1930,6,115539,12000,681234
1839,14030222,532,1313,7,1013322,381000,6712254
1841,14030222,532,1128,1,1189842,22000,1167842
1841,14030222,532,865,4,143571,10000,564284
1843,14030222,391,865,1,143571,20000,123571
1844,14030222,337,865,3,143571,77000,353713
1844,14030222,337,1861,2,1313426,361000,2265852
1844,14030222,337,1930,1,115539,21000,94539
1844,14030222,337,1644,3,1064460,525000,2668380
1844,14030222,337,455,1,1215134,151000,1064134
1845,14030222,532,1017,1,791515,49000,742515
1845,14030222,532,2190,1,195918,18000,177918
1847,14030222,532,505,3,403362,17000,1193086
1847,14030222,532,865,5,143571,1000,716855
1847,14030222,532,248,2,1347785,39000,2656570
1847,14030222,532,1355,2,1197501,54000,2341002
1847,14030222,532,211,4,1279953,196000,4923812
1848,14030222,442,865,3,143571,47000,383713
1848,14030222,442,1861,1,1313426,145000,1168426
1848,14030222,442,1930,1,115539,22000,93539
1848,14030222,442,1128,1,1189842,192000,997842
1848,14030222,442,455,1,1215134,233000,982134
1848,14030222,442,1355,5,1197501,1134000,4853505
1848,14030222,442,1313,2,1013322,238000,1788644
1849,14030222,532,2190,1,195918,13000,182918
1849,14030222,532,865,1,143571,11000,132571
1849,14030222,532,610,1,424412,4000,420412
1849,14030222,532,1355,5,1197501,396000,5591505
1850,14030222,533,865,1,143571,7000,136571
1850,14030222,533,1355,2,1197501,196000,2199002
1850,14030222,533,455,1,1215134,148000,1067134
1850,14030222,533,1715,1,1717194,185000,1532194
1851,14030222,532,865,1,143571,1000,142571
1851,14030222,532,1355,1,1197501,38000,1159501
1851,14030222,532,2314,2,1045095,144000,1946190
1851,14030222,532,610,2,424412,67000,781824
1851,14030222,532,248,1,1347785,108000,1239785
1851,14030222,532,1930,2,115539,5000,226078
1851,14030222,532,505,2,403362,40000,766724
1851,14030222,532,1861,2,1313426,139000,2487852
1852,14030222,532,1355,1,1197501,69000,1128501
1852,14030222,532,2237,2,213629,24000,403258
1852,14030222,532,865,2,143571,21000,266142
1852,14030222,532,610,3,424412,29000,1244236
1852,14030222,532,734,1,851389,84000,767389
1852,14030222,532,1265,1,1070719,59000,1011719
1852,14030222,532,1116,6,1521349,840000,8288094
1853,14030222,532,1930,1,115539,9000,106539
1853,14030222,532,455,4,1215134,398000,4462536
1854,14030222,532,1355,1,1197501,102000,1095501
1854,14030222,532,865,7,143571,91000,913997
1854,14030222,532,455,1,1215134,100000,1115134
1855,14030223,532,865,6,143571,60000,801426
1855,14030223,532,1930,1,115539,0,115539
1856,14030223,532,1930,1,115539,8000,107539
1856,14030223,532,865,3,143571,37000,393713
1856,14030223,532,1644,1,1064460,8000,1056460
1856,14030223,532,1128,2,1189842,193000,2186684
1856,14030223,532,505,1,403362,7000,396362
1856,14030223,532,455,3,1215134,272000,3373402
1856,14030223,532,1313,2,1013322,60000,1966644
1857,14030223,155,455,1,1215134,94000,1121134
1857,14030223,155,865,2,143571,8000,279142
1857,14030223,155,1265,1,1070719,94000,976719
1857,14030223,155,1355,1,1197501,89000,1108501
1858,14030223,519,1930,1,115539,15000,100539
1858,14030223,519,455,2,1215134,334000,2096268
1858,14030223,519,865,2,143571,38000,249142
1858,14030223,519,1355,5,1197501,599000,5388505
1858,14030223,519,1290,3,1054599,292000,2871797
1860,14030223,532,865,1,143571,10000,133571
1860,14030223,532,610,2,424412,71000,777824
1860,14030223,532,1355,3,1197501,168000,3424503
1861,14030223,532,455,2,1215134,201000,2229268
1861,14030223,532,248,1,1347785,108000,1239785
1861,14030223,532,865,2,143571,5000,282142
1861,14030223,532,1355,1,1197501,9000,1188501
1862,14030223,532,865,3,143571,1000,429713
1862,14030223,532,1355,1,1197501,64000,1133501
1862,14030223,532,62,1,1529891,91000,1438891
1862,14030223,532,412,3,1558019,144000,4530057
1862,14030223,532,610,2,424412,54000,794824
1863,14030223,532,610,1,424412,41000,383412
1864,14030223,532,865,2,143571,22000,265142
1864,14030223,532,1930,1,115539,3000,112539
1864,14030223,532,678,5,593703,2000,2966515
1864,14030223,532,412,1,1558019,43000,1515019
1864,14030223,532,1017,1,791515,15000,776515
1865,14030223,447,1355,3,1197501,349000,3243503
1865,14030223,447,865,3,143571,4000,426713
1865,14030223,447,505,2,403362,59000,747724
1865,14030223,447,1930,1,115539,6000,109539
1865,14030223,447,1644,1,1064460,62000,1002460
1869,14030223,391,865,4,143571,60000,514284
1869,14030223,391,1128,6,1189842,914000,6225052
1870,14030223,532,865,1,143571,4000,139571
1870,14030223,532,1355,5,1197501,96000,5891505
1874,14030223,470,455,3,1215134,453000,3192402
1874,14030223,470,1313,3,1013322,306000,2733966
1874,14030223,470,865,4,143571,74000,500284
1874,14030223,470,1930,1,115539,16000,99539
1874,14030223,470,505,1,403362,55000,348362
1875,14030224,532,1355,2,1197501,153000,2242002
1875,14030224,532,1930,4,115539,21000,441156
1876,14030224,532,865,3,143571,39000,391713
1876,14030224,532,734,5,851389,327000,3929945
1878,14030224,532,1017,1,791515,12000,779515
1878,14030224,532,1355,2,1197501,153000,2242002
1878,14030224,532,865,1,143571,0,143571
1879,14030224,533,865,1,143571,20000,123571
1879,14030224,533,248,1,1347785,125000,1222785
1879,14030224,533,455,2,1215134,134000,2296268
1879,14030224,533,610,4,424412,246000,1451648
1879,14030224,533,505,2,403362,62000,744724
1880,14030224,51,1644,1,1064460,7000,1057460
1880,14030224,51,248,2,1347785,80000,2615570
1880,14030224,51,865,3,143571,37000,393713
1880,14030224,51,1930,2,115539,15000,216078
1880,14030224,51,1355,1,1197501,99000,1098501
1881,14030224,532,211,4,1279953,175000,4944812
1881,14030224,532,2190,3,195918,9000,578754
1882,14030224,532,1355,2,1197501,113000,2282002
1882,14030224,532,865,2,143571,4000,283142
1882,14030224,532,505,2,403362,28000,778724
1882,14030224,532,1128,2,1189842,92000,2287684
1885,14030224,532,865,3,143571,31000,399713
1885,14030224,532,62,1,1529891,23000,1506891
1885,14030224,532,2190,4,195918,8000,775672
1885,14030224,532,1313,6,1013322,247000,5832932
1885,14030224,532,1128,2,1189842,198000,2181684
1885,14030224,532,1116,1,1521349,68000,1453349
1885,14030224,532,1644,6,1064460,62000,6324760
1886,14030224,532,865,7,143571,42000,962997
1886,14030224,532,455,2,1215134,40000,2390268
1886,14030224,532,1355,1,1197501,41000,1156501
1887,14030224,391,865,7,143571,108000,896997
1887,14030224,391,1355,1,1197501,157000,1040501
1887,14030224,391,1930,1,115539,16000,99539
1887,14030224,391,1313,2,1013322,277000,1749644
1887,14030224,391,455,2,1215134,279000,2151268
1887,14030224,391,2314,2,1045095,190000,1900190
1887,14030224,391,610,1,424412,44000,380412
1887,14030224,391,248,2,1347785,341000,2354570
1888,14030224,532,865,1,143571,8000,135571
1888,14030224,532,455,2,1215134,92000,2338268
1888,14030224,532,1355,3,1197501,247000,3345503
1889,14030224,532,865,10,143571,115000,1320710
1889,14030224,532,1930,1,115539,7000,108539
1889,14030224,532,1017,2,791515,65000,1518030
1889,14030224,532,1313,2,1013322,152000,1874644
1890,14030224,532,865,1,143571,6000,137571
1890,14030224,532,1930,2,115539,0,231078
1890,14030224,532,2190,1,195918,8000,187918
1890,14030224,532,505,1,403362,18000,385362
1890,14030224,532,1128,1,1189842,23000,1166842
1890,14030224,532,610,2,424412,10000,838824
1890,14030224,532,455,6,1215134,666000,6624804
1890,14030224,532,248,2,1347785,221000,2474570
1891,14030224,532,865,3,143571,0,430713
1891,14030224,532,572,1,826512,18000,808512
1891,14030224,532,610,1,424412,37000,387412
1891,14030224,532,1644,1,1064460,89000,975460
1891,14030224,532,248,3,1347785,167000,3876355
1891,14030224,532,505,1,403362,36000,367362
1892,14030224,532,865,1,143571,2000,141571
1892,14030224,532,455,1,1215134,99000,1116134
1892,14030224,532,1313,3,1013322,182000,2857966
1892,14030224,532,1930,1,115539,11000,104539
1893,14030224,532,865,1,143571,13000,130571
1893,14030224,532,2237,1,213629,13000,200629
1893,14030224,532,455,3,1215134,292000,3353402
1893,14030224,532,248,2,1347785,34000,2661570
1893,14030224,532,610,2,424412,82000,766824
1893,14030224,532,1355,1,1197501,108000,1089501
1893,14030224,532,1930,1,115539,9000,106539
1893,14030224,532,1313,2,1013322,127000,1899644
1894,14030224,532,1128,1,1189842,65000,1124842
1894,14030224,532,865,5,143571,14000,703855
1894,14030224,532,1355,1,1197501,52000,1145501
1894,14030224,532,455,2,1215134,144000,2286268
1894,14030224,532,489,1,679026,48000,631026
1896,14030225,532,865,2,143571,18000,269142
1896,14030225,532,749,2,1451605,30000,2873210
1896,14030225,532,455,2,1215134,144000,2286268
1896,14030225,532,1715,1,1717194,48000,1669194
1896,14030225,532,1290,4,1054599,39000,4179396
1896,14030225,532,1355,2,1197501,86000,2309002
1896,14030225,532,1644,3,1064460,124000,3069380
1896,14030225,532,1313,2,1013322,4000,2022644
1896,14030225,532,734,1,851389,81000,770389
1897,14030225,519,865,2,143571,25000,262142
1897,14030225,519,1930,1,115539,16000,99539
1898,14030225,532,865,1,143571,0,143571
1898,14030225,532,734,1,851389,48000,803389
1898,14030225,532,248,2,1347785,8000,2687570
1898,14030225,532,1355,7,1197501,833000,7549507
1898,14030225,532,1930,3,115539,32000,314617
1900,14030225,262,865,1,143571,17000,126571
1900,14030225,262,1128,3,1189842,692000,2877526
1900,14030225,262,248,1,1347785,199000,1148785
1901,14030225,532,865,1,143571,10000,133571
1901,14030225,532,610,2,424412,43000,805824
1901,14030225,532,1644,1,1064460,20000,1044460
1901,14030225,532,1128,1,1189842,81000,1108842
1901,14030225,532,1355,1,1197501,69000,1128501
1901,14030225,532,455,3,1215134,347000,3298402
1902,14030225,35,865,4,143571,81000,493284
1902,14030225,35,1128,3,1189842,648000,2921526
1902,14030225,35,610,2,424412,136000,712824
1902,14030225,35,1313,2,1013322,317000,1709644
1904,14030225,489,1355,6,1197501,971000,6214006
1904,14030225,489,865,1,143571,16000,127571
1904,14030225,489,610,1,424412,76000,348412
1904,14030225,489,489,1,679026,72000,607026
1905,14030225,262,1128,1,1189842,156000,1033842
1905,14030225,262,2190,1,195918,26000,169918
1905,14030225,262,248,2,1347785,483000,2212570
1905,14030225,262,865,4,143571,89000,485284
1905,14030225,262,455,1,1215134,194000,1021134
1905,14030225,262,1313,2,1013322,223000,1803644
1906,14030225,533,248,2,1347785,372000,2323570
1906,14030225,533,865,4,143571,33000,541284
1906,14030225,533,1930,4,115539,42000,420156
1907,14030225,151,865,1,143571,4000,139571
1907,14030225,151,1930,1,115539,9000,106539
1907,14030225,151,1355,2,1197501,237000,2158002
1907,14030225,151,455,2,1215134,30000,2400268
1907,14030225,151,1017,1,791515,25000,766515
1907,14030225,151,734,1,851389,49000,802389
1908,14030225,476,865,2,143571,24000,263142
1908,14030225,476,2237,8,213629,155000,1554032
1908,14030225,476,455,1,1215134,102000,1113134
1909,14030225,532,865,4,143571,52000,522284
1909,14030225,532,1355,1,1197501,77000,1120501
1909,14030225,532,734,1,851389,8000,843389
1909,14030225,532,610,3,424412,92000,1181236
1910,14030225,533,1355,3,1197501,323000,3269503
1910,14030225,533,610,2,424412,69000,779824
1910,14030225,533,865,2,143571,25000,262142
1913,14030225,241,865,5,143571,77000,640855
1913,14030225,241,1930,1,115539,18000,97539
1914,14030225,396,1644,1,1064460,18000,1046460
1914,14030225,396,865,1,143571,6000,137571
1914,14030225,396,1930,3,115539,30000,316617
1914,14030225,396,455,6,1215134,301000,6989804
1914,14030225,396,1313,2,1013322,24000,2002644
1914,14030225,396,1128,2,1189842,137000,2242684
1915,14030225,391,865,7,143571,82000,922997
1915,14030225,391,1930,3,115539,25000,321617
1915,14030225,391,248,1,1347785,107000,1240785
1915,14030225,391,455,1,1215134,128000,1087134
1915,14030225,391,489,4,679026,314000,2402104
1916,14030225,532,865,1,143571,1000,142571
1916,14030225,532,1355,7,1197501,50000,8332507
1916,14030225,532,505,1,403362,8000,395362
1916,14030225,532,1644,3,1064460,60000,3133380
1916,14030225,532,455,1,1215134,25000,1190134
1916,14030225,532,1930,2,115539,12000,219078
1918,14030226,532,865,1,143571,4000,139571
1918,14030226,532,1861,4,1313426,340000,4913704
1918,14030226,532,1128,1,1189842,104000,1085842
1919,14030226,532,865,1,143571,12000,131571
1919,14030226,532,610,1,424412,1000,423412
1919,14030226,532,1313,2,1013322,91000,1935644
1919,14030226,532,455,1,1215134,112000,1103134
1919,14030226,532,1128,1,1189842,51000,1138842
1919,14030226,532,1355,1,1197501,60000,1137501
1920,14030226,179,865,1,143571,18000,125571
1920,14030226,179,1355,1,1197501,197000,1000501
1920,14030226,179,1930,3,115539,49000,297617
1920,14030226,179,62,1,1529891,214000,1315891
1920,14030226,179,610,2,424412,129000,719824
1921,14030226,532,865,2,143571,19000,268142
1921,14030226,532,1930,2,115539,22000,209078
1921,14030226,532,1290,1,1054599,5000,1049599
1921,14030226,532,1128,1,1189842,31000,1158842
1923,14030226,532,1116,1,1521349,111000,1410349
1923,14030226,532,1128,4,1189842,127000,4632368
1923,14030226,532,865,1,143571,11000,132571
1923,14030226,532,1930,1,115539,3000,112539
1924,14030226,532,865,3,143571,4000,426713
1924,14030226,532,734,2,851389,119000,1583778
1924,14030226,532,1355,4,1197501,114000,4676004
1924,14030226,532,1930,1,115539,0,115539
1925,14030226,532,865,4,143571,8000,566284
1925,14030226,532,455,1,1215134,57000,1158134
1925,14030226,532,1644,1,1064460,18000,1046460
1926,14030226,532,865,1,143571,9000,134571
1926,14030226,532,455,4,1215134,288000,4572536
1926,14030226,532,610,6,424412,148000,2398472
1927,14030226,262,865,1,143571,15000,128571
1927,14030226,262,1930,3,115539,54000,292617
1927,14030226,262,1313,9,1013322,1673000,7446898
1927,14030226,262,455,2,1215134,283000,2147268
1928,14030226,532,1128,1,1189842,36000,1153842
1928,14030226,532,865,3,143571,19000,411713
1930,14030226,532,865,2,143571,20000,267142
1930,14030226,532,1128,1,1189842,116000,1073842
1931,14030226,532,865,2,143571,4000,283142
1931,14030226,532,1355,2,1197501,58000,2337002
1931,14030226,532,610,3,424412,123000,1150236
1931,14030226,532,489,1,679026,50000,629026
1931,14030226,532,1930,2,115539,22000,209078
1931,14030226,532,734,4,851389,231000,3174556
1933,14030226,582,865,3,143571,12000,418713
1933,14030226,582,1930,6,115539,34000,659234
1933,14030226,582,1355,2,1197501,111000,2284002
1933,14030226,582,1313,2,1013322,134000,1892644
1933,14030226,582,248,1,1347785,38000,1309785
1933,14030226,582,734,1,851389,24000,827389
1935,14030226,532,865,1,143571,1000,142571
1935,14030226,532,1355,1,1197501,119000,1078501
1935,14030226,532,1290,1,1054599,61000,993599
1935,14030226,532,734,1,851389,18000,833389
1935,14030226,532,505,2,403362,28000,778724
1935,14030226,532,248,3,1347785,257000,3786355
1936,14030226,532,865,6,143571,8000,853426
1936,14030226,532,248,2,1347785,86000,2609570
1937,14030226,532,248,2,1347785,53000,2642570
1937,14030226,532,1930,1,115539,6000,109539
1937,14030226,532,865,1,143571,1000,142571
1937,14030226,532,106,2,1003398,126000,1880796
1937,14030226,532,610,2,424412,31000,817824
1939,14030226,532,865,2,143571,8000,279142
1939,14030226,532,629,1,1515429,77000,1438429
1939,14030226,532,1128,1,1189842,64000,1125842
1939,14030226,532,1355,2,1197501,70000,2325002
1939,14030226,532,1265,3,1070719,126000,3086157
1940,14030227,532,865,2,143571,1000,286142
1940,14030227,532,1355,1,1197501,99000,1098501
1940,14030227,532,1039,2,81747,5000,158494
1940,14030227,532,1128,1,1189842,34000,1155842
1940,14030227,532,248,2,1347785,89000,2606570
1940,14030227,532,1930,1,115539,8000,107539
1941,14030227,532,1930,1,115539,1000,114539
1941,14030227,532,455,3,1215134,180000,3465402
1942,14030227,532,865,2,143571,24000,263142
1942,14030227,532,505,1,403362,12000,391362
1942,14030227,532,1355,8,1197501,6000,9574008
1943,14030227,532,610,2,424412,9000,839824
1943,14030227,532,865,1,143571,8000,135571
1943,14030227,532,1039,1,81747,0,81747
1943,14030227,532,1930,1,115539,5000,110539
1944,14030227,532,1930,2,115539,1000,230078
1944,14030227,532,1355,1,1197501,48000,1149501
1944,14030227,532,865,8,143571,94000,1054568
1944,14030227,532,1039,3,81747,13000,232241
1944,14030227,532,1313,3,1013322,207000,2832966
1944,14030227,532,734,4,851389,210000,3195556
1945,14030227,532,865,3,143571,28000,402713
1945,14030227,532,1930,1,115539,8000,107539
1945,14030227,532,610,2,424412,40000,808824
1946,14030227,533,505,2,403362,117000,689724
1946,14030227,533,865,2,143571,33000,254142
1946,14030227,533,455,1,1215134,145000,1070134
1947,14030227,532,1355,2,1197501,101000,2294002
1947,14030227,532,865,1,143571,6000,137571
1948,14030227,533,865,1,143571,11000,132571
1948,14030227,533,1355,2,1197501,333000,2062002
1948,14030227,533,1930,2,115539,12000,219078
1948,14030227,533,2237,4,213629,124000,730516
1948,14030227,533,1861,2,1313426,321000,2305852
1950,14030227,532,865,1,143571,9000,134571
1950,14030227,532,455,1,1215134,87000,1128134
1950,14030227,532,1930,1,115539,8000,107539
1950,14030227,532,505,3,403362,33000,1177086
1951,14030227,532,865,1,143571,5000,138571
1951,14030227,532,1355,5,1197501,386000,5601505
1951,14030227,532,1017,5,791515,306000,3651575
1951,14030227,532,455,2,1215134,31000,2399268
1952,14030227,367,865,6,143571,116000,745426
1952,14030227,367,1644,2,1064460,298000,1830920
1952,14030227,367,1355,1,1197501,221000,976501
1952,14030227,367,1930,1,115539,12000,103539
1953,14030227,532,1355,5,1197501,285000,5702505
1953,14030227,532,865,3,143571,42000,388713
1954,14030227,532,749,3,1451605,103000,4251815
1954,14030227,532,865,4,143571,9000,565284
1954,14030227,532,1355,2,1197501,15000,2380002
1954,14030227,532,734,2,851389,19000,1683778
1954,14030227,532,455,3,1215134,26000,3619402
1954,14030227,532,610,3,424412,77000,1196236
1956,14030227,391,865,2,143571,32000,255142
1956,14030227,391,1930,2,115539,16000,215078
1956,14030227,391,1017,3,791515,330000,2044545
1957,14030227,532,865,2,143571,15000,272142
1957,14030227,532,1355,1,1197501,22000,1175501
1957,14030227,532,1017,3,791515,216000,2158545
1957,14030227,532,2190,2,195918,19000,372836
1959,14030227,524,1930,2,115539,19000,212078
1959,14030227,524,865,1,143571,20000,123571
1959,14030227,524,1017,5,791515,297000,3660575
1960,14030227,532,865,1,143571,12000,131571
1960,14030227,532,455,6,1215134,54000,7236804
1960,14030227,532,1355,2,1197501,204000,2191002
1960,14030227,532,734,5,851389,212000,4044945
1960,14030227,532,62,1,1529891,8000,1521891
1960,14030227,532,610,2,424412,9000,839824
1961,14030227,532,610,5,424412,55000,2067060
1961,14030227,532,1644,1,1064460,35000,1029460
1961,14030227,532,865,1,143571,4000,139571
1961,14030227,532,455,3,1215134,50000,3595402
1962,14030227,34,1355,2,1197501,210000,2185002
1962,14030227,34,865,1,143571,1000,142571
1962,14030227,34,1017,5,791515,357000,3600575
1962,14030227,34,2190,3,195918,44000,543754
1963,14030229,412,865,5,143571,78000,639855
1963,14030229,412,455,2,1215134,141000,2289268
1963,14030229,412,1128,2,1189842,344000,2035684
1963,14030229,412,1930,1,115539,6000,109539
1963,14030229,412,610,1,424412,42000,382412
1963,14030229,412,1861,2,1313426,244000,2382852
1963,14030229,412,2237,7,213629,77000,1418403
1963,14030229,412,1313,1,1013322,129000,884322
1963,14030229,412,1355,3,1197501,371000,3221503
1964,14030229,519,865,2,143571,35000,252142
1964,14030229,519,2190,2,195918,21000,370836
1964,14030229,519,610,3,424412,152000,1121236
1964,14030229,519,1355,2,1197501,221000,2174002
1964,14030229,519,455,1,1215134,113000,1102134
1964,14030229,519,771,4,46114,27000,157456
1965,14030229,532,1930,1,115539,2000,113539
1965,14030229,532,455,2,1215134,55000,2375268
1965,14030229,532,865,3,143571,38000,392713
1965,14030229,532,106,3,1003398,170000,2840194
1968,14030229,262,865,7,143571,123000,881997
1969,14030229,499,865,3,143571,6000,424713
1969,14030229,499,455,7,1215134,594000,7911938
1969,14030229,499,734,2,851389,77000,1625778
1969,14030229,499,1930,1,115539,5000,110539
1970,14030229,532,865,1,143571,5000,138571
1972,14030229,532,1715,2,1717194,306000,3128388
1973,14030229,532,865,4,143571,46000,528284
1973,14030229,532,489,2,679026,102000,1256052
1973,14030229,532,248,1,1347785,111000,1236785
1973,14030229,532,1128,2,1189842,101000,2278684
1973,14030229,532,1930,3,115539,25000,321617
1973,14030229,532,455,1,1215134,13000,1202134
1973,14030229,532,475,1,737101,53000,684101
1973,14030229,532,825,2,1135530,194000,2077060
1974,14030229,532,865,2,143571,16000,271142
1974,14030229,532,610,1,424412,16000,408412
1974,14030229,532,1355,3,1197501,332000,3260503
1974,14030229,532,455,1,1215134,1000,1214134
1974,14030229,532,1930,3,115539,32000,314617
1974,14030229,532,2190,1,195918,4000,191918
1974,14030229,532,505,2,403362,27000,779724
1974,14030229,532,734,1,851389,52000,799389
1975,14030229,519,1116,2,1521349,390000,2652698
1975,14030229,519,865,3,143571,47000,383713
1975,14030229,519,455,1,1215134,92000,1123134
1976,14030229,532,865,2,143571,12000,275142
1976,14030229,532,1355,2,1197501,231000,2164002
1976,14030229,532,1644,2,1064460,179000,1949920
1978,14030230,241,865,1,143571,26000,117571
1978,14030230,241,248,1,1347785,219000,1128785
1978,14030230,241,1861,1,1313426,212000,1101426
1978,14030230,241,1355,1,1197501,133000,1064501
1978,14030230,241,505,1,403362,67000,336362
1978,14030230,241,455,4,1215134,767000,4093536
1979,14030230,514,865,3,143571,24000,406713
1980,14030230,532,1930,1,115539,2000,113539
1980,14030230,532,865,2,143571,24000,263142
1980,14030230,532,1355,1,1197501,86000,1111501
1980,14030230,532,734,2,851389,59000,1643778
1980,14030230,532,455,2,1215134,57000,2373268
1981,14030230,241,1355,1,1197501,218000,979501
1981,14030230,241,865,2,143571,47000,240142
1981,14030230,241,1930,4,115539,52000,410156
1981,14030230,241,248,1,1347785,241000,1106785
1982,14030230,532,865,2,143571,18000,269142
1982,14030230,532,1128,2,1189842,231000,2148684
1982,14030230,532,1355,2,1197501,38000,2357002
1982,14030230,532,455,1,1215134,113000,1102134
1983,14030230,532,865,1,143571,8000,135571
1983,14030230,532,1930,3,115539,17000,329617
1983,14030230,532,610,3,424412,64000,1209236
1983,14030230,532,505,2,403362,27000,779724
1983,14030230,532,455,1,1215134,100000,1115134
1983,14030230,532,1355,1,1197501,86000,1111501
1983,14030230,532,1128,1,1189842,118000,1071842
1983,14030230,532,248,1,1347785,10000,1337785
1984,14030230,532,865,1,143571,7000,136571
1984,14030230,532,1644,2,1064460,116000,2012920
1984,14030230,532,610,2,424412,62000,786824
1984,14030230,532,1930,3,115539,18000,328617
1984,14030230,532,248,1,1347785,63000,1284785
1984,14030230,532,985,2,940783,82000,1799566
1984,14030230,532,1313,1,1013322,84000,929322
1984,14030230,532,1128,1,1189842,29000,1160842
1984,14030230,532,1355,1,1197501,91000,1106501
1986,14030230,155,1355,5,1197501,391000,5596505
1986,14030230,155,865,2,143571,12000,275142
1986,14030230,155,455,2,1215134,138000,2292268
1986,14030230,155,610,3,424412,15000,1258236
1986,14030230,155,489,2,679026,105000,1253052
1987,14030230,476,865,2,143571,3000,284142
1987,14030230,476,1128,1,1189842,34000,1155842
1987,14030230,476,1355,1,1197501,9000,1188501
1987,14030230,476,1017,2,791515,155000,1428030
1988,14030230,532,865,2,143571,22000,265142
1988,14030230,532,1355,4,1197501,419000,4371004
1988,14030230,532,211,1,1279953,15000,1264953
1988,14030230,532,455,1,1215134,67000,1148134
1988,14030230,532,1930,5,115539,42000,535695
1989,14030230,532,455,1,1215134,52000,1163134
1989,14030230,532,610,2,424412,84000,764824
1990,14030230,532,865,4,143571,52000,522284
1990,14030230,532,1355,4,1197501,169000,4621004
1991,14030230,532,865,2,143571,20000,267142
1991,14030230,532,248,1,1347785,120000,1227785
1991,14030230,532,1930,4,115539,27000,435156
1991,14030230,532,1128,2,1189842,236000,2143684
1992,14030230,532,1355,3,1197501,127000,3465503
1993,14030230,532,865,2,143571,12000,275142
1993,14030230,532,1116,3,1521349,132000,4432047
1993,14030230,532,455,2,1215134,32000,2398268
1993,14030230,532,1930,1,115539,8000,107539
1994,14030230,337,248,5,1347785,730000,6008925
1994,14030230,337,865,4,143571,91000,483284
1994,14030230,337,455,1,1215134,200000,1015134
1994,14030230,337,1930,1,115539,16000,99539
1994,14030230,337,610,2,424412,134000,714824
1994,14030230,337,489,1,679026,91000,588026
1994,14030230,337,1715,2,1717194,651000,2783388
1995,14030230,391,1355,1,1197501,98000,1099501
1995,14030230,391,865,1,143571,9000,134571
1995,14030230,391,1128,3,1189842,440000,3129526
1995,14030230,391,1930,8,115539,65000,859312
1996,14030230,476,865,2,143571,17000,270142
1996,14030230,476,1355,1,1197501,34000,1163501
1996,14030230,476,455,1,1215134,33000,1182134
1996,14030230,476,1128,2,1189842,210000,2169684
1996,14030230,476,1313,1,1013322,92000,921322
1998,14030231,532,865,1,143571,10000,133571
1998,14030231,532,1355,3,1197501,159000,3433503
1998,14030231,532,1017,2,791515,41000,1542030
1999,14030231,532,865,9,143571,94000,1198139
1999,14030231,532,1861,1,1313426,46000,1267426
1999,14030231,532,734,1,851389,67000,784389
1999,14030231,532,1355,3,1197501,117000,3475503
1999,14030231,532,610,2,424412,23000,825824
1999,14030231,532,248,2,1347785,138000,2557570
1999,14030231,532,2190,3,195918,41000,546754
2000,14030231,532,1355,5,1197501,259000,5728505
2000,14030231,532,865,5,143571,57000,660855
2000,14030231,532,1313,1,1013322,85000,928322
2000,14030231,532,2190,2,195918,34000,357836
2002,14030231,533,865,1,143571,20000,123571
2002,14030231,533,1930,2,115539,17000,214078
2003,14030231,532,1930,3,115539,25000,321617
2003,14030231,532,865,1,143571,2000,141571
2003,14030231,532,455,4,1215134,462000,4398536
2004,14030231,532,865,3,143571,0,430713
2004,14030231,532,1355,1,1197501,66000,1131501
2004,14030231,532,248,1,1347785,24000,1323785
2004,14030231,532,610,2,424412,22000,826824
2004,14030231,532,62,1,1529891,89000,1440891
2005,14030231,532,1930,1,115539,3000,112539
2005,14030231,532,865,2,143571,22000,265142
2005,14030231,532,1861,1,1313426,46000,1267426
2005,14030231,532,1355,2,1197501,23000,2372002
2006,14030231,532,865,4,143571,43000,531284
2006,14030231,532,1861,1,1313426,127000,1186426
2007,14030231,532,865,2,143571,3000,284142
2007,14030231,532,455,2,1215134,77000,2353268
2007,14030231,532,1128,1,1189842,82000,1107842
2007,14030231,532,610,3,424412,98000,1175236
2008,14030231,44,734,3,851389,380000,2174167
2008,14030231,44,865,2,143571,35000,252142
2008,14030231,44,1265,1,1070719,161000,909719
2009,14030231,500,865,3,143571,11000,419713
2009,14030231,500,1930,1,115539,4000,111539
2011,14030231,532,455,1,1215134,25000,1190134
2011,14030231,532,505,2,403362,76000,730724
2011,14030231,532,865,2,143571,9000,278142
2011,14030231,532,1355,2,1197501,4000,2391002
2012,14030231,532,865,3,143571,39000,391713
2012,14030231,532,455,3,1215134,201000,3444402
2013,14030231,472,865,2,143571,24000,263142
2013,14030231,472,734,1,851389,55000,796389
2013,14030231,472,1313,2,1013322,275000,1751644
2013,14030231,472,2442,1,1233012,160000,1073012
2013,14030231,472,610,5,424412,176000,1946060
2014,14030231,524,865,3,143571,62000,368713
2014,14030231,524,1930,1,115539,6000,109539
2014,14030231,524,1355,5,1197501,360000,5627505
2015,14030231,532,865,2,143571,4000,283142
2015,14030231,532,1930,1,115539,2000,113539
2015,14030231,532,1128,3,1189842,88000,3481526
2015,14030231,532,455,1,1215134,15000,1200134
2016,14030231,489,865,2,143571,32000,255142
2016,14030231,489,1355,3,1197501,456000,3136503
2016,14030231,489,1930,2,115539,23000,208078
2016,14030231,489,1861,3,1313426,632000,3308278
2017,14030231,513,865,3,143571,77000,353713
2017,14030231,513,610,1,424412,68000,356412
2017,14030231,513,1128,1,1189842,157000,1032842
2018,14030231,532,865,1,143571,3000,140571
2018,14030231,532,412,1,1558019,41000,1517019
2018,14030231,532,1116,2,1521349,143000,2899698
2018,14030231,532,1355,1,1197501,11000,1186501
2018,14030231,532,1930,6,115539,38000,655234
2019,14030231,533,865,4,143571,59000,515284
2019,14030231,533,985,1,940783,48000,892783
2019,14030231,533,455,2,1215134,217000,2213268
2020,14030231,532,248,1,1347785,131000,1216785
2020,14030231,532,865,1,143571,3000,140571
2021,14030301,532,865,2,143571,9000,278142
2021,14030301,532,1355,3,1197501,350000,3242503
2021,14030301,532,1116,1,1521349,25000,1496349
2021,14030301,532,610,4,424412,83000,1614648
2022,14030301,532,865,2,143571,20000,267142
2022,14030301,532,1479,2,1150179,53000,2247358
2022,14030301,532,2190,3,195918,14000,573754
2022,14030301,532,1930,1,115539,3000,112539
2024,14030301,532,865,4,143571,57000,517284
2024,14030301,532,1355,1,1197501,12000,1185501
2024,14030301,532,1930,2,115539,8000,223078
2024,14030301,532,455,3,1215134,59000,3586402
2024,14030301,532,1128,3,1189842,59000,3510526
2025,14030301,532,865,7,143571,3000,1001997
2025,14030301,532,1355,2,1197501,40000,2355002
2025,14030301,532,1017,3,791515,115000,2259545
2025,14030301,532,610,3,424412,69000,1204236
2026,14030301,532,455,1,1215134,52000,1163134
2026,14030301,532,865,1,143571,13000,130571
2026,14030301,532,505,2,403362,42000,764724
2026,14030301,532,1930,2,115539,8000,223078
2027,14030301,532,1930,1,115539,6000,109539
2027,14030301,532,865,1,143571,8000,135571
2027,14030301,532,2237,3,213629,33000,607887
2027,14030301,532,1355,1,1197501,55000,1142501
2027,14030301,532,248,5,1347785,624000,6114925
2028,14030301,532,1644,4,1064460,57000,4200840
2028,14030301,532,1128,2,1189842,197000,2182684
2028,14030301,532,865,1,143571,5000,138571
2028,14030301,532,2237,1,213629,1000,212629
2028,14030301,532,505,7,403362,88000,2735534
2028,14030301,532,1355,1,1197501,83000,1114501
2030,14030301,532,1930,4,115539,27000,435156
2030,14030301,532,865,1,143571,8000,135571
2030,14030301,532,1715,1,1717194,26000,1691194
2030,14030301,532,1355,3,1197501,100000,3492503
2030,14030301,532,455,1,1215134,12000,1203134
2031,14030301,51,865,2,143571,21000,266142
2031,14030301,51,455,2,1215134,67000,2363268
2031,14030301,51,1355,3,1197501,313000,3279503
2031,14030301,51,610,2,424412,40000,808824
2031,14030301,51,1116,1,1521349,119000,1402349
2032,14030301,532,865,1,143571,11000,132571
2032,14030301,532,455,1,1215134,20000,1195134
2032,14030301,532,1039,4,81747,10000,316988
2032,14030301,532,1715,4,1717194,35000,6833776
2032,14030301,532,1930,2,115539,10000,221078
2032,14030301,532,734,2,851389,55000,1647778
2032,14030301,532,1128,2,1189842,27000,2352684
2032,14030301,532,1355,2,1197501,90000,2305002
2032,14030301,532,475,1,737101,34000,703101
2032,14030301,532,1313,1,1013322,52000,961322
2033,14030301,314,865,4,143571,48000,526284
2033,14030301,314,1355,6,1197501,679000,6506006
2033,14030301,314,455,3,1215134,259000,3386402
2033,14030301,314,1930,3,115539,19000,327617
2034,14030301,314,1116,2,1521349,132000,2910698
2034,14030301,314,865,1,143571,0,143571
2034,14030301,314,1355,1,1197501,55000,1142501
2034,14030301,314,1644,2,1064460,155000,1973920
2034,14030301,314,1930,1,115539,6000,109539
2034,14030301,314,489,10,679026,637000,6153260
2035,14030301,533,248,1,1347785,168000,1179785
2035,14030301,533,865,1,143571,13000,130571
2035,14030301,533,1355,2,1197501,121000,2274002
2035,14030301,533,610,1,424412,25000,399412
2036,14030301,476,865,1,143571,13000,130571
2036,14030301,476,1355,2,1197501,8000,2387002
2036,14030301,476,1313,1,1013322,48000,965322
2036,14030301,476,455,1,1215134,84000,1131134
2037,14030301,533,865,2,143571,42000,245142
2037,14030301,533,505,3,403362,164000,1046086
2037,14030301,533,1355,5,1197501,896000,5091505
2039,14030301,412,1930,1,115539,10000,105539
2039,14030301,412,248,3,1347785,224000,3819355
2039,14030301,412,1355,2,1197501,134000,2261002
2039,14030301,412,865,1,143571,14000,129571
2039,14030301,412,1313,8,1013322,562000,7544576
2039,14030301,412,1116,2,1521349,157000,2885698
2039,14030301,412,610,3,424412,171000,1102236
2040,14030301,532,865,3,143571,39000,391713
2040,14030301,532,455,2,1215134,229000,2201268
2040,14030301,532,248,2,1347785,253000,2442570
2040,14030301,532,610,2,424412,71000,777824
2041,14030301,532,865,1,143571,11000,132571
2041,14030301,532,610,2,424412,61000,787824
2041,14030301,532,248,1,1347785,59000,1288785
2041,14030301,532,2190,1,195918,3000,192918
2041,14030301,532,455,2,1215134,42000,2388268
2042,14030301,532,455,3,1215134,1000,3644402
2042,14030301,532,610,1,424412,14000,410412
2042,14030301,532,865,1,143571,8000,135571
2042,14030301,532,1930,2,115539,13000,218078
2042,14030301,532,1355,2,1197501,27000,2368002
2042,14030301,532,1116,1,1521349,110000,1411349
2043,14030301,507,1930,2,115539,22000,209078
2043,14030301,507,865,3,143571,33000,397713
2044,14030302,70,1930,1,115539,21000,94539
2044,14030302,70,865,2,143571,54000,233142
2044,14030302,70,610,1,424412,74000,350412
2044,14030302,70,1355,1,1197501,126000,1071501
2044,14030302,70,248,3,1347785,476000,3567355
2044,14030302,70,1715,1,1717194,225000,1492194
2046,14030302,476,865,2,143571,10000,277142
2046,14030302,476,1355,2,1197501,107000,2288002
2046,14030302,476,455,2,1215134,202000,2228268
2046,14030302,476,610,1,424412,35000,389412
2047,14030302,532,865,2,143571,6000,281142
2047,14030302,532,1930,3,115539,12000,334617
2047,14030302,532,455,3,1215134,290000,3355402
2047,14030302,532,1644,1,1064460,74000,990460
2048,14030302,532,865,1,143571,11000,132571
2048,14030302,532,1128,1,1189842,55000,1134842
2048,14030302,532,734,1,851389,9000,842389
2048,14030302,532,455,2,1215134,45000,2385268
2049,14030302,532,865,2,143571,10000,277142
2049,14030302,532,1644,1,1064460,62000,1002460
2050,14030302,532,1017,3,791515,149000,2225545
2051,14030302,519,865,1,143571,13000,130571
2051,14030302,519,2190,1,195918,22000,173918
2051,14030302,519,1930,1,115539,11000,104539
2051,14030302,519,475,1,737101,38000,699101
2051,14030302,519,1355,3,1197501,343000,3249503
2052,14030302,532,865,3,143571,10000,420713
2052,14030302,532,455,1,1215134,41000,1174134
2052,14030302,532,1116,2,1521349,91000,2951698
2053,14030302,532,865,4,143571,29000,545284
2053,14030302,532,455,2,1215134,188000,2242268
2053,14030302,532,1313,6,1013322,243000,5836932
2053,14030302,532,1128,5,1189842,527000,5422210
2053,14030302,532,106,6,1003398,567000,5453388
2054,14030302,273,865,7,143571,75000,929997
2054,14030302,273,1128,1,1189842,39000,1150842
2054,14030302,273,572,6,826512,481000,4478072
2055,14030302,532,865,3,143571,34000,396713
2055,14030302,532,1128,2,1189842,39000,2340684
2055,14030302,532,1930,1,115539,1000,114539
2055,14030302,532,1116,4,1521349,183000,5902396
2056,14030302,532,865,1,143571,2000,141571
2056,14030302,532,1355,1,1197501,29000,1168501
2057,14030302,532,865,3,143571,16000,414713
2057,14030302,532,610,2,424412,29000,819824
2057,14030302,532,455,2,1215134,166000,2264268
2057,14030302,532,1116,2,1521349,277000,2765698
2057,14030302,532,1265,3,1070719,245000,2967157
2058,14030302,532,865,1,143571,10000,133571
2058,14030302,532,610,1,424412,32000,392412
2059,14030302,533,865,3,143571,52000,378713
2059,14030302,533,1355,2,1197501,214000,2181002
2059,14030302,533,610,1,424412,41000,383412
2059,14030302,533,248,3,1347785,439000,3604355
2059,14030302,533,1479,1,1150179,127000,1023179
2059,14030302,533,2237,3,213629,55000,585887
2059,14030302,533,1116,1,1521349,201000,1320349
2059,14030302,533,1930,2,115539,28000,203078
2060,14030302,532,865,2,143571,3000,284142
2060,14030302,532,1930,1,115539,2000,113539
2060,14030302,532,1355,2,1197501,81000,2314002
2060,14030302,532,1128,2,1189842,101000,2278684
2060,14030302,532,1644,3,1064460,11000,3182380
2060,14030302,532,610,1,424412,28000,396412
2061,14030302,35,1355,2,1197501,259000,2136002
2061,14030302,35,865,2,143571,31000,256142
2061,14030302,35,248,4,1347785,972000,4419140
2061,14030302,35,2190,1,195918,25000,170918
2061,14030302,35,610,2,424412,117000,731824
2061,14030302,35,1039,2,81747,24000,139494
2061,14030302,35,734,6,851389,716000,4392334
2062,14030302,532,1355,1,1197501,30000,1167501
2062,14030302,532,865,2,143571,17000,270142
2062,14030302,532,475,3,737101,99000,2112303
2062,14030302,532,248,1,1347785,63000,1284785
2062,14030302,532,455,1,1215134,65000,1150134
2063,14030302,368,1355,2,1197501,211000,2184002
2063,14030302,368,455,2,1215134,158000,2272268
2063,14030302,368,865,1,143571,20000,123571
2063,14030302,368,1930,3,115539,42000,304617
2063,14030302,368,1313,2,1013322,111000,1915644
2063,14030302,368,1017,1,791515,49000,742515
2063,14030302,368,1290,2,1054599,182000,1927198
2063,14030302,368,505,4,403362,191000,1422448
2063,14030302,368,734,1,851389,71000,780389
2064,14030302,500,865,3,143571,23000,407713
2064,14030302,500,1017,1,791515,28000,763515
2065,14030303,470,865,1,143571,14000,129571
2065,14030303,470,1128,3,1189842,445000,3124526
2065,14030303,470,455,1,1215134,133000,1082134
2065,14030303,470,1290,3,1054599,516000,2647797
2065,14030303,470,734,2,851389,217000,1485778
2066,14030303,595,865,2,143571,7000,280142
2066,14030303,595,1355,3,1197501,299000,3293503
2066,14030303,595,248,3,1347785,211000,3832355
2066,14030303,595,1128,2,1189842,18000,2361684
2066,14030303,595,1930,1,115539,1000,114539
2066,14030303,595,610,7,424412,189000,2781884
2066,14030303,595,1715,4,1717194,262000,6606776
2066,14030303,595,1313,8,1013322,63000,8043576
2066,14030303,595,455,5,1215134,455000,5620670
2066,14030303,595,1644,2,1064460,4000,2124920
2067,14030303,532,865,1,143571,9000,134571
2067,14030303,532,248,4,1347785,451000,4940140
2067,14030303,532,455,2,1215134,28000,2402268
2067,14030303,532,610,1,424412,21000,403412
