ProductKey,ProductCode,ProductName,Category,Subcategory,Color,Size,Brand,UnitCost,UnitPriceBase,SupplierID,SupplierName,MinStock,LeadTimeDays
1,TOY-0001,بلوک‌های خانه زرد متوسط,لگو و ساختنی,لگو,زرد,متوسط,فانتزی,393303,774806,2,تویز لند,47,10
2,TOY-0002,لگو پلیس قرمز کوچک,لگو و ساختنی,ماکت,قرمز,کوچک,پلی‌تویز,610698,909940,4,کیان تویز,23,25
3,TOY-0003,عروسک بامزی صورتی متوسط,عروسک,پلاستیکی,صورتی,متوسط,پاندورا,86341,165774,10,دنیای شادی,40,10
4,TOY-0004,دوچرخه کودک صورتی بزرگ,بازی در فضای باز,توپ,صورتی,بزرگ,آسمان,716830,1010730,3,بازی و شادی,6,26
5,TOY-0005,پازل ۱۰۰ تکه آبی خانواده,فکری و آموزشی,وسایل آموزشی,آبی,خانواده,کیدزلند,837469,1281327,6,نوین تویز,25,3
6,TOY-0006,فیگور مرد عنکبوتی بنفش کوچک,اکشن فیگور,سرباز,بنفش,کوچک,زرافه,325114,555944,2,تویز لند,48,27
7,TOY-0007,توپ بسکتبال زرد کوچک,بازی در فضای باز,اسکوتر,زرد,کوچک,تویز,312492,553110,4,کیان تویز,46,18
8,TOY-0008,دوچرخه کودک آبی خانواده,بازی در فضای باز,توپ,آبی,خانواده,آسمان,255788,370892,8,ماهان تویز,48,25
9,TOY-0009,سرباز اسباب‌بازی مشکی متوسط,اکشن فیگور,ابرقهرمان,مشکی,متوسط,آسمان,983733,1652671,2,تویز لند,41,21
10,TOY-0010,ماشین فلزی بنفش خانواده,ماشین و رادیویی,ماشین ساده,بنفش,خانواده,آسمان,689898,1152129,9,پویا تویز,22,6
11,TOY-0011,پازل ۱۰۰ تکه زرد کوچک,فکری و آموزشی,وسایل آموزشی,زرد,کوچک,شادی,943935,1642446,7,آریا اسباب‌بازی,13,28
12,TOY-0012,دوچرخه کودک چندرنگ بزرگ,بازی در فضای باز,توپ,چندرنگ,بزرگ,پلی‌تویز,124741,225781,8,ماهان تویز,11,14
13,TOY-0013,عروسک پارچه‌ای سفید متوسط,نوزاد و خردسال,پازل چوبی,سفید,متوسط,پلی‌تویز,510321,724655,9,پویا تویز,18,19
14,TOY-0014,توپ بسکتبال صورتی بزرگ,بازی در فضای باز,استخر بادی,صورتی,بزرگ,پلی‌تویز,281016,505828,3,بازی و شادی,6,8
15,TOY-0015,بادکنک رنگی آبی متوسط,مهمانی و بادکنک,بادکنک,آبی,متوسط,فانتزی,231703,403163,7,آریا اسباب‌بازی,33,20
16,TOY-0016,پازل سه‌بعدی برج چندرنگ خانواده,لگو و ساختنی,ماکت,چندرنگ,خانواده,دنیای اسباب‌بازی,781878,1532480,5,پارس اسباب‌بازی,40,16
17,TOY-0017,عروسک بامزی سفید بزرگ,عروسک,پارچه‌ای,سفید,بزرگ,کیدزلند,735453,1176724,5,پارس اسباب‌بازی,18,25
18,TOY-0018,پازل چوبی قرمز بزرگ,نوزاد و خردسال,عروسک پارچه‌ای,قرمز,بزرگ,دنیای اسباب‌بازی,535209,1059713,3,بازی و شادی,25,18
19,TOY-0019,لگو ماشین چندرنگ متوسط,لگو و ساختنی,پازل سه‌بعدی,چندرنگ,متوسط,فانتزی,754900,1298428,6,نوین تویز,28,28
20,TOY-0020,ماشین سرعتی مشکی خانواده,ماشین و رادیویی,ماشین کنترلی,مشکی,خانواده,تویز,966297,1700682,2,تویز لند,49,11
21,TOY-0021,فیگور بتمن قرمز متوسط,اکشن فیگور,سرباز,قرمز,متوسط,پیکولو,317385,476077,2,تویز لند,29,9
22,TOY-0022,لگو پلیس نارنجی متوسط,لگو و ساختنی,ماکت,نارنجی,متوسط,فانتزی,440699,722746,8,ماهان تویز,12,26
23,TOY-0023,ماشین سرعتی چندرنگ خانواده,ماشین و رادیویی,هواپیما,چندرنگ,خانواده,پلی‌تویز,43657,66358,9,پویا تویز,12,5
24,TOY-0024,کتاب قصه‌های کهن مشکی خانواده,فکری و آموزشی,وسایل آموزشی,مشکی,خانواده,دنیای اسباب‌بازی,796470,1401787,8,ماهان تویز,46,9
25,TOY-0025,لگو آتش‌نشانی آبی بزرگ,لگو و ساختنی,بلوک ساختمانی,آبی,بزرگ,تویز,661544,1290010,10,دنیای شادی,13,10
26,TOY-0026,پازل ۱۰۰ تکه آبی کوچک,فکری و آموزشی,بازی فکری,آبی,کوچک,پلی‌تویز,465967,680311,2,تویز لند,27,26
27,TOY-0027,عروسک خرسی نارنجی متوسط,عروسک,فیگور,نارنجی,متوسط,آسمان,675944,1182902,8,ماهان تویز,26,29
28,TOY-0028,پازل نقشه ایران چندرنگ خانواده,فکری و آموزشی,بازی فکری,چندرنگ,خانواده,پلی‌تویز,574406,936281,8,ماهان تویز,18,5
29,TOY-0029,جغجغه آبی خانواده,نوزاد و خردسال,عروسک پارچه‌ای,آبی,خانواده,شادی,767961,1336252,7,آریا اسباب‌بازی,18,9
30,TOY-0030,جغجغه آبی کوچک,نوزاد و خردسال,پازل چوبی,آبی,کوچک,زرافه,69220,126672,6,نوین تویز,30,12
31,TOY-0031,لگو آتش‌نشانی زرد خانواده,لگو و ساختنی,بلوک ساختمانی,زرد,خانواده,فانتزی,456156,693357,7,آریا اسباب‌بازی,36,9
32,TOY-0032,قایق اسباب‌بازی زرد کوچک,ماشین و رادیویی,هواپیما,زرد,کوچک,پاندورا,491109,854529,9,پویا تویز,8,7
33,TOY-0033,لگو ماشین قرمز کوچک,لگو و ساختنی,لگو,قرمز,کوچک,پلی‌تویز,271813,448491,3,بازی و شادی,47,6
34,TOY-0034,پازل چوبی زرد خانواده,نوزاد و خردسال,پازل چوبی,زرد,خانواده,تویز,944567,1662437,3,بازی و شادی,26,4
35,TOY-0035,پازل چوبی سفید خانواده,نوزاد و خردسال,جغجغه,سفید,خانواده,آسمان,635623,1004284,7,آریا اسباب‌بازی,10,14
36,TOY-0036,کلاه جشن تولد سفید متوسط,مهمانی و بادکنک,کلاه تولد,سفید,متوسط,تویز,210972,409285,10,دنیای شادی,15,28
37,TOY-0037,عروسک خرسی قرمز خانواده,عروسک,فیگور,قرمز,خانواده,دنیای اسباب‌بازی,148425,238964,9,پویا تویز,37,3
38,TOY-0038,ماشین سرعتی آبی متوسط,ماشین و رادیویی,ماشین کنترلی,آبی,متوسط,کیدزلند,251097,416821,10,دنیای شادی,17,11
39,TOY-0039,پازل سه‌بعدی برج آبی متوسط,لگو و ساختنی,بلوک ساختمانی,آبی,متوسط,پیکولو,325637,488455,10,دنیای شادی,31,11
40,TOY-0040,عروسک پولیشی چندرنگ بزرگ,عروسک,پارچه‌ای,چندرنگ,بزرگ,آسمان,500285,910518,4,کیان تویز,46,14
41,TOY-0041,سرباز اسباب‌بازی صورتی متوسط,اکشن فیگور,ابرقهرمان,صورتی,متوسط,آسمان,266801,400201,8,ماهان تویز,36,26
42,TOY-0042,فیگور مرد عنکبوتی بنفش کوچک,اکشن فیگور,شخصیت کارتونی,بنفش,کوچک,کیدزلند,711928,1153323,9,پویا تویز,16,9
43,TOY-0043,بازی فکری شطرنج مشکی کوچک,فکری و آموزشی,وسایل آموزشی,مشکی,کوچک,پلی‌تویز,512331,809482,6,نوین تویز,21,29
44,TOY-0044,استخر بادی نارنجی بزرگ,بازی در فضای باز,دوچرخه,نارنجی,بزرگ,پیکولو,621277,1056170,9,پویا تویز,27,7
45,TOY-0045,عروسک خرسی سبز بزرگ,عروسک,فیگور,سبز,بزرگ,کیدزلند,364719,649199,2,تویز لند,6,23
46,TOY-0046,هواپیمای کنترلی چندرنگ متوسط,ماشین و رادیویی,هواپیما,چندرنگ,متوسط,شادی,504769,1004490,4,کیان تویز,36,25
47,TOY-0047,اسکوتر قرمز کوچک,بازی در فضای باز,استخر بادی,قرمز,کوچک,زرافه,681971,1268466,5,پارس اسباب‌بازی,21,8
48,TOY-0048,عروسک سخنگو سبز بزرگ,عروسک,پارچه‌ای,سبز,بزرگ,فانتزی,386749,688413,8,ماهان تویز,10,24
49,TOY-0049,جغجغه آبی متوسط,نوزاد و خردسال,جغجغه,آبی,متوسط,دنیای اسباب‌بازی,549701,797066,1,اسباب‌بازی ایران,37,11
50,TOY-0050,ربات جنگجو سبز کوچک,اکشن فیگور,ابرقهرمان,سبز,کوچک,آسمان,341156,515145,6,نوین تویز,33,5
51,TOY-0051,عروسک باربی زرد کوچک,عروسک,فیگور,زرد,کوچک,شادی,603166,1091730,9,پویا تویز,23,28
52,TOY-0052,عروسک پارچه‌ای سبز متوسط,نوزاد و خردسال,عروسک پارچه‌ای,سبز,متوسط,زرافه,526730,811164,1,اسباب‌بازی ایران,36,9
53,TOY-0053,قایق اسباب‌بازی زرد بزرگ,ماشین و رادیویی,هواپیما,زرد,بزرگ,فانتزی,199135,360434,2,تویز لند,43,20
54,TOY-0054,پازل چوبی زرد متوسط,نوزاد و خردسال,جغجغه,زرد,متوسط,پاندورا,842578,1525066,6,نوین تویز,29,20
55,TOY-0055,دوچرخه کودک قرمز متوسط,بازی در فضای باز,دوچرخه,قرمز,متوسط,زرافه,926952,1789017,6,نوین تویز,39,9
56,TOY-0056,اسکوتر مشکی خانواده,بازی در فضای باز,توپ,مشکی,خانواده,دنیای اسباب‌بازی,670184,1266647,6,نوین تویز,6,3
57,TOY-0057,عروسک سخنگو سبز بزرگ,عروسک,پارچه‌ای,سبز,بزرگ,تویز,120309,233399,2,تویز لند,41,29
58,TOY-0058,موبایل موزیکال صورتی کوچک,نوزاد و خردسال,موزیکال,صورتی,کوچک,زرافه,213045,334480,10,دنیای شادی,23,18
59,TOY-0059,پازل ۱۰۰ تکه صورتی کوچک,فکری و آموزشی,وسایل آموزشی,صورتی,کوچک,دنیای اسباب‌بازی,851261,1625908,9,پویا تویز,37,26
60,TOY-0060,کتاب قصه‌های کهن آبی بزرگ,فکری و آموزشی,وسایل آموزشی,آبی,بزرگ,پیکولو,855400,1676584,6,نوین تویز,40,8
61,TOY-0061,لگو ماشین سفید خانواده,لگو و ساختنی,پازل سه‌بعدی,سفید,خانواده,شادی,678918,1188106,7,آریا اسباب‌بازی,29,5
62,TOY-0062,دوچرخه کودک صورتی خانواده,بازی در فضای باز,دوچرخه,صورتی,خانواده,فانتزی,974453,1529891,10,دنیای شادی,22,4
63,TOY-0063,توپ بسکتبال قرمز بزرگ,بازی در فضای باز,استخر بادی,قرمز,بزرگ,آسمان,701138,1255037,4,کیان تویز,45,6
64,TOY-0064,پازل چوبی بنفش خانواده,نوزاد و خردسال,موزیکال,بنفش,خانواده,پلی‌تویز,720813,1110052,9,پویا تویز,25,18
65,TOY-0065,بادکنک رنگی سفید بزرگ,مهمانی و بادکنک,کلاه تولد,سفید,بزرگ,کیدزلند,754096,1349831,4,کیان تویز,11,5
66,TOY-0066,دوچرخه کودک سبز کوچک,بازی در فضای باز,دوچرخه,سبز,کوچک,تویز,667884,1162118,4,کیان تویز,16,29
67,TOY-0067,ظروف مهمانی صورتی متوسط,مهمانی و بادکنک,بادکنک,صورتی,متوسط,زرافه,386684,603227,8,ماهان تویز,34,8
68,TOY-0068,عروسک پارچه‌ای قرمز کوچک,نوزاد و خردسال,عروسک پارچه‌ای,قرمز,کوچک,زرافه,979526,1655398,4,کیان تویز,12,29
69,TOY-0069,ماشین کنترلی شارژی نارنجی متوسط,ماشین و رادیویی,قایق,نارنجی,متوسط,کیدزلند,451362,726692,8,ماهان تویز,37,17
70,TOY-0070,ماشین سرعتی نارنجی بزرگ,ماشین و رادیویی,قایق,نارنجی,بزرگ,پاندورا,507742,771767,10,دنیای شادی,23,6
71,TOY-0071,عروسک پارچه‌ای بنفش خانواده,نوزاد و خردسال,پازل چوبی,بنفش,خانواده,آسمان,53586,95918,4,کیان تویز,21,14
72,TOY-0072,دوچرخه کودک سفید خانواده,بازی در فضای باز,استخر بادی,سفید,خانواده,کیدزلند,942244,1856220,5,پارس اسباب‌بازی,10,5
73,TOY-0073,چرتکه آموزشی مشکی کوچک,فکری و آموزشی,وسایل آموزشی,مشکی,کوچک,فانتزی,755287,1487915,3,بازی و شادی,33,19
74,TOY-0074,بازی فکری شطرنج زرد کوچک,فکری و آموزشی,کتاب داستان,زرد,کوچک,زرافه,566182,985156,7,آریا اسباب‌بازی,37,22
75,TOY-0075,ربات جنگجو قرمز متوسط,اکشن فیگور,ربات,قرمز,متوسط,زرافه,315615,514452,7,آریا اسباب‌بازی,27,3
76,TOY-0076,عروسک پولیشی قرمز بزرگ,عروسک,پولیشی,قرمز,بزرگ,آسمان,337414,506121,7,آریا اسباب‌بازی,29,12
77,TOY-0077,پازل چوبی زرد بزرگ,نوزاد و خردسال,عروسک پارچه‌ای,زرد,بزرگ,زرافه,938070,1707287,8,ماهان تویز,44,16
78,TOY-0078,عروسک سخنگو صورتی متوسط,عروسک,پولیشی,صورتی,متوسط,پاندورا,124261,219941,3,بازی و شادی,26,25
79,TOY-0079,عروسک بامزی چندرنگ کوچک,عروسک,پولیشی,چندرنگ,کوچک,کیدزلند,165881,283656,7,آریا اسباب‌بازی,6,28
80,TOY-0080,ماشین فلزی قرمز بزرگ,ماشین و رادیویی,قایق,قرمز,بزرگ,زرافه,748545,1362351,6,نوین تویز,47,24
81,TOY-0081,چرتکه آموزشی مشکی خانواده,فکری و آموزشی,کتاب داستان,مشکی,خانواده,آسمان,378706,598355,7,آریا اسباب‌بازی,30,5
82,TOY-0082,استخر بادی قرمز کوچک,بازی در فضای باز,توپ,قرمز,کوچک,شادی,278520,492980,4,کیان تویز,11,27
83,TOY-0083,لگو پلیس زرد متوسط,لگو و ساختنی,لگو,زرد,متوسط,تویز,639057,971366,10,دنیای شادی,12,16
84,TOY-0084,ماشین فلزی بنفش کوچک,ماشین و رادیویی,ماشین ساده,بنفش,کوچک,پیکولو,801918,1547701,4,کیان تویز,27,17
85,TOY-0085,فشفشه سبز کوچک,مهمانی و بادکنک,فشفشه,سبز,کوچک,فانتزی,394315,575699,5,پارس اسباب‌بازی,27,24
86,TOY-0086,بلوک‌های خانه چندرنگ خانواده,لگو و ساختنی,لگو,چندرنگ,خانواده,زرافه,348308,518978,4,کیان تویز,26,28
87,TOY-0087,لگو پلیس سفید کوچک,لگو و ساختنی,بلوک ساختمانی,سفید,کوچک,پیکولو,864592,1340117,1,اسباب‌بازی ایران,46,8
88,TOY-0088,سرباز اسباب‌بازی آبی بزرگ,اکشن فیگور,ربات,آبی,بزرگ,تویز,324167,557567,7,آریا اسباب‌بازی,41,3
89,TOY-0089,ظروف مهمانی مشکی خانواده,مهمانی و بادکنک,بادکنک,مشکی,خانواده,فانتزی,833032,1299529,7,آریا اسباب‌بازی,48,7
90,TOY-0090,ماشین سرعتی نارنجی خانواده,ماشین و رادیویی,هواپیما,نارنجی,خانواده,پاندورا,473547,904474,7,آریا اسباب‌بازی,36,22
91,TOY-0091,دوچرخه کودک آبی بزرگ,بازی در فضای باز,اسکوتر,آبی,بزرگ,پاندورا,429013,780803,4,کیان تویز,44,22
92,TOY-0092,فشفشه قرمز خانواده,مهمانی و بادکنک,ظروف یکبارمصرف,قرمز,خانواده,شادی,158763,314350,3,بازی و شادی,46,21
93,TOY-0093,فشفشه سفید بزرگ,مهمانی و بادکنک,کلاه تولد,سفید,بزرگ,آسمان,801330,1250074,10,دنیای شادی,32,28
94,TOY-0094,توپ بسکتبال زرد کوچک,بازی در فضای باز,توپ,زرد,کوچک,پلی‌تویز,106102,150664,7,آریا اسباب‌بازی,27,11
95,TOY-0095,ظروف مهمانی بنفش خانواده,مهمانی و بادکنک,کلاه تولد,بنفش,خانواده,تویز,697844,997916,2,تویز لند,5,17
96,TOY-0096,استخر بادی زرد بزرگ,بازی در فضای باز,دوچرخه,زرد,بزرگ,پیکولو,272735,471831,6,نوین تویز,29,10
97,TOY-0097,ظروف مهمانی نارنجی بزرگ,مهمانی و بادکنک,فشفشه,نارنجی,بزرگ,شادی,936575,1667103,8,ماهان تویز,43,7
98,TOY-0098,اسکوتر زرد کوچک,بازی در فضای باز,اسکوتر,زرد,کوچک,پلی‌تویز,623369,1028558,6,نوین تویز,16,28
99,TOY-0099,لگو آتش‌نشانی زرد خانواده,لگو و ساختنی,بلوک ساختمانی,زرد,خانواده,آسمان,375293,694292,10,دنیای شادی,33,16
100,TOY-0100,دوچرخه کودک سفید متوسط,بازی در فضای باز,توپ,سفید,متوسط,شادی,119045,173805,3,بازی و شادی,34,16
101,TOY-0101,توپ بسکتبال سبز بزرگ,بازی در فضای باز,توپ,سبز,بزرگ,تویز,980125,1479988,1,اسباب‌بازی ایران,20,28
102,TOY-0102,استخر بادی آبی کوچک,بازی در فضای باز,دوچرخه,آبی,کوچک,پیکولو,770463,1448470,5,پارس اسباب‌بازی,40,3
103,TOY-0103,ظروف مهمانی مشکی متوسط,مهمانی و بادکنک,ظروف یکبارمصرف,مشکی,متوسط,تویز,480733,860512,5,پارس اسباب‌بازی,14,24
104,TOY-0104,بادکنک رنگی صورتی خانواده,مهمانی و بادکنک,بادکنک,صورتی,خانواده,کیدزلند,646040,923837,10,دنیای شادی,35,12
105,TOY-0105,عروسک باربی چندرنگ بزرگ,عروسک,پلاستیکی,چندرنگ,بزرگ,کیدزلند,637084,1083042,4,کیان تویز,5,26
106,TOY-0106,لگو ماشین چندرنگ متوسط,لگو و ساختنی,ماکت,چندرنگ,متوسط,دنیای اسباب‌بازی,668932,1003398,7,آریا اسباب‌بازی,28,18
107,TOY-0107,فشفشه چندرنگ خانواده,مهمانی و بادکنک,ظروف یکبارمصرف,چندرنگ,خانواده,آسمان,653146,927467,10,دنیای شادی,36,29
108,TOY-0108,عروسک باربی زرد بزرگ,عروسک,پارچه‌ای,زرد,بزرگ,کیدزلند,806920,1460525,3,بازی و شادی,39,3
109,TOY-0109,پازل نقشه ایران آبی متوسط,فکری و آموزشی,بازی فکری,آبی,متوسط,تویز,474505,820893,7,آریا اسباب‌بازی,41,14
110,TOY-0110,فشفشه قرمز متوسط,مهمانی و بادکنک,ظروف یکبارمصرف,قرمز,متوسط,آسمان,404519,800947,5,پارس اسباب‌بازی,14,13
111,TOY-0111,کلاه جشن تولد سفید متوسط,مهمانی و بادکنک,بادکنک,سفید,متوسط,زرافه,219917,316680,2,تویز لند,35,16
112,TOY-0112,چرتکه آموزشی سبز کوچک,فکری و آموزشی,بازی فکری,سبز,کوچک,تویز,47675,69605,3,بازی و شادی,39,25
113,TOY-0113,استخر بادی آبی خانواده,بازی در فضای باز,اسکوتر,آبی,خانواده,آسمان,99052,157492,7,آریا اسباب‌بازی,30,12
114,TOY-0114,استخر بادی آبی کوچک,بازی در فضای باز,استخر بادی,آبی,کوچک,زرافه,52573,99362,6,نوین تویز,45,9
115,TOY-0115,توپ فوتبال زرد کوچک,بازی در فضای باز,توپ,زرد,کوچک,آسمان,144619,263206,10,دنیای شادی,49,13
116,TOY-0116,عروسک پولیشی نارنجی خانواده,عروسک,پلاستیکی,نارنجی,خانواده,آسمان,881147,1621310,3,بازی و شادی,25,27
117,TOY-0117,جغجغه بنفش بزرگ,نوزاد و خردسال,پازل چوبی,بنفش,بزرگ,زرافه,561532,926527,6,نوین تویز,28,5
118,TOY-0118,فیگور بتمن مشکی خانواده,اکشن فیگور,شخصیت کارتونی,مشکی,خانواده,پاندورا,990789,1634801,5,پارس اسباب‌بازی,22,19
119,TOY-0119,پازل چوبی آبی بزرگ,نوزاد و خردسال,جغجغه,آبی,بزرگ,آسمان,783120,1252992,6,نوین تویز,36,7
120,TOY-0120,لگو ماشین قرمز خانواده,لگو و ساختنی,ماکت,قرمز,خانواده,زرافه,261438,473202,1,اسباب‌بازی ایران,27,27
121,TOY-0121,پازل نقشه ایران بنفش خانواده,فکری و آموزشی,وسایل آموزشی,بنفش,خانواده,تویز,261089,425575,4,کیان تویز,24,18
122,TOY-0122,اسکوتر بنفش خانواده,بازی در فضای باز,دوچرخه,بنفش,خانواده,کیدزلند,407929,644527,1,اسباب‌بازی ایران,23,19
123,TOY-0123,چرتکه آموزشی نارنجی کوچک,فکری و آموزشی,بازی فکری,نارنجی,کوچک,دنیای اسباب‌بازی,81880,162122,7,آریا اسباب‌بازی,23,14
124,TOY-0124,لگو پلیس بنفش کوچک,لگو و ساختنی,بلوک ساختمانی,بنفش,کوچک,فانتزی,374258,737288,8,ماهان تویز,35,22
125,TOY-0125,استخر بادی بنفش خانواده,بازی در فضای باز,اسکوتر,بنفش,خانواده,پلی‌تویز,586234,1043496,8,ماهان تویز,9,5
126,TOY-0126,ماشین فلزی چندرنگ متوسط,ماشین و رادیویی,قایق,چندرنگ,متوسط,کیدزلند,614367,1062854,5,پارس اسباب‌بازی,25,6
127,TOY-0127,دندانگیر سفید کوچک,نوزاد و خردسال,موزیکال,سفید,کوچک,آسمان,947808,1772400,5,پارس اسباب‌بازی,43,15
128,TOY-0128,ظروف مهمانی نارنجی خانواده,مهمانی و بادکنک,کلاه تولد,نارنجی,خانواده,شادی,933001,1847341,6,نوین تویز,18,28
129,TOY-0129,موبایل موزیکال زرد متوسط,نوزاد و خردسال,پازل چوبی,زرد,متوسط,پیکولو,458284,884488,7,آریا اسباب‌بازی,47,13
130,TOY-0130,پازل ۱۰۰ تکه مشکی خانواده,فکری و آموزشی,کتاب داستان,مشکی,خانواده,زرافه,143555,213896,7,آریا اسباب‌بازی,14,28
131,TOY-0131,ماشین کنترلی شارژی سبز بزرگ,ماشین و رادیویی,قایق,سبز,بزرگ,کیدزلند,629671,919319,8,ماهان تویز,11,16
132,TOY-0132,لگو پلیس سبز خانواده,لگو و ساختنی,ماکت,سبز,خانواده,فانتزی,709940,1022313,2,تویز لند,31,28
133,TOY-0133,فشفشه چندرنگ خانواده,مهمانی و بادکنک,فشفشه,چندرنگ,خانواده,کیدزلند,172206,294472,6,نوین تویز,42,21
134,TOY-0134,پازل چوبی نارنجی کوچک,نوزاد و خردسال,موزیکال,نارنجی,کوچک,پیکولو,593866,1140222,2,تویز لند,26,22
135,TOY-0135,بازی فکری شطرنج آبی خانواده,فکری و آموزشی,وسایل آموزشی,آبی,خانواده,کیدزلند,259584,503592,2,تویز لند,49,6
136,TOY-0136,فشفشه قرمز کوچک,مهمانی و بادکنک,کلاه تولد,قرمز,کوچک,شادی,369711,672874,1,اسباب‌بازی ایران,23,14
137,TOY-0137,اسکوتر صورتی متوسط,بازی در فضای باز,اسکوتر,صورتی,متوسط,پلی‌تویز,571652,943225,9,پویا تویز,30,21
138,TOY-0138,عروسک پارچه‌ای سبز کوچک,نوزاد و خردسال,عروسک پارچه‌ای,سبز,کوچک,پیکولو,137861,234363,7,آریا اسباب‌بازی,17,20
139,TOY-0139,پازل نقشه ایران سبز متوسط,فکری و آموزشی,کتاب داستان,سبز,متوسط,پاندورا,484600,692978,5,پارس اسباب‌بازی,32,10
140,TOY-0140,بادکنک رنگی بنفش بزرگ,مهمانی و بادکنک,فشفشه,بنفش,بزرگ,دنیای اسباب‌بازی,144000,257760,3,بازی و شادی,5,5
141,TOY-0141,بلوک‌های خانه چندرنگ بزرگ,لگو و ساختنی,ماکت,چندرنگ,بزرگ,زرافه,595867,1179816,5,پارس اسباب‌بازی,29,26
142,TOY-0142,کلاه جشن تولد صورتی خانواده,مهمانی و بادکنک,فشفشه,صورتی,خانواده,کیدزلند,542519,900581,4,کیان تویز,48,15
143,TOY-0143,دندانگیر سفید بزرگ,نوزاد و خردسال,موزیکال,سفید,بزرگ,تویز,970782,1388218,7,آریا اسباب‌بازی,25,18
144,TOY-0144,توپ بسکتبال قرمز خانواده,بازی در فضای باز,توپ,قرمز,خانواده,آسمان,541870,1083740,4,کیان تویز,41,6
145,TOY-0145,فیگور بتمن چندرنگ بزرگ,اکشن فیگور,ابرقهرمان,چندرنگ,بزرگ,فانتزی,567238,1123131,2,تویز لند,22,17
146,TOY-0146,عروسک پولیشی قرمز بزرگ,عروسک,فیگور,قرمز,بزرگ,فانتزی,640516,1165739,2,تویز لند,35,3
147,TOY-0147,استخر بادی سبز متوسط,بازی در فضای باز,اسکوتر,سبز,متوسط,فانتزی,638731,1117779,9,پویا تویز,20,25
148,TOY-0148,فیگور بتمن سفید خانواده,اکشن فیگور,سرباز,سفید,خانواده,آسمان,74082,116308,6,نوین تویز,36,18
149,TOY-0149,لگو پلیس سبز متوسط,لگو و ساختنی,ماکت,سبز,متوسط,زرافه,893555,1492236,9,پویا تویز,32,23
150,TOY-0150,ربات جنگجو قرمز بزرگ,اکشن فیگور,شخصیت کارتونی,قرمز,بزرگ,دنیای اسباب‌بازی,299059,451579,2,تویز لند,30,10
151,TOY-0151,فشفشه چندرنگ خانواده,مهمانی و بادکنک,فشفشه,چندرنگ,خانواده,شادی,372751,652314,2,تویز لند,32,7
152,TOY-0152,پازل ۱۰۰ تکه چندرنگ بزرگ,فکری و آموزشی,کتاب داستان,چندرنگ,بزرگ,پیکولو,975162,1940572,4,کیان تویز,21,11
153,TOY-0153,بلوک‌های خانه صورتی کوچک,لگو و ساختنی,ماکت,صورتی,کوچک,فانتزی,330241,624155,1,اسباب‌بازی ایران,32,18
154,TOY-0154,عروسک پولیشی آبی کوچک,عروسک,فیگور,آبی,کوچک,پلی‌تویز,187738,366089,9,پویا تویز,10,20
155,TOY-0155,قایق اسباب‌بازی مشکی خانواده,ماشین و رادیویی,قایق,مشکی,خانواده,پیکولو,434139,759743,3,بازی و شادی,29,4
156,TOY-0156,پازل چوبی چندرنگ خانواده,نوزاد و خردسال,جغجغه,چندرنگ,خانواده,آسمان,110265,212811,1,اسباب‌بازی ایران,49,7
157,TOY-0157,ربات جنگجو بنفش متوسط,اکشن فیگور,ابرقهرمان,بنفش,متوسط,شادی,55575,90587,2,تویز لند,5,20
158,TOY-0158,فیگور مرد عنکبوتی صورتی بزرگ,اکشن فیگور,سرباز,صورتی,بزرگ,پلی‌تویز,987657,1471608,2,تویز لند,25,28
159,TOY-0159,کلاه جشن تولد چندرنگ کوچک,مهمانی و بادکنک,بادکنک,چندرنگ,کوچک,تویز,399464,790938,6,نوین تویز,31,19
160,TOY-0160,پازل نقشه ایران زرد کوچک,فکری و آموزشی,بازی فکری,زرد,کوچک,دنیای اسباب‌بازی,843178,1416539,4,کیان تویز,39,3
161,TOY-0161,چرتکه آموزشی سبز کوچک,فکری و آموزشی,بازی فکری,سبز,کوچک,آسمان,43261,62728,3,بازی و شادی,32,19
162,TOY-0162,ماشین فلزی آبی کوچک,ماشین و رادیویی,هواپیما,آبی,کوچک,فانتزی,548315,1014382,1,اسباب‌بازی ایران,7,23
163,TOY-0163,فیگور شرک مشکی کوچک,اکشن فیگور,ابرقهرمان,مشکی,کوچک,فانتزی,597595,1099574,5,پارس اسباب‌بازی,14,12
164,TOY-0164,عروسک پولیشی نارنجی کوچک,عروسک,پلاستیکی,نارنجی,کوچک,کیدزلند,396515,610633,8,ماهان تویز,13,16
165,TOY-0165,کاغذ رنگی چندرنگ کوچک,مهمانی و بادکنک,فشفشه,چندرنگ,کوچک,پاندورا,273899,427282,9,پویا تویز,8,3
166,TOY-0166,پازل نقشه ایران سفید خانواده,فکری و آموزشی,پازل,سفید,خانواده,تویز,681549,1206341,1,اسباب‌بازی ایران,32,10
167,TOY-0167,ظروف مهمانی آبی خانواده,مهمانی و بادکنک,ظروف یکبارمصرف,آبی,خانواده,پاندورا,51519,87582,2,تویز لند,7,29
168,TOY-0168,لگو ماشین سبز کوچک,لگو و ساختنی,پازل سه‌بعدی,سبز,کوچک,فانتزی,328543,620946,5,پارس اسباب‌بازی,48,7
169,TOY-0169,فیگور شرک نارنجی بزرگ,اکشن فیگور,ربات,نارنجی,بزرگ,پاندورا,115755,217619,9,پویا تویز,21,18
170,TOY-0170,جغجغه نارنجی متوسط,نوزاد و خردسال,جغجغه,نارنجی,متوسط,زرافه,495644,817812,8,ماهان تویز,41,23
171,TOY-0171,چرتکه آموزشی بنفش خانواده,فکری و آموزشی,کتاب داستان,بنفش,خانواده,زرافه,650180,1222338,2,تویز لند,43,8
172,TOY-0172,سرباز اسباب‌بازی سفید بزرگ,اکشن فیگور,ربات,سفید,بزرگ,فانتزی,628745,1251202,8,ماهان تویز,38,20
173,TOY-0173,لگو پلیس آبی خانواده,لگو و ساختنی,لگو,آبی,خانواده,کیدزلند,410476,681390,6,نوین تویز,38,22
174,TOY-0174,ماشین سرعتی نارنجی بزرگ,ماشین و رادیویی,ماشین کنترلی,نارنجی,بزرگ,کیدزلند,561022,936906,7,آریا اسباب‌بازی,19,25
175,TOY-0175,فیگور مرد عنکبوتی سفید بزرگ,اکشن فیگور,ربات,سفید,بزرگ,شادی,537894,978967,2,تویز لند,33,6
176,TOY-0176,کتاب قصه‌های کهن زرد کوچک,فکری و آموزشی,بازی فکری,زرد,کوچک,شادی,475566,908331,9,پویا تویز,21,22
177,TOY-0177,سرباز اسباب‌بازی چندرنگ متوسط,اکشن فیگور,شخصیت کارتونی,چندرنگ,متوسط,زرافه,475361,945968,9,پویا تویز,6,15
178,TOY-0178,عروسک خرسی سبز بزرگ,عروسک,فیگور,سبز,بزرگ,آسمان,232856,407498,6,نوین تویز,15,21
179,TOY-0179,فیگور بتمن سبز خانواده,اکشن فیگور,شخصیت کارتونی,سبز,خانواده,کیدزلند,551145,925923,3,بازی و شادی,20,13
180,TOY-0180,عروسک بامزی زرد خانواده,عروسک,پارچه‌ای,زرد,خانواده,زرافه,164662,293098,8,ماهان تویز,44,6
181,TOY-0181,سرباز اسباب‌بازی سفید بزرگ,اکشن فیگور,ابرقهرمان,سفید,بزرگ,پیکولو,365297,708676,10,دنیای شادی,7,29
182,TOY-0182,لگو آتش‌نشانی سبز کوچک,لگو و ساختنی,لگو,سبز,کوچک,کیدزلند,677531,1016296,5,پارس اسباب‌بازی,23,23
183,TOY-0183,ظروف مهمانی چندرنگ خانواده,مهمانی و بادکنک,ظروف یکبارمصرف,چندرنگ,خانواده,زرافه,193867,304371,5,پارس اسباب‌بازی,26,23
184,TOY-0184,چرتکه آموزشی صورتی کوچک,فکری و آموزشی,پازل,صورتی,کوچک,آسمان,562253,967075,10,دنیای شادی,16,28
185,TOY-0185,بادکنک رنگی زرد خانواده,مهمانی و بادکنک,فشفشه,زرد,خانواده,پیکولو,897390,1328137,1,اسباب‌بازی ایران,30,15
186,TOY-0186,عروسک سخنگو زرد متوسط,عروسک,پلاستیکی,زرد,متوسط,آسمان,341935,499225,5,پارس اسباب‌بازی,26,17
187,TOY-0187,فیگور مرد عنکبوتی بنفش خانواده,اکشن فیگور,شخصیت کارتونی,بنفش,خانواده,فانتزی,526307,784197,3,بازی و شادی,21,28
188,TOY-0188,دندانگیر نارنجی بزرگ,نوزاد و خردسال,عروسک پارچه‌ای,نارنجی,بزرگ,کیدزلند,872252,1264765,7,آریا اسباب‌بازی,39,22
189,TOY-0189,عروسک خرسی بنفش کوچک,عروسک,پولیشی,بنفش,کوچک,شادی,233068,377570,10,دنیای شادی,26,16
190,TOY-0190,پازل چوبی سفید کوچک,نوزاد و خردسال,پازل چوبی,سفید,کوچک,زرافه,629707,1020125,1,اسباب‌بازی ایران,28,4
191,TOY-0191,فیگور شرک بنفش بزرگ,اکشن فیگور,ابرقهرمان,بنفش,بزرگ,کیدزلند,755046,1072165,7,آریا اسباب‌بازی,11,5
192,TOY-0192,پازل سه‌بعدی برج چندرنگ خانواده,لگو و ساختنی,بلوک ساختمانی,چندرنگ,خانواده,دنیای اسباب‌بازی,898350,1536178,2,تویز لند,49,20
193,TOY-0193,موبایل موزیکال زرد بزرگ,نوزاد و خردسال,موزیکال,زرد,بزرگ,فانتزی,463989,798061,2,تویز لند,19,27
194,TOY-0194,بلوک‌های خانه مشکی متوسط,لگو و ساختنی,بلوک ساختمانی,مشکی,متوسط,پلی‌تویز,745283,1125377,2,تویز لند,43,27
195,TOY-0195,ماشین فلزی سبز متوسط,ماشین و رادیویی,هواپیما,سبز,متوسط,کیدزلند,845488,1225957,3,بازی و شادی,48,27
196,TOY-0196,کاغذ رنگی چندرنگ خانواده,مهمانی و بادکنک,ظروف یکبارمصرف,چندرنگ,خانواده,پیکولو,893811,1573107,10,دنیای شادی,8,12
197,TOY-0197,فیگور بتمن بنفش کوچک,اکشن فیگور,سرباز,بنفش,کوچک,پاندورا,795496,1352343,8,ماهان تویز,40,17
198,TOY-0198,توپ بسکتبال قرمز بزرگ,بازی در فضای باز,اسکوتر,قرمز,بزرگ,دنیای اسباب‌بازی,744717,1288360,2,تویز لند,44,19
199,TOY-0199,استخر بادی قرمز کوچک,بازی در فضای باز,استخر بادی,قرمز,کوچک,شادی,577524,941364,5,پارس اسباب‌بازی,41,8
200,TOY-0200,لگو ماشین چندرنگ خانواده,لگو و ساختنی,لگو,چندرنگ,خانواده,پاندورا,902657,1588676,10,دنیای شادی,49,8
201,TOY-0201,عروسک بامزی زرد بزرگ,عروسک,پولیشی,زرد,بزرگ,پیکولو,617601,951105,8,ماهان تویز,26,23
202,TOY-0202,قایق اسباب‌بازی آبی بزرگ,ماشین و رادیویی,ماشین کنترلی,آبی,بزرگ,کیدزلند,178273,276323,9,پویا تویز,8,13
203,TOY-0203,ماشین فلزی بنفش خانواده,ماشین و رادیویی,ماشین کنترلی,بنفش,خانواده,دنیای اسباب‌بازی,115250,216670,9,پویا تویز,28,25
204,TOY-0204,هواپیمای کنترلی سفید خانواده,ماشین و رادیویی,هواپیما,سفید,خانواده,زرافه,847044,1211272,6,نوین تویز,35,10
205,TOY-0205,عروسک خرسی مشکی کوچک,عروسک,فیگور,مشکی,کوچک,دنیای اسباب‌بازی,706052,1412104,7,آریا اسباب‌بازی,10,4
206,TOY-0206,توپ بسکتبال سبز بزرگ,بازی در فضای باز,اسکوتر,سبز,بزرگ,کیدزلند,588718,1148000,10,دنیای شادی,19,8
207,TOY-0207,هواپیمای کنترلی صورتی متوسط,ماشین و رادیویی,هواپیما,صورتی,متوسط,پیکولو,975815,1649127,2,تویز لند,42,21
208,TOY-0208,اسکوتر سبز کوچک,بازی در فضای باز,استخر بادی,سبز,کوچک,زرافه,826235,1512010,9,پویا تویز,15,10
209,TOY-0209,سرباز اسباب‌بازی سفید متوسط,اکشن فیگور,شخصیت کارتونی,سفید,متوسط,پلی‌تویز,492320,935408,6,نوین تویز,9,8
210,TOY-0210,کلاه جشن تولد سبز متوسط,مهمانی و بادکنک,کلاه تولد,سبز,متوسط,کیدزلند,968954,1773185,5,پارس اسباب‌بازی,24,3
211,TOY-0211,بلوک‌های خانه چندرنگ متوسط,لگو و ساختنی,لگو,چندرنگ,متوسط,پیکولو,744159,1279953,7,آریا اسباب‌بازی,5,28
212,TOY-0212,ماشین فلزی چندرنگ متوسط,ماشین و رادیویی,ماشین ساده,چندرنگ,متوسط,پاندورا,774746,1123381,1,اسباب‌بازی ایران,15,6
213,TOY-0213,عروسک پارچه‌ای بنفش بزرگ,نوزاد و خردسال,موزیکال,بنفش,بزرگ,پاندورا,341022,600198,4,کیان تویز,10,20
214,TOY-0214,کتاب قصه‌های کهن زرد بزرگ,فکری و آموزشی,وسایل آموزشی,زرد,بزرگ,پیکولو,470639,814205,8,ماهان تویز,14,14
215,TOY-0215,ظروف مهمانی نارنجی خانواده,مهمانی و بادکنک,فشفشه,نارنجی,خانواده,فانتزی,225678,408477,4,کیان تویز,24,3
216,TOY-0216,ماشین کنترلی شارژی بنفش بزرگ,ماشین و رادیویی,هواپیما,بنفش,بزرگ,دنیای اسباب‌بازی,164660,230523,2,تویز لند,13,13
217,TOY-0217,لگو پلیس سبز بزرگ,لگو و ساختنی,پازل سه‌بعدی,سبز,بزرگ,پاندورا,488971,860588,9,پویا تویز,39,19
218,TOY-0218,ماشین کنترلی شارژی زرد خانواده,ماشین و رادیویی,قایق,زرد,خانواده,شادی,855205,1582129,1,اسباب‌بازی ایران,18,23
219,TOY-0219,پازل چوبی نارنجی بزرگ,نوزاد و خردسال,جغجغه,نارنجی,بزرگ,پلی‌تویز,738941,1448324,7,آریا اسباب‌بازی,16,5
220,TOY-0220,لگو آتش‌نشانی قرمز بزرگ,لگو و ساختنی,پازل سه‌بعدی,قرمز,بزرگ,کیدزلند,94501,173881,6,نوین تویز,26,10
221,TOY-0221,ماشین کنترلی شارژی سفید خانواده,ماشین و رادیویی,ماشین ساده,سفید,خانواده,فانتزی,833102,1541238,8,ماهان تویز,34,5
222,TOY-0222,بادکنک رنگی قرمز بزرگ,مهمانی و بادکنک,بادکنک,قرمز,بزرگ,پلی‌تویز,189337,357846,3,بازی و شادی,18,28
223,TOY-0223,موبایل موزیکال زرد بزرگ,نوزاد و خردسال,جغجغه,زرد,بزرگ,کیدزلند,910630,1447901,1,اسباب‌بازی ایران,46,27
224,TOY-0224,پازل نقشه ایران بنفش کوچک,فکری و آموزشی,کتاب داستان,بنفش,کوچک,کیدزلند,692492,1156461,8,ماهان تویز,44,16
225,TOY-0225,عروسک باربی سفید خانواده,عروسک,پلاستیکی,سفید,خانواده,تویز,902677,1597738,10,دنیای شادی,37,25
226,TOY-0226,فیگور شرک صورتی متوسط,اکشن فیگور,ابرقهرمان,صورتی,متوسط,کیدزلند,455582,797268,9,پویا تویز,21,3
227,TOY-0227,فیگور شرک نارنجی کوچک,اکشن فیگور,شخصیت کارتونی,نارنجی,کوچک,زرافه,409737,704747,8,ماهان تویز,44,10
228,TOY-0228,عروسک سخنگو سفید کوچک,عروسک,پولیشی,سفید,کوچک,شادی,635510,934199,2,تویز لند,10,5
229,TOY-0229,فیگور مرد عنکبوتی چندرنگ بزرگ,اکشن فیگور,ابرقهرمان,چندرنگ,بزرگ,فانتزی,638876,1022201,1,اسباب‌بازی ایران,19,17
230,TOY-0230,فیگور بتمن بنفش خانواده,اکشن فیگور,سرباز,بنفش,خانواده,فانتزی,631470,1086128,3,بازی و شادی,43,29
231,TOY-0231,لگو پلیس سفید متوسط,لگو و ساختنی,ماکت,سفید,متوسط,تویز,794939,1184459,4,کیان تویز,37,7
232,TOY-0232,عروسک سخنگو نارنجی خانواده,عروسک,فیگور,نارنجی,خانواده,دنیای اسباب‌بازی,785214,1169968,8,ماهان تویز,8,24
233,TOY-0233,دوچرخه کودک سفید بزرگ,بازی در فضای باز,توپ,سفید,بزرگ,تویز,722642,1228491,6,نوین تویز,14,3
234,TOY-0234,اسکوتر صورتی خانواده,بازی در فضای باز,توپ,صورتی,خانواده,پاندورا,129828,223304,7,آریا اسباب‌بازی,40,15
235,TOY-0235,ربات جنگجو بنفش بزرگ,اکشن فیگور,ابرقهرمان,بنفش,بزرگ,دنیای اسباب‌بازی,153664,252008,5,پارس اسباب‌بازی,33,10
236,TOY-0236,لگو پلیس صورتی متوسط,لگو و ساختنی,ماکت,صورتی,متوسط,دنیای اسباب‌بازی,175419,270145,5,پارس اسباب‌بازی,16,15
237,TOY-0237,فیگور مرد عنکبوتی مشکی بزرگ,اکشن فیگور,شخصیت کارتونی,مشکی,بزرگ,آسمان,728435,1296614,8,ماهان تویز,40,6
238,TOY-0238,پازل چوبی مشکی خانواده,نوزاد و خردسال,عروسک پارچه‌ای,مشکی,خانواده,تویز,724693,1275459,6,نوین تویز,24,13
239,TOY-0239,جغجغه آبی خانواده,نوزاد و خردسال,موزیکال,آبی,خانواده,شادی,960302,1546086,9,پویا تویز,10,10
240,TOY-0240,ماشین فلزی چندرنگ خانواده,ماشین و رادیویی,ماشین کنترلی,چندرنگ,خانواده,تویز,440888,692194,3,بازی و شادی,47,14
241,TOY-0241,بلوک‌های خانه مشکی خانواده,لگو و ساختنی,بلوک ساختمانی,مشکی,خانواده,پیکولو,914496,1353454,1,اسباب‌بازی ایران,22,27
242,TOY-0242,هواپیمای کنترلی مشکی خانواده,ماشین و رادیویی,قایق,مشکی,خانواده,کیدزلند,278335,512136,10,دنیای شادی,47,14
243,TOY-0243,قایق اسباب‌بازی مشکی بزرگ,ماشین و رادیویی,هواپیما,مشکی,بزرگ,پلی‌تویز,129146,251834,2,تویز لند,9,26
244,TOY-0244,عروسک پولیشی نارنجی خانواده,عروسک,پلاستیکی,نارنجی,خانواده,دنیای اسباب‌بازی,52331,93672,2,تویز لند,32,28
245,TOY-0245,استخر بادی زرد بزرگ,بازی در فضای باز,اسکوتر,زرد,بزرگ,پاندورا,96853,140436,4,کیان تویز,18,10
246,TOY-0246,لگو پلیس بنفش متوسط,لگو و ساختنی,بلوک ساختمانی,بنفش,متوسط,پاندورا,845226,1648190,2,تویز لند,5,16
247,TOY-0247,فیگور مرد عنکبوتی نارنجی بزرگ,اکشن فیگور,سرباز,نارنجی,بزرگ,آسمان,258828,388242,3,بازی و شادی,40,24
248,TOY-0248,ماشین سرعتی زرد کوچک,ماشین و رادیویی,هواپیما,زرد,کوچک,پلی‌تویز,842366,1347785,3,بازی و شادی,44,17
249,TOY-0249,پازل ۱۰۰ تکه مشکی بزرگ,فکری و آموزشی,کتاب داستان,مشکی,بزرگ,پاندورا,417032,596355,9,پویا تویز,13,12
250,TOY-0250,ماشین کنترلی شارژی سفید خانواده,ماشین و رادیویی,ماشین کنترلی,سفید,خانواده,پاندورا,808767,1132273,9,پویا تویز,45,5
251,TOY-0251,دندانگیر آبی متوسط,نوزاد و خردسال,پازل چوبی,آبی,متوسط,شادی,416223,715903,2,تویز لند,15,8
252,TOY-0252,کاغذ رنگی مشکی متوسط,مهمانی و بادکنک,ظروف یکبارمصرف,مشکی,متوسط,دنیای اسباب‌بازی,365955,589187,10,دنیای شادی,38,29
253,TOY-0253,قایق اسباب‌بازی نارنجی کوچک,ماشین و رادیویی,ماشین ساده,نارنجی,کوچک,کیدزلند,468651,717036,9,پویا تویز,48,29
254,TOY-0254,ماشین فلزی سبز بزرگ,ماشین و رادیویی,هواپیما,سبز,بزرگ,پلی‌تویز,166631,251612,6,نوین تویز,11,22
255,TOY-0255,اسکوتر زرد بزرگ,بازی در فضای باز,توپ,زرد,بزرگ,فانتزی,436357,850896,5,پارس اسباب‌بازی,33,13
256,TOY-0256,لگو ماشین چندرنگ متوسط,لگو و ساختنی,بلوک ساختمانی,چندرنگ,متوسط,فانتزی,643296,907047,10,دنیای شادی,25,19
257,TOY-0257,فیگور مرد عنکبوتی آبی کوچک,اکشن فیگور,شخصیت کارتونی,آبی,کوچک,پیکولو,202694,401334,5,پارس اسباب‌بازی,24,24
258,TOY-0258,پازل نقشه ایران قرمز خانواده,فکری و آموزشی,کتاب داستان,قرمز,خانواده,دنیای اسباب‌بازی,864813,1487478,5,پارس اسباب‌بازی,44,19
259,TOY-0259,دوچرخه کودک صورتی بزرگ,بازی در فضای باز,استخر بادی,صورتی,بزرگ,پاندورا,320608,509766,2,تویز لند,34,25
260,TOY-0260,عروسک پولیشی صورتی خانواده,عروسک,پلاستیکی,صورتی,خانواده,پاندورا,443985,834691,4,کیان تویز,36,19
261,TOY-0261,سرباز اسباب‌بازی مشکی بزرگ,اکشن فیگور,ابرقهرمان,مشکی,بزرگ,زرافه,65453,109961,3,بازی و شادی,44,21
262,TOY-0262,سرباز اسباب‌بازی زرد خانواده,اکشن فیگور,شخصیت کارتونی,زرد,خانواده,کیدزلند,93737,175288,5,پارس اسباب‌بازی,6,24
263,TOY-0263,کلاه جشن تولد آبی کوچک,مهمانی و بادکنک,کلاه تولد,آبی,کوچک,آسمان,457539,750363,7,آریا اسباب‌بازی,42,21
264,TOY-0264,عروسک پارچه‌ای مشکی بزرگ,نوزاد و خردسال,عروسک پارچه‌ای,مشکی,بزرگ,پلی‌تویز,180583,272680,3,بازی و شادی,33,25
265,TOY-0265,ظروف مهمانی سفید خانواده,مهمانی و بادکنک,ظروف یکبارمصرف,سفید,خانواده,تویز,947731,1535324,2,تویز لند,14,21
266,TOY-0266,عروسک پارچه‌ای زرد بزرگ,نوزاد و خردسال,پازل چوبی,زرد,بزرگ,تویز,654679,1080220,1,اسباب‌بازی ایران,27,25
267,TOY-0267,توپ بسکتبال بنفش بزرگ,بازی در فضای باز,استخر بادی,بنفش,بزرگ,دنیای اسباب‌بازی,181468,332086,1,اسباب‌بازی ایران,33,10
268,TOY-0268,لگو آتش‌نشانی سفید بزرگ,لگو و ساختنی,ماکت,سفید,بزرگ,زرافه,56283,86112,6,نوین تویز,28,25
269,TOY-0269,عروسک خرسی چندرنگ متوسط,عروسک,پولیشی,چندرنگ,متوسط,شادی,681735,961246,9,پویا تویز,41,5
270,TOY-0270,استخر بادی نارنجی خانواده,بازی در فضای باز,توپ,نارنجی,خانواده,دنیای اسباب‌بازی,890836,1541146,5,پارس اسباب‌بازی,12,4
271,TOY-0271,لگو پلیس صورتی بزرگ,لگو و ساختنی,بلوک ساختمانی,صورتی,بزرگ,شادی,811155,1614198,9,پویا تویز,36,26
272,TOY-0272,فیگور بتمن چندرنگ خانواده,اکشن فیگور,ابرقهرمان,چندرنگ,خانواده,دنیای اسباب‌بازی,812644,1609035,1,اسباب‌بازی ایران,41,24
273,TOY-0273,عروسک باربی مشکی خانواده,عروسک,پارچه‌ای,مشکی,خانواده,دنیای اسباب‌بازی,228834,361557,8,ماهان تویز,22,9
274,TOY-0274,هواپیمای کنترلی چندرنگ بزرگ,ماشین و رادیویی,ماشین ساده,چندرنگ,بزرگ,فانتزی,644243,1185407,7,آریا اسباب‌بازی,25,21
275,TOY-0275,توپ بسکتبال نارنجی خانواده,بازی در فضای باز,اسکوتر,نارنجی,خانواده,پیکولو,149093,287749,5,پارس اسباب‌بازی,33,20
276,TOY-0276,فشفشه مشکی کوچک,مهمانی و بادکنک,بادکنک,مشکی,کوچک,زرافه,895891,1693233,10,دنیای شادی,24,13
277,TOY-0277,توپ بسکتبال بنفش بزرگ,بازی در فضای باز,توپ,بنفش,بزرگ,پیکولو,281640,459073,10,دنیای شادی,27,25
278,TOY-0278,پازل نقشه ایران بنفش متوسط,فکری و آموزشی,پازل,بنفش,متوسط,دنیای اسباب‌بازی,290021,513337,10,دنیای شادی,42,11
279,TOY-0279,عروسک پارچه‌ای قرمز کوچک,نوزاد و خردسال,عروسک پارچه‌ای,قرمز,کوچک,پلی‌تویز,453042,715806,1,اسباب‌بازی ایران,26,14
280,TOY-0280,ظروف مهمانی سبز خانواده,مهمانی و بادکنک,فشفشه,سبز,خانواده,پلی‌تویز,165909,318545,7,آریا اسباب‌بازی,27,19
281,TOY-0281,کلاه جشن تولد نارنجی متوسط,مهمانی و بادکنک,بادکنک,نارنجی,متوسط,دنیای اسباب‌بازی,500235,855401,6,نوین تویز,13,10
282,TOY-0282,فشفشه سبز خانواده,مهمانی و بادکنک,ظروف یکبارمصرف,سبز,خانواده,دنیای اسباب‌بازی,707880,1160923,6,نوین تویز,13,24
283,TOY-0283,فیگور شرک بنفش متوسط,اکشن فیگور,سرباز,بنفش,متوسط,پلی‌تویز,655702,1081908,5,پارس اسباب‌بازی,30,28
284,TOY-0284,اسکوتر سفید متوسط,بازی در فضای باز,دوچرخه,سفید,متوسط,پاندورا,903555,1635434,6,نوین تویز,41,13
285,TOY-0285,کاغذ رنگی سفید بزرگ,مهمانی و بادکنک,فشفشه,سفید,بزرگ,کیدزلند,827906,1423998,10,دنیای شادی,46,6
286,TOY-0286,موبایل موزیکال سبز بزرگ,نوزاد و خردسال,پازل چوبی,سبز,بزرگ,تویز,513148,738933,5,پارس اسباب‌بازی,41,27
287,TOY-0287,پازل سه‌بعدی برج سفید خانواده,لگو و ساختنی,پازل سه‌بعدی,سفید,خانواده,پلی‌تویز,512540,937948,4,کیان تویز,46,24
288,TOY-0288,دوچرخه کودک آبی متوسط,بازی در فضای باز,اسکوتر,آبی,متوسط,پلی‌تویز,162779,315791,1,اسباب‌بازی ایران,10,29
289,TOY-0289,پازل ۱۰۰ تکه آبی خانواده,فکری و آموزشی,بازی فکری,آبی,خانواده,شادی,609490,1072702,8,ماهان تویز,11,12
290,TOY-0290,لگو پلیس نارنجی متوسط,لگو و ساختنی,بلوک ساختمانی,نارنجی,متوسط,زرافه,916979,1513015,8,ماهان تویز,32,28
291,TOY-0291,فشفشه مشکی بزرگ,مهمانی و بادکنک,کلاه تولد,مشکی,بزرگ,تویز,439374,707392,2,تویز لند,47,3
292,TOY-0292,بازی فکری شطرنج صورتی متوسط,فکری و آموزشی,پازل,صورتی,متوسط,تویز,110314,194152,7,آریا اسباب‌بازی,30,23
293,TOY-0293,فشفشه قرمز کوچک,مهمانی و بادکنک,کلاه تولد,قرمز,کوچک,آسمان,841966,1397663,10,دنیای شادی,40,19
294,TOY-0294,بلوک‌های خانه بنفش خانواده,لگو و ساختنی,پازل سه‌بعدی,بنفش,خانواده,فانتزی,729886,1291898,9,پویا تویز,38,25
295,TOY-0295,کلاه جشن تولد آبی بزرگ,مهمانی و بادکنک,فشفشه,آبی,بزرگ,فانتزی,673761,1320571,8,ماهان تویز,9,26
296,TOY-0296,توپ فوتبال مشکی بزرگ,بازی در فضای باز,دوچرخه,مشکی,بزرگ,پیکولو,238492,338658,4,کیان تویز,24,21
297,TOY-0297,قایق اسباب‌بازی نارنجی بزرگ,ماشین و رادیویی,قایق,نارنجی,بزرگ,کیدزلند,607225,868331,7,آریا اسباب‌بازی,49,13
298,TOY-0298,لگو آتش‌نشانی بنفش بزرگ,لگو و ساختنی,بلوک ساختمانی,بنفش,بزرگ,پلی‌تویز,354216,658841,1,اسباب‌بازی ایران,13,11
299,TOY-0299,دوچرخه کودک بنفش بزرگ,بازی در فضای باز,استخر بادی,بنفش,بزرگ,شادی,370993,612138,5,پارس اسباب‌بازی,47,10
300,TOY-0300,عروسک سخنگو زرد کوچک,عروسک,فیگور,زرد,کوچک,کیدزلند,451782,700262,8,ماهان تویز,7,20
301,TOY-0301,استخر بادی نارنجی بزرگ,بازی در فضای باز,دوچرخه,نارنجی,بزرگ,کیدزلند,805433,1465888,5,پارس اسباب‌بازی,34,8
302,TOY-0302,فیگور بتمن سبز خانواده,اکشن فیگور,ابرقهرمان,سبز,خانواده,فانتزی,602523,976087,8,ماهان تویز,48,29
303,TOY-0303,فیگور شرک بنفش متوسط,اکشن فیگور,ربات,بنفش,متوسط,پلی‌تویز,919794,1361295,10,دنیای شادی,14,27
304,TOY-0304,لگو ماشین مشکی کوچک,لگو و ساختنی,ماکت,مشکی,کوچک,پیکولو,462625,698563,2,تویز لند,20,26
305,TOY-0305,عروسک بامزی نارنجی متوسط,عروسک,پلاستیکی,نارنجی,متوسط,فانتزی,765640,1362839,6,نوین تویز,21,25
306,TOY-0306,کلاه جشن تولد چندرنگ خانواده,مهمانی و بادکنک,بادکنک,چندرنگ,خانواده,کیدزلند,732380,1303636,9,پویا تویز,12,27
307,TOY-0307,ظروف مهمانی سبز خانواده,مهمانی و بادکنک,بادکنک,سبز,خانواده,پاندورا,906262,1622208,10,دنیای شادی,30,11
308,TOY-0308,عروسک سخنگو قرمز خانواده,عروسک,پولیشی,قرمز,خانواده,آسمان,945737,1342946,1,اسباب‌بازی ایران,14,18
309,TOY-0309,پازل ۱۰۰ تکه صورتی بزرگ,فکری و آموزشی,پازل,صورتی,بزرگ,کیدزلند,927490,1400509,9,پویا تویز,25,24
310,TOY-0310,عروسک پولیشی قرمز بزرگ,عروسک,پارچه‌ای,قرمز,بزرگ,زرافه,918023,1303592,3,بازی و شادی,11,11
311,TOY-0311,هواپیمای کنترلی صورتی خانواده,ماشین و رادیویی,قایق,صورتی,خانواده,زرافه,216821,318726,7,آریا اسباب‌بازی,27,20
312,TOY-0312,بلوک‌های خانه آبی متوسط,لگو و ساختنی,بلوک ساختمانی,آبی,متوسط,دنیای اسباب‌بازی,752712,1076378,7,آریا اسباب‌بازی,39,20
313,TOY-0313,ماشین کنترلی شارژی قرمز بزرگ,ماشین و رادیویی,ماشین ساده,قرمز,بزرگ,پاندورا,536761,960802,9,پویا تویز,18,26
314,TOY-0314,عروسک پارچه‌ای زرد خانواده,نوزاد و خردسال,پازل چوبی,زرد,خانواده,شادی,253108,372068,3,بازی و شادی,38,5
315,TOY-0315,توپ فوتبال قرمز خانواده,بازی در فضای باز,دوچرخه,قرمز,خانواده,پیکولو,705400,1128640,1,اسباب‌بازی ایران,27,14
316,TOY-0316,پازل ۱۰۰ تکه آبی کوچک,فکری و آموزشی,بازی فکری,آبی,کوچک,پاندورا,585254,1100277,10,دنیای شادی,8,24
317,TOY-0317,عروسک خرسی صورتی خانواده,عروسک,پلاستیکی,صورتی,خانواده,پلی‌تویز,339189,603756,9,پویا تویز,20,15
318,TOY-0318,بازی فکری شطرنج نارنجی بزرگ,فکری و آموزشی,پازل,نارنجی,بزرگ,پلی‌تویز,627387,966175,10,دنیای شادی,39,12
319,TOY-0319,فیگور بتمن سفید متوسط,اکشن فیگور,سرباز,سفید,متوسط,دنیای اسباب‌بازی,990631,1386883,4,کیان تویز,17,15
320,TOY-0320,موبایل موزیکال قرمز متوسط,نوزاد و خردسال,موزیکال,قرمز,متوسط,زرافه,402444,788790,9,پویا تویز,43,16
321,TOY-0321,فشفشه صورتی بزرگ,مهمانی و بادکنک,بادکنک,صورتی,بزرگ,زرافه,370190,688553,7,آریا اسباب‌بازی,33,23
322,TOY-0322,قایق اسباب‌بازی سبز خانواده,ماشین و رادیویی,هواپیما,سبز,خانواده,پلی‌تویز,495387,866927,4,کیان تویز,48,17
323,TOY-0323,استخر بادی قرمز خانواده,بازی در فضای باز,دوچرخه,قرمز,خانواده,زرافه,416338,607853,9,پویا تویز,43,22
324,TOY-0324,ماشین فلزی سفید متوسط,ماشین و رادیویی,قایق,سفید,متوسط,شادی,745454,1147999,2,تویز لند,7,15
325,TOY-0325,بادکنک رنگی نارنجی متوسط,مهمانی و بادکنک,فشفشه,نارنجی,متوسط,تویز,373983,587153,5,پارس اسباب‌بازی,8,20
326,TOY-0326,جغجغه زرد متوسط,نوزاد و خردسال,جغجغه,زرد,متوسط,پاندورا,256599,366936,4,کیان تویز,5,23
327,TOY-0327,فیگور مرد عنکبوتی زرد متوسط,اکشن فیگور,سرباز,زرد,متوسط,کیدزلند,988090,1640229,8,ماهان تویز,28,6
328,TOY-0328,کتاب قصه‌های کهن زرد بزرگ,فکری و آموزشی,بازی فکری,زرد,بزرگ,آسمان,241706,476160,7,آریا اسباب‌بازی,41,13
329,TOY-0329,فشفشه سفید بزرگ,مهمانی و بادکنک,فشفشه,سفید,بزرگ,دنیای اسباب‌بازی,600897,1195785,8,ماهان تویز,28,13
330,TOY-0330,ظروف مهمانی مشکی متوسط,مهمانی و بادکنک,بادکنک,مشکی,متوسط,شادی,906612,1804157,6,نوین تویز,11,22
331,TOY-0331,دندانگیر زرد متوسط,نوزاد و خردسال,جغجغه,زرد,متوسط,تویز,93036,152579,5,پارس اسباب‌بازی,33,24
332,TOY-0332,عروسک پارچه‌ای زرد بزرگ,نوزاد و خردسال,موزیکال,زرد,بزرگ,پلی‌تویز,619504,1059351,7,آریا اسباب‌بازی,14,13
333,TOY-0333,پازل نقشه ایران مشکی بزرگ,فکری و آموزشی,کتاب داستان,مشکی,بزرگ,پاندورا,201232,307884,8,ماهان تویز,7,26
334,TOY-0334,فشفشه سبز متوسط,مهمانی و بادکنک,کلاه تولد,سبز,متوسط,دنیای اسباب‌بازی,369621,528558,8,ماهان تویز,27,19
335,TOY-0335,ماشین سرعتی قرمز کوچک,ماشین و رادیویی,ماشین کنترلی,قرمز,کوچک,تویز,532712,937573,1,اسباب‌بازی ایران,46,5
336,TOY-0336,عروسک پارچه‌ای آبی متوسط,نوزاد و خردسال,عروسک پارچه‌ای,آبی,متوسط,تویز,765491,1393193,4,کیان تویز,28,5
337,TOY-0337,بادکنک رنگی چندرنگ خانواده,مهمانی و بادکنک,فشفشه,چندرنگ,خانواده,پاندورا,821358,1256677,1,اسباب‌بازی ایران,29,11
338,TOY-0338,عروسک خرسی قرمز بزرگ,عروسک,پولیشی,قرمز,بزرگ,دنیای اسباب‌بازی,898073,1724300,5,پارس اسباب‌بازی,15,11
339,TOY-0339,عروسک باربی آبی کوچک,عروسک,پولیشی,آبی,کوچک,دنیای اسباب‌بازی,409434,638717,3,بازی و شادی,33,11
340,TOY-0340,پازل نقشه ایران نارنجی بزرگ,فکری و آموزشی,بازی فکری,نارنجی,بزرگ,شادی,73045,139515,5,پارس اسباب‌بازی,46,11
341,TOY-0341,موبایل موزیکال صورتی خانواده,نوزاد و خردسال,جغجغه,صورتی,خانواده,پیکولو,349179,684390,4,کیان تویز,15,29
342,TOY-0342,پازل ۱۰۰ تکه قرمز کوچک,فکری و آموزشی,وسایل آموزشی,قرمز,کوچک,زرافه,302949,469570,7,آریا اسباب‌بازی,42,10
343,TOY-0343,جغجغه قرمز متوسط,نوزاد و خردسال,پازل چوبی,قرمز,متوسط,کیدزلند,704842,1007924,8,ماهان تویز,22,8
344,TOY-0344,دندانگیر آبی کوچک,نوزاد و خردسال,موزیکال,آبی,کوچک,پلی‌تویز,963258,1415989,4,کیان تویز,32,7
345,TOY-0345,بادکنک رنگی آبی بزرگ,مهمانی و بادکنک,فشفشه,آبی,بزرگ,دنیای اسباب‌بازی,991731,1428092,10,دنیای شادی,49,21
346,TOY-0346,عروسک سخنگو قرمز متوسط,عروسک,پلاستیکی,قرمز,متوسط,پیکولو,829940,1336203,3,بازی و شادی,38,10
347,TOY-0347,موبایل موزیکال سبز متوسط,نوزاد و خردسال,جغجغه,سبز,متوسط,پیکولو,578760,902865,7,آریا اسباب‌بازی,10,26
348,TOY-0348,فیگور بتمن آبی بزرگ,اکشن فیگور,ربات,آبی,بزرگ,تویز,803503,1446305,2,تویز لند,37,29
349,TOY-0349,جغجغه مشکی خانواده,نوزاد و خردسال,عروسک پارچه‌ای,مشکی,خانواده,شادی,871275,1594433,1,اسباب‌بازی ایران,47,15
350,TOY-0350,استخر بادی زرد بزرگ,بازی در فضای باز,استخر بادی,زرد,بزرگ,دنیای اسباب‌بازی,706547,1278850,7,آریا اسباب‌بازی,31,8
351,TOY-0351,دندانگیر صورتی کوچک,نوزاد و خردسال,عروسک پارچه‌ای,صورتی,کوچک,پیکولو,213544,412139,5,پارس اسباب‌بازی,49,28
352,TOY-0352,پازل ۱۰۰ تکه سفید متوسط,فکری و آموزشی,پازل,سفید,متوسط,زرافه,481505,929304,3,بازی و شادی,46,12
353,TOY-0353,موبایل موزیکال آبی کوچک,نوزاد و خردسال,موزیکال,آبی,کوچک,تویز,825348,1271035,5,پارس اسباب‌بازی,43,20
354,TOY-0354,فشفشه آبی متوسط,مهمانی و بادکنک,فشفشه,آبی,متوسط,کیدزلند,823428,1564513,3,بازی و شادی,33,14
355,TOY-0355,دندانگیر نارنجی خانواده,نوزاد و خردسال,پازل چوبی,نارنجی,خانواده,کیدزلند,36194,56824,1,اسباب‌بازی ایران,31,19
356,TOY-0356,لگو ماشین آبی بزرگ,لگو و ساختنی,پازل سه‌بعدی,آبی,بزرگ,زرافه,573048,842380,1,اسباب‌بازی ایران,38,26
357,TOY-0357,استخر بادی آبی متوسط,بازی در فضای باز,استخر بادی,آبی,متوسط,پیکولو,824119,1219696,9,پویا تویز,23,9
358,TOY-0358,ماشین فلزی سبز بزرگ,ماشین و رادیویی,قایق,سبز,بزرگ,آسمان,555028,1098955,5,پارس اسباب‌بازی,32,17
359,TOY-0359,بادکنک رنگی سبز خانواده,مهمانی و بادکنک,کلاه تولد,سبز,خانواده,آسمان,934067,1363737,7,آریا اسباب‌بازی,8,22
360,TOY-0360,توپ فوتبال مشکی بزرگ,بازی در فضای باز,استخر بادی,مشکی,بزرگ,پلی‌تویز,697249,1004038,8,ماهان تویز,31,19
361,TOY-0361,پازل ۱۰۰ تکه سبز بزرگ,فکری و آموزشی,کتاب داستان,سبز,بزرگ,تویز,777854,1423472,7,آریا اسباب‌بازی,5,24
362,TOY-0362,سرباز اسباب‌بازی بنفش بزرگ,اکشن فیگور,ربات,بنفش,بزرگ,زرافه,632288,904171,10,دنیای شادی,18,17
363,TOY-0363,هواپیمای کنترلی چندرنگ متوسط,ماشین و رادیویی,هواپیما,چندرنگ,متوسط,پاندورا,969811,1794150,6,نوین تویز,39,22
364,TOY-0364,هواپیمای کنترلی سفید خانواده,ماشین و رادیویی,قایق,سفید,خانواده,پیکولو,765515,1079376,4,کیان تویز,15,3
365,TOY-0365,سرباز اسباب‌بازی صورتی بزرگ,اکشن فیگور,ربات,صورتی,بزرگ,کیدزلند,343901,581192,10,دنیای شادی,15,28
366,TOY-0366,پازل نقشه ایران قرمز خانواده,فکری و آموزشی,بازی فکری,قرمز,خانواده,پلی‌تویز,30998,46497,8,ماهان تویز,38,6
367,TOY-0367,استخر بادی بنفش متوسط,بازی در فضای باز,توپ,بنفش,متوسط,آسمان,443395,740469,4,کیان تویز,43,17
368,TOY-0368,استخر بادی صورتی کوچک,بازی در فضای باز,دوچرخه,صورتی,کوچک,پاندورا,800965,1457756,10,دنیای شادی,36,4
369,TOY-0369,کاغذ رنگی نارنجی خانواده,مهمانی و بادکنک,ظروف یکبارمصرف,نارنجی,خانواده,دنیای اسباب‌بازی,779638,1200642,1,اسباب‌بازی ایران,15,29
370,TOY-0370,فیگور مرد عنکبوتی زرد بزرگ,اکشن فیگور,شخصیت کارتونی,زرد,بزرگ,فانتزی,872012,1726583,10,دنیای شادی,32,23
371,TOY-0371,عروسک سخنگو صورتی کوچک,عروسک,پولیشی,صورتی,کوچک,تویز,912238,1742374,2,تویز لند,24,8
372,TOY-0372,توپ بسکتبال نارنجی متوسط,بازی در فضای باز,دوچرخه,نارنجی,متوسط,پاندورا,767291,1281375,6,نوین تویز,5,28
373,TOY-0373,دندانگیر نارنجی متوسط,نوزاد و خردسال,پازل چوبی,نارنجی,متوسط,شادی,897276,1381805,1,اسباب‌بازی ایران,39,19
374,TOY-0374,فشفشه صورتی کوچک,مهمانی و بادکنک,بادکنک,صورتی,کوچک,کیدزلند,662116,1072627,3,بازی و شادی,19,14
375,TOY-0375,سرباز اسباب‌بازی بنفش متوسط,اکشن فیگور,سرباز,بنفش,متوسط,دنیای اسباب‌بازی,489013,968245,8,ماهان تویز,29,19
376,TOY-0376,فیگور مرد عنکبوتی بنفش خانواده,اکشن فیگور,ربات,بنفش,خانواده,شادی,118429,176459,2,تویز لند,31,16
377,TOY-0377,توپ فوتبال قرمز بزرگ,بازی در فضای باز,توپ,قرمز,بزرگ,کیدزلند,544443,767664,3,بازی و شادی,33,14
378,TOY-0378,پازل نقشه ایران سبز بزرگ,فکری و آموزشی,بازی فکری,سبز,بزرگ,دنیای اسباب‌بازی,61550,120022,7,آریا اسباب‌بازی,7,22
379,TOY-0379,ظروف مهمانی سبز متوسط,مهمانی و بادکنک,کلاه تولد,سبز,متوسط,زرافه,802641,1356463,7,آریا اسباب‌بازی,18,9
380,TOY-0380,عروسک پولیشی چندرنگ خانواده,عروسک,پلاستیکی,چندرنگ,خانواده,زرافه,151430,274088,1,اسباب‌بازی ایران,40,11
381,TOY-0381,چرتکه آموزشی آبی کوچک,فکری و آموزشی,بازی فکری,آبی,کوچک,دنیای اسباب‌بازی,224508,379418,3,بازی و شادی,26,24
382,TOY-0382,فیگور بتمن بنفش کوچک,اکشن فیگور,سرباز,بنفش,کوچک,آسمان,346147,605757,8,ماهان تویز,12,13
383,TOY-0383,فیگور شرک صورتی کوچک,اکشن فیگور,ربات,صورتی,کوچک,شادی,984820,1467381,6,نوین تویز,25,20
384,TOY-0384,فشفشه چندرنگ کوچک,مهمانی و بادکنک,کلاه تولد,چندرنگ,کوچک,فانتزی,690042,1131668,6,نوین تویز,35,8
385,TOY-0385,بلوک‌های خانه آبی متوسط,لگو و ساختنی,بلوک ساختمانی,آبی,متوسط,شادی,312912,569499,3,بازی و شادی,37,8
386,TOY-0386,دندانگیر سبز خانواده,نوزاد و خردسال,پازل چوبی,سبز,خانواده,زرافه,910584,1666368,3,بازی و شادی,28,11
387,TOY-0387,کاغذ رنگی سبز خانواده,مهمانی و بادکنک,کلاه تولد,سبز,خانواده,آسمان,264783,526918,3,بازی و شادی,36,17
388,TOY-0388,قایق اسباب‌بازی چندرنگ کوچک,ماشین و رادیویی,هواپیما,چندرنگ,کوچک,شادی,513921,909640,1,اسباب‌بازی ایران,24,3
389,TOY-0389,کلاه جشن تولد صورتی خانواده,مهمانی و بادکنک,کلاه تولد,صورتی,خانواده,زرافه,572859,807731,8,ماهان تویز,37,4
390,TOY-0390,پازل چوبی سبز کوچک,نوزاد و خردسال,پازل چوبی,سبز,کوچک,پیکولو,548214,1058053,1,اسباب‌بازی ایران,34,3
391,TOY-0391,پازل ۱۰۰ تکه سفید متوسط,فکری و آموزشی,وسایل آموزشی,سفید,متوسط,دنیای اسباب‌بازی,829778,1335942,5,پارس اسباب‌بازی,43,4
392,TOY-0392,ماشین سرعتی بنفش کوچک,ماشین و رادیویی,قایق,بنفش,کوچک,پیکولو,978142,1486775,2,تویز لند,19,4
393,TOY-0393,توپ بسکتبال قرمز خانواده,بازی در فضای باز,اسکوتر,قرمز,خانواده,دنیای اسباب‌بازی,69947,125904,4,کیان تویز,44,13
394,TOY-0394,عروسک پارچه‌ای سفید کوچک,نوزاد و خردسال,جغجغه,سفید,کوچک,پاندورا,150493,291956,5,پارس اسباب‌بازی,13,8
395,TOY-0395,ربات جنگجو آبی متوسط,اکشن فیگور,شخصیت کارتونی,آبی,متوسط,پلی‌تویز,628106,1111747,10,دنیای شادی,45,20
396,TOY-0396,فیگور بتمن چندرنگ متوسط,اکشن فیگور,ربات,چندرنگ,متوسط,پلی‌تویز,937145,1846175,4,کیان تویز,32,22
397,TOY-0397,عروسک بامزی سفید متوسط,عروسک,فیگور,سفید,متوسط,شادی,359266,679012,5,پارس اسباب‌بازی,11,13
398,TOY-0398,توپ بسکتبال آبی متوسط,بازی در فضای باز,اسکوتر,آبی,متوسط,زرافه,897972,1553491,1,اسباب‌بازی ایران,26,28
399,TOY-0399,دوچرخه کودک زرد متوسط,بازی در فضای باز,دوچرخه,زرد,متوسط,شادی,496476,704995,4,کیان تویز,46,16
400,TOY-0400,عروسک پارچه‌ای چندرنگ بزرگ,نوزاد و خردسال,پازل چوبی,چندرنگ,بزرگ,زرافه,109181,157220,7,آریا اسباب‌بازی,27,14
401,TOY-0401,بادکنک رنگی صورتی بزرگ,مهمانی و بادکنک,بادکنک,صورتی,بزرگ,شادی,184758,354735,8,ماهان تویز,23,25
402,TOY-0402,کاغذ رنگی قرمز کوچک,مهمانی و بادکنک,فشفشه,قرمز,کوچک,پاندورا,486077,899242,6,نوین تویز,33,25
403,TOY-0403,لگو آتش‌نشانی صورتی متوسط,لگو و ساختنی,ماکت,صورتی,متوسط,پاندورا,450645,644422,5,پارس اسباب‌بازی,48,20
404,TOY-0404,سرباز اسباب‌بازی نارنجی متوسط,اکشن فیگور,سرباز,نارنجی,متوسط,پیکولو,50235,89920,8,ماهان تویز,41,26
405,TOY-0405,فیگور مرد عنکبوتی آبی خانواده,اکشن فیگور,شخصیت کارتونی,آبی,خانواده,تویز,975549,1746232,2,تویز لند,14,21
406,TOY-0406,قایق اسباب‌بازی قرمز خانواده,ماشین و رادیویی,قایق,قرمز,خانواده,پلی‌تویز,689821,993342,3,بازی و شادی,19,3
407,TOY-0407,اسکوتر آبی بزرگ,بازی در فضای باز,دوچرخه,آبی,بزرگ,آسمان,845238,1267857,2,تویز لند,25,28
408,TOY-0408,فیگور مرد عنکبوتی صورتی بزرگ,اکشن فیگور,ابرقهرمان,صورتی,بزرگ,پلی‌تویز,750425,1245705,7,آریا اسباب‌بازی,8,14
409,TOY-0409,لگو پلیس زرد خانواده,لگو و ساختنی,لگو,زرد,خانواده,کیدزلند,774692,1316976,3,بازی و شادی,36,11
410,TOY-0410,پازل ۱۰۰ تکه قرمز بزرگ,فکری و آموزشی,کتاب داستان,قرمز,بزرگ,کیدزلند,455456,838039,7,آریا اسباب‌بازی,40,4
411,TOY-0411,ماشین کنترلی شارژی زرد خانواده,ماشین و رادیویی,قایق,زرد,خانواده,کیدزلند,609791,1146407,2,تویز لند,43,12
412,TOY-0412,بلوک‌های خانه سفید متوسط,لگو و ساختنی,پازل سه‌بعدی,سفید,متوسط,زرافه,992369,1558019,3,بازی و شادی,16,5
413,TOY-0413,ماشین سرعتی چندرنگ کوچک,ماشین و رادیویی,ماشین کنترلی,چندرنگ,کوچک,پیکولو,634277,1129013,3,بازی و شادی,19,3
414,TOY-0414,کلاه جشن تولد سبز خانواده,مهمانی و بادکنک,فشفشه,سبز,خانواده,پیکولو,157620,288444,8,ماهان تویز,34,25
415,TOY-0415,پازل ۱۰۰ تکه سبز کوچک,فکری و آموزشی,پازل,سبز,کوچک,پیکولو,643564,1042573,7,آریا اسباب‌بازی,6,25
416,TOY-0416,سرباز اسباب‌بازی سبز متوسط,اکشن فیگور,ربات,سبز,متوسط,آسمان,430640,620121,2,تویز لند,45,24
417,TOY-0417,پازل ۱۰۰ تکه سفید متوسط,فکری و آموزشی,وسایل آموزشی,سفید,متوسط,دنیای اسباب‌بازی,874627,1460627,10,دنیای شادی,43,27
418,TOY-0418,چرتکه آموزشی قرمز متوسط,فکری و آموزشی,کتاب داستان,قرمز,متوسط,پاندورا,672742,982203,7,آریا اسباب‌بازی,21,29
419,TOY-0419,پازل سه‌بعدی برج چندرنگ کوچک,لگو و ساختنی,بلوک ساختمانی,چندرنگ,کوچک,دنیای اسباب‌بازی,332783,545764,1,اسباب‌بازی ایران,39,7
420,TOY-0420,فیگور بتمن صورتی خانواده,اکشن فیگور,سرباز,صورتی,خانواده,شادی,38759,67828,9,پویا تویز,16,26
421,TOY-0421,ماشین کنترلی شارژی قرمز کوچک,ماشین و رادیویی,قایق,قرمز,کوچک,تویز,414759,638728,5,پارس اسباب‌بازی,35,13
422,TOY-0422,پازل ۱۰۰ تکه صورتی بزرگ,فکری و آموزشی,پازل,صورتی,بزرگ,دنیای اسباب‌بازی,887198,1481620,7,آریا اسباب‌بازی,20,12
423,TOY-0423,جغجغه نارنجی متوسط,نوزاد و خردسال,پازل چوبی,نارنجی,متوسط,آسمان,465314,837565,2,تویز لند,45,3
424,TOY-0424,توپ بسکتبال زرد متوسط,بازی در فضای باز,توپ,زرد,متوسط,دنیای اسباب‌بازی,465950,815412,6,نوین تویز,16,3
425,TOY-0425,موبایل موزیکال صورتی متوسط,نوزاد و خردسال,جغجغه,صورتی,متوسط,تویز,274951,445420,4,کیان تویز,32,27
426,TOY-0426,لگو پلیس بنفش کوچک,لگو و ساختنی,ماکت,بنفش,کوچک,آسمان,617372,993968,3,بازی و شادی,16,7
427,TOY-0427,لگو آتش‌نشانی قرمز متوسط,لگو و ساختنی,لگو,قرمز,متوسط,پاندورا,788336,1434771,6,نوین تویز,32,17
428,TOY-0428,اسکوتر سبز بزرگ,بازی در فضای باز,دوچرخه,سبز,بزرگ,کیدزلند,872223,1325778,1,اسباب‌بازی ایران,24,20
429,TOY-0429,سرباز اسباب‌بازی نارنجی کوچک,اکشن فیگور,ربات,نارنجی,کوچک,آسمان,987092,1451025,10,دنیای شادی,41,22
430,TOY-0430,پازل سه‌بعدی برج نارنجی بزرگ,لگو و ساختنی,ماکت,نارنجی,بزرگ,تویز,80145,142658,8,ماهان تویز,39,8
431,TOY-0431,ماشین فلزی سفید کوچک,ماشین و رادیویی,هواپیما,سفید,کوچک,پیکولو,204610,296684,2,تویز لند,37,19
432,TOY-0432,پازل ۱۰۰ تکه قرمز متوسط,فکری و آموزشی,پازل,قرمز,متوسط,تویز,597130,1080805,8,ماهان تویز,24,23
433,TOY-0433,فیگور بتمن سبز کوچک,اکشن فیگور,ربات,سبز,کوچک,دنیای اسباب‌بازی,495500,896855,7,آریا اسباب‌بازی,38,27
434,TOY-0434,بازی فکری شطرنج صورتی بزرگ,فکری و آموزشی,وسایل آموزشی,صورتی,بزرگ,آسمان,649946,1247896,2,تویز لند,35,26
435,TOY-0435,فیگور شرک قرمز متوسط,اکشن فیگور,شخصیت کارتونی,قرمز,متوسط,پلی‌تویز,530128,895916,9,پویا تویز,48,8
436,TOY-0436,عروسک خرسی بنفش بزرگ,عروسک,پولیشی,بنفش,بزرگ,آسمان,165461,234954,6,نوین تویز,49,22
437,TOY-0437,لگو پلیس مشکی متوسط,لگو و ساختنی,ماکت,مشکی,متوسط,آسمان,713540,1084580,10,دنیای شادی,12,20
438,TOY-0438,استخر بادی مشکی خانواده,بازی در فضای باز,دوچرخه,مشکی,خانواده,پلی‌تویز,212698,391364,9,پویا تویز,33,8
439,TOY-0439,پازل ۱۰۰ تکه صورتی کوچک,فکری و آموزشی,بازی فکری,صورتی,کوچک,پلی‌تویز,872097,1316866,9,پویا تویز,38,3
440,TOY-0440,سرباز اسباب‌بازی قرمز خانواده,اکشن فیگور,شخصیت کارتونی,قرمز,خانواده,آسمان,842971,1660652,2,تویز لند,14,20
441,TOY-0441,کتاب قصه‌های کهن بنفش کوچک,فکری و آموزشی,بازی فکری,بنفش,کوچک,فانتزی,266822,506961,5,پارس اسباب‌بازی,44,19
442,TOY-0442,لگو آتش‌نشانی نارنجی خانواده,لگو و ساختنی,لگو,نارنجی,خانواده,شادی,59475,116571,8,ماهان تویز,8,3
443,TOY-0443,لگو ماشین سبز خانواده,لگو و ساختنی,لگو,سبز,خانواده,کیدزلند,612591,1200678,10,دنیای شادی,18,23
444,TOY-0444,عروسک باربی زرد بزرگ,عروسک,پولیشی,زرد,بزرگ,آسمان,676962,1184683,6,نوین تویز,32,4
445,TOY-0445,موبایل موزیکال بنفش بزرگ,نوزاد و خردسال,موزیکال,بنفش,بزرگ,پلی‌تویز,999431,1429186,2,تویز لند,13,3
446,TOY-0446,پازل نقشه ایران آبی متوسط,فکری و آموزشی,بازی فکری,آبی,متوسط,کیدزلند,424700,815424,3,بازی و شادی,13,23
447,TOY-0447,فشفشه صورتی کوچک,مهمانی و بادکنک,ظروف یکبارمصرف,صورتی,کوچک,دنیای اسباب‌بازی,580005,1067209,6,نوین تویز,8,4
448,TOY-0448,چرتکه آموزشی بنفش بزرگ,فکری و آموزشی,کتاب داستان,بنفش,بزرگ,کیدزلند,422016,675225,2,تویز لند,42,21
449,TOY-0449,ماشین سرعتی قرمز متوسط,ماشین و رادیویی,هواپیما,قرمز,متوسط,شادی,813610,1513314,3,بازی و شادی,45,25
450,TOY-0450,بلوک‌های خانه صورتی کوچک,لگو و ساختنی,بلوک ساختمانی,صورتی,کوچک,آسمان,452515,855253,5,پارس اسباب‌بازی,28,24
451,TOY-0451,قایق اسباب‌بازی بنفش متوسط,ماشین و رادیویی,ماشین کنترلی,بنفش,متوسط,کیدزلند,659602,1055363,8,ماهان تویز,5,14
452,TOY-0452,لگو پلیس قرمز کوچک,لگو و ساختنی,بلوک ساختمانی,قرمز,کوچک,پلی‌تویز,621536,1081472,3,بازی و شادی,23,27
453,TOY-0453,چرتکه آموزشی آبی بزرگ,فکری و آموزشی,کتاب داستان,آبی,بزرگ,کیدزلند,608590,1052860,1,اسباب‌بازی ایران,39,14
454,TOY-0454,پازل سه‌بعدی برج سبز کوچک,لگو و ساختنی,بلوک ساختمانی,سبز,کوچک,شادی,44227,77397,2,تویز لند,12,16
455,TOY-0455,عروسک خرسی سبز خانواده,عروسک,پولیشی,سبز,خانواده,زرافه,653298,1215134,8,ماهان تویز,13,5
456,TOY-0456,عروسک پولیشی سبز بزرگ,عروسک,پولیشی,سبز,بزرگ,پلی‌تویز,556092,1095501,3,بازی و شادی,6,8
457,TOY-0457,استخر بادی سبز کوچک,بازی در فضای باز,اسکوتر,سبز,کوچک,پیکولو,916809,1732769,10,دنیای شادی,29,14
458,TOY-0458,کتاب قصه‌های کهن صورتی خانواده,فکری و آموزشی,وسایل آموزشی,صورتی,خانواده,تویز,174522,300177,2,تویز لند,19,14
459,TOY-0459,دوچرخه کودک صورتی متوسط,بازی در فضای باز,استخر بادی,صورتی,متوسط,دنیای اسباب‌بازی,492394,807526,4,کیان تویز,27,8
460,TOY-0460,عروسک سخنگو بنفش خانواده,عروسک,پولیشی,بنفش,خانواده,شادی,754469,1380678,10,دنیای شادی,47,15
461,TOY-0461,سرباز اسباب‌بازی سبز کوچک,اکشن فیگور,ربات,سبز,کوچک,شادی,827721,1374016,10,دنیای شادی,20,17
462,TOY-0462,چرتکه آموزشی قرمز خانواده,فکری و آموزشی,پازل,قرمز,خانواده,دنیای اسباب‌بازی,99141,195307,6,نوین تویز,40,13
463,TOY-0463,پازل ۱۰۰ تکه زرد متوسط,فکری و آموزشی,بازی فکری,زرد,متوسط,آسمان,398672,605981,9,پویا تویز,17,24
464,TOY-0464,عروسک بامزی صورتی بزرگ,عروسک,پلاستیکی,صورتی,بزرگ,فانتزی,218721,328081,3,بازی و شادی,8,18
465,TOY-0465,چرتکه آموزشی چندرنگ کوچک,فکری و آموزشی,وسایل آموزشی,چندرنگ,کوچک,شادی,537392,967305,10,دنیای شادی,33,17
466,TOY-0466,قایق اسباب‌بازی نارنجی بزرگ,ماشین و رادیویی,ماشین ساده,نارنجی,بزرگ,فانتزی,546292,956011,8,ماهان تویز,46,6
467,TOY-0467,عروسک خرسی زرد متوسط,عروسک,پارچه‌ای,زرد,متوسط,تویز,726106,1190813,9,پویا تویز,17,6
468,TOY-0468,فشفشه چندرنگ متوسط,مهمانی و بادکنک,بادکنک,چندرنگ,متوسط,فانتزی,828478,1416697,6,نوین تویز,11,14
469,TOY-0469,ماشین کنترلی شارژی قرمز متوسط,ماشین و رادیویی,هواپیما,قرمز,متوسط,پیکولو,205995,354311,3,بازی و شادی,11,26
470,TOY-0470,لگو پلیس مشکی خانواده,لگو و ساختنی,پازل سه‌بعدی,مشکی,خانواده,پیکولو,799605,1207403,2,تویز لند,40,22
471,TOY-0471,سرباز اسباب‌بازی سبز متوسط,اکشن فیگور,سرباز,سبز,متوسط,زرافه,499039,938193,8,ماهان تویز,5,14
472,TOY-0472,فیگور شرک چندرنگ بزرگ,اکشن فیگور,ابرقهرمان,چندرنگ,بزرگ,پلی‌تویز,72110,128355,10,دنیای شادی,17,25
473,TOY-0473,هواپیمای کنترلی سفید متوسط,ماشین و رادیویی,قایق,سفید,متوسط,فانتزی,648845,1109524,1,اسباب‌بازی ایران,32,11
474,TOY-0474,عروسک پارچه‌ای چندرنگ بزرگ,نوزاد و خردسال,جغجغه,چندرنگ,بزرگ,پیکولو,799931,1431876,4,کیان تویز,28,28
475,TOY-0475,لگو آتش‌نشانی مشکی کوچک,لگو و ساختنی,ماکت,مشکی,کوچک,پلی‌تویز,379949,737101,6,نوین تویز,28,18
476,TOY-0476,فیگور مرد عنکبوتی مشکی خانواده,اکشن فیگور,ابرقهرمان,مشکی,خانواده,تویز,569937,883402,5,پارس اسباب‌بازی,8,20
477,TOY-0477,پازل ۱۰۰ تکه مشکی بزرگ,فکری و آموزشی,بازی فکری,مشکی,بزرگ,کیدزلند,739999,1413398,1,اسباب‌بازی ایران,43,12
478,TOY-0478,عروسک پولیشی صورتی متوسط,عروسک,پولیشی,صورتی,متوسط,زرافه,815244,1516353,8,ماهان تویز,14,3
479,TOY-0479,دندانگیر صورتی کوچک,نوزاد و خردسال,موزیکال,صورتی,کوچک,پاندورا,441226,657426,10,دنیای شادی,39,14
480,TOY-0480,کتاب قصه‌های کهن آبی کوچک,فکری و آموزشی,بازی فکری,آبی,کوچک,آسمان,866913,1326376,1,اسباب‌بازی ایران,21,24
481,TOY-0481,فیگور مرد عنکبوتی آبی بزرگ,اکشن فیگور,سرباز,آبی,بزرگ,فانتزی,52929,94742,7,آریا اسباب‌بازی,32,9
482,TOY-0482,ماشین سرعتی آبی بزرگ,ماشین و رادیویی,ماشین کنترلی,آبی,بزرگ,پیکولو,560296,862855,10,دنیای شادی,18,15
483,TOY-0483,ظروف مهمانی سبز خانواده,مهمانی و بادکنک,بادکنک,سبز,خانواده,فانتزی,606642,1031291,1,اسباب‌بازی ایران,6,5
484,TOY-0484,لگو آتش‌نشانی زرد خانواده,لگو و ساختنی,پازل سه‌بعدی,زرد,خانواده,دنیای اسباب‌بازی,609135,1102534,9,پویا تویز,46,24
485,TOY-0485,اسکوتر زرد کوچک,بازی در فضای باز,اسکوتر,زرد,کوچک,تویز,462417,846223,7,آریا اسباب‌بازی,15,9
486,TOY-0486,بادکنک رنگی مشکی کوچک,مهمانی و بادکنک,کلاه تولد,مشکی,کوچک,زرافه,360857,682019,2,تویز لند,8,28
487,TOY-0487,دوچرخه کودک آبی کوچک,بازی در فضای باز,استخر بادی,آبی,کوچک,پلی‌تویز,357110,692793,3,بازی و شادی,49,16
488,TOY-0488,استخر بادی آبی بزرگ,بازی در فضای باز,توپ,آبی,بزرگ,زرافه,286948,513636,8,ماهان تویز,40,5
489,TOY-0489,بادکنک رنگی نارنجی خانواده,مهمانی و بادکنک,فشفشه,نارنجی,خانواده,فانتزی,419152,679026,6,نوین تویز,10,11
490,TOY-0490,عروسک پارچه‌ای بنفش کوچک,نوزاد و خردسال,موزیکال,بنفش,کوچک,آسمان,628641,1049830,8,ماهان تویز,6,7
491,TOY-0491,کلاه جشن تولد سفید کوچک,مهمانی و بادکنک,فشفشه,سفید,کوچک,فانتزی,97833,174142,2,تویز لند,12,8
492,TOY-0492,لگو ماشین صورتی متوسط,لگو و ساختنی,پازل سه‌بعدی,صورتی,متوسط,دنیای اسباب‌بازی,605027,1095098,1,اسباب‌بازی ایران,48,28
493,TOY-0493,دندانگیر بنفش متوسط,نوزاد و خردسال,پازل چوبی,بنفش,متوسط,پاندورا,353011,635419,5,پارس اسباب‌بازی,27,14
494,TOY-0494,لگو پلیس نارنجی متوسط,لگو و ساختنی,ماکت,نارنجی,متوسط,کیدزلند,671984,1162532,8,ماهان تویز,38,25
495,TOY-0495,ماشین فلزی زرد متوسط,ماشین و رادیویی,ماشین ساده,زرد,متوسط,تویز,481249,692998,7,آریا اسباب‌بازی,48,28
496,TOY-0496,لگو آتش‌نشانی سبز بزرگ,لگو و ساختنی,ماکت,سبز,بزرگ,شادی,958896,1447932,2,تویز لند,35,17
497,TOY-0497,لگو ماشین صورتی بزرگ,لگو و ساختنی,ماکت,صورتی,بزرگ,آسمان,224905,386836,9,پویا تویز,34,27
498,TOY-0498,کاغذ رنگی چندرنگ خانواده,مهمانی و بادکنک,بادکنک,چندرنگ,خانواده,کیدزلند,827152,1158012,7,آریا اسباب‌بازی,20,14
499,TOY-0499,ماشین سرعتی چندرنگ کوچک,ماشین و رادیویی,ماشین ساده,چندرنگ,کوچک,کیدزلند,981799,1649422,10,دنیای شادی,34,15
500,TOY-0500,لگو ماشین مشکی خانواده,لگو و ساختنی,پازل سه‌بعدی,مشکی,خانواده,آسمان,146234,289543,7,آریا اسباب‌بازی,9,22
501,TOY-0501,بادکنک رنگی سبز بزرگ,مهمانی و بادکنک,ظروف یکبارمصرف,سبز,بزرگ,زرافه,929190,1598206,3,بازی و شادی,34,23
502,TOY-0502,پازل چوبی مشکی متوسط,نوزاد و خردسال,جغجغه,مشکی,متوسط,تویز,120141,186218,8,ماهان تویز,12,9
503,TOY-0503,توپ فوتبال مشکی بزرگ,بازی در فضای باز,اسکوتر,مشکی,بزرگ,آسمان,868745,1537678,5,پارس اسباب‌بازی,16,8
504,TOY-0504,کلاه جشن تولد سبز بزرگ,مهمانی و بادکنک,بادکنک,سبز,بزرگ,پاندورا,184524,265714,6,نوین تویز,40,3
505,TOY-0505,توپ بسکتبال آبی متوسط,بازی در فضای باز,استخر بادی,آبی,متوسط,پاندورا,250536,403362,4,کیان تویز,45,23
506,TOY-0506,دندانگیر مشکی کوچک,نوزاد و خردسال,پازل چوبی,مشکی,کوچک,دنیای اسباب‌بازی,365932,563535,3,بازی و شادی,5,13
507,TOY-0507,لگو ماشین صورتی متوسط,لگو و ساختنی,پازل سه‌بعدی,صورتی,متوسط,دنیای اسباب‌بازی,830527,1303927,10,دنیای شادی,30,6
508,TOY-0508,عروسک باربی زرد کوچک,عروسک,پلاستیکی,زرد,کوچک,پلی‌تویز,877136,1315704,1,اسباب‌بازی ایران,26,13
509,TOY-0509,فشفشه زرد بزرگ,مهمانی و بادکنک,بادکنک,زرد,بزرگ,شادی,587349,1021987,8,ماهان تویز,46,14
510,TOY-0510,جغجغه زرد بزرگ,نوزاد و خردسال,جغجغه,زرد,بزرگ,پاندورا,932677,1371035,10,دنیای شادی,22,15
511,TOY-0511,ظروف مهمانی چندرنگ بزرگ,مهمانی و بادکنک,کلاه تولد,چندرنگ,بزرگ,شادی,399204,770463,3,بازی و شادی,34,16
512,TOY-0512,اسکوتر قرمز خانواده,بازی در فضای باز,توپ,قرمز,خانواده,تویز,811747,1517966,3,بازی و شادی,18,11
513,TOY-0513,بازی فکری شطرنج زرد بزرگ,فکری و آموزشی,بازی فکری,زرد,بزرگ,زرافه,342852,483421,9,پویا تویز,31,4
514,TOY-0514,عروسک پولیشی سبز متوسط,عروسک,پارچه‌ای,سبز,متوسط,پیکولو,246906,486404,1,اسباب‌بازی ایران,22,12
515,TOY-0515,پازل نقشه ایران سفید بزرگ,فکری و آموزشی,وسایل آموزشی,سفید,بزرگ,زرافه,827806,1225152,7,آریا اسباب‌بازی,37,6
516,TOY-0516,سرباز اسباب‌بازی زرد خانواده,اکشن فیگور,ربات,زرد,خانواده,آسمان,618179,914904,9,پویا تویز,20,24
517,TOY-0517,جغجغه نارنجی بزرگ,نوزاد و خردسال,جغجغه,نارنجی,بزرگ,دنیای اسباب‌بازی,834452,1326778,10,دنیای شادی,39,11
518,TOY-0518,توپ فوتبال بنفش کوچک,بازی در فضای باز,اسکوتر,بنفش,کوچک,شادی,830444,1494799,5,پارس اسباب‌بازی,38,10
519,TOY-0519,سرباز اسباب‌بازی سفید متوسط,اکشن فیگور,سرباز,سفید,متوسط,فانتزی,493887,839607,9,پویا تویز,19,6
520,TOY-0520,پازل نقشه ایران صورتی بزرگ,فکری و آموزشی,پازل,صورتی,بزرگ,فانتزی,107566,201148,1,اسباب‌بازی ایران,36,15
521,TOY-0521,فشفشه صورتی خانواده,مهمانی و بادکنک,فشفشه,صورتی,خانواده,زرافه,938355,1811025,1,اسباب‌بازی ایران,33,8
522,TOY-0522,بازی فکری شطرنج نارنجی خانواده,فکری و آموزشی,وسایل آموزشی,نارنجی,خانواده,شادی,30322,42754,9,پویا تویز,6,25
523,TOY-0523,توپ بسکتبال سبز بزرگ,بازی در فضای باز,دوچرخه,سبز,بزرگ,کیدزلند,177464,255548,8,ماهان تویز,23,4
524,TOY-0524,ماشین سرعتی سبز بزرگ,ماشین و رادیویی,هواپیما,سبز,بزرگ,کیدزلند,476006,680688,4,کیان تویز,15,20
525,TOY-0525,سرباز اسباب‌بازی صورتی بزرگ,اکشن فیگور,ابرقهرمان,صورتی,بزرگ,شادی,86047,156605,5,پارس اسباب‌بازی,13,25
526,TOY-0526,توپ فوتبال بنفش کوچک,بازی در فضای باز,استخر بادی,بنفش,کوچک,پیکولو,262004,390385,10,دنیای شادی,13,16
527,TOY-0527,لگو آتش‌نشانی نارنجی کوچک,لگو و ساختنی,ماکت,نارنجی,کوچک,زرافه,128014,232985,9,پویا تویز,37,6
528,TOY-0528,توپ فوتبال سبز متوسط,بازی در فضای باز,استخر بادی,سبز,متوسط,پلی‌تویز,644193,992057,6,نوین تویز,41,9
529,TOY-0529,عروسک پارچه‌ای مشکی متوسط,نوزاد و خردسال,پازل چوبی,مشکی,متوسط,کیدزلند,244178,366267,8,ماهان تویز,40,8
530,TOY-0530,سرباز اسباب‌بازی قرمز کوچک,اکشن فیگور,ابرقهرمان,قرمز,کوچک,پاندورا,443300,656084,5,پارس اسباب‌بازی,39,9
531,TOY-0531,پازل نقشه ایران سبز خانواده,فکری و آموزشی,بازی فکری,سبز,خانواده,کیدزلند,539739,912158,3,بازی و شادی,11,7
532,TOY-0532,پازل چوبی صورتی خانواده,نوزاد و خردسال,پازل چوبی,صورتی,خانواده,زرافه,405466,802822,1,اسباب‌بازی ایران,6,29
533,TOY-0533,عروسک سخنگو قرمز بزرگ,عروسک,پلاستیکی,قرمز,بزرگ,دنیای اسباب‌بازی,436023,815363,4,کیان تویز,25,12
534,TOY-0534,عروسک باربی زرد بزرگ,عروسک,پارچه‌ای,زرد,بزرگ,آسمان,690545,1042722,3,بازی و شادی,9,3
535,TOY-0535,لگو ماشین چندرنگ بزرگ,لگو و ساختنی,ماکت,چندرنگ,بزرگ,فانتزی,343795,653210,2,تویز لند,49,23
536,TOY-0536,عروسک سخنگو بنفش بزرگ,عروسک,فیگور,بنفش,بزرگ,زرافه,222890,320961,3,بازی و شادی,36,6
537,TOY-0537,سرباز اسباب‌بازی زرد متوسط,اکشن فیگور,ربات,زرد,متوسط,زرافه,390266,608814,1,اسباب‌بازی ایران,15,23
538,TOY-0538,بازی فکری شطرنج زرد کوچک,فکری و آموزشی,بازی فکری,زرد,کوچک,پیکولو,849026,1239577,9,پویا تویز,30,6
539,TOY-0539,هواپیمای کنترلی قرمز خانواده,ماشین و رادیویی,ماشین کنترلی,قرمز,خانواده,آسمان,868720,1346516,9,پویا تویز,22,10
540,TOY-0540,عروسک خرسی قرمز کوچک,عروسک,پارچه‌ای,قرمز,کوچک,کیدزلند,816365,1444966,7,آریا اسباب‌بازی,33,8
541,TOY-0541,بادکنک رنگی نارنجی بزرگ,مهمانی و بادکنک,ظروف یکبارمصرف,نارنجی,بزرگ,پاندورا,410621,808923,3,بازی و شادی,45,19
542,TOY-0542,چرتکه آموزشی صورتی کوچک,فکری و آموزشی,پازل,صورتی,کوچک,دنیای اسباب‌بازی,668931,1317794,5,پارس اسباب‌بازی,6,18
543,TOY-0543,ماشین کنترلی شارژی نارنجی کوچک,ماشین و رادیویی,قایق,نارنجی,کوچک,آسمان,277030,526357,2,تویز لند,44,23
544,TOY-0544,لگو آتش‌نشانی چندرنگ متوسط,لگو و ساختنی,ماکت,چندرنگ,متوسط,آسمان,830378,1411642,9,پویا تویز,12,29
545,TOY-0545,کتاب قصه‌های کهن سفید متوسط,فکری و آموزشی,وسایل آموزشی,سفید,متوسط,تویز,466620,718594,9,پویا تویز,21,25
546,TOY-0546,ظروف مهمانی مشکی متوسط,مهمانی و بادکنک,کلاه تولد,مشکی,متوسط,تویز,532855,793953,1,اسباب‌بازی ایران,36,14
547,TOY-0547,لگو ماشین بنفش متوسط,لگو و ساختنی,لگو,بنفش,متوسط,کیدزلند,526855,953607,9,پویا تویز,17,10
548,TOY-0548,بلوک‌های خانه زرد خانواده,لگو و ساختنی,لگو,زرد,خانواده,آسمان,112248,205413,5,پارس اسباب‌بازی,49,21
549,TOY-0549,بادکنک رنگی سبز کوچک,مهمانی و بادکنک,بادکنک,سبز,کوچک,آسمان,99119,139757,6,نوین تویز,9,22
550,TOY-0550,فیگور مرد عنکبوتی آبی کوچک,اکشن فیگور,ربات,آبی,کوچک,تویز,745383,1200066,3,بازی و شادی,40,13
551,TOY-0551,هواپیمای کنترلی بنفش بزرگ,ماشین و رادیویی,هواپیما,بنفش,بزرگ,کیدزلند,971627,1914105,6,نوین تویز,32,21
552,TOY-0552,فیگور مرد عنکبوتی صورتی خانواده,اکشن فیگور,ابرقهرمان,صورتی,خانواده,پاندورا,198886,290373,5,پارس اسباب‌بازی,34,24
553,TOY-0553,پازل چوبی سبز کوچک,نوزاد و خردسال,پازل چوبی,سبز,کوچک,فانتزی,771441,1203447,1,اسباب‌بازی ایران,42,17
554,TOY-0554,قایق اسباب‌بازی چندرنگ خانواده,ماشین و رادیویی,ماشین کنترلی,چندرنگ,خانواده,پیکولو,109706,217217,8,ماهان تویز,35,10
555,TOY-0555,هواپیمای کنترلی چندرنگ کوچک,ماشین و رادیویی,قایق,چندرنگ,کوچک,فانتزی,776146,1373778,8,ماهان تویز,6,17
556,TOY-0556,ظروف مهمانی بنفش کوچک,مهمانی و بادکنک,بادکنک,بنفش,کوچک,کیدزلند,229516,337388,5,پارس اسباب‌بازی,8,16
557,TOY-0557,فیگور شرک چندرنگ متوسط,اکشن فیگور,شخصیت کارتونی,چندرنگ,متوسط,شادی,97176,192408,9,پویا تویز,14,23
558,TOY-0558,لگو آتش‌نشانی بنفش بزرگ,لگو و ساختنی,ماکت,بنفش,بزرگ,زرافه,151476,254479,3,بازی و شادی,6,24
559,TOY-0559,عروسک باربی نارنجی خانواده,عروسک,پارچه‌ای,نارنجی,خانواده,پاندورا,501435,977798,3,بازی و شادی,20,4
560,TOY-0560,بلوک‌های خانه زرد بزرگ,لگو و ساختنی,ماکت,زرد,بزرگ,آسمان,154252,246803,1,اسباب‌بازی ایران,44,20
561,TOY-0561,کتاب قصه‌های کهن زرد کوچک,فکری و آموزشی,کتاب داستان,زرد,کوچک,پاندورا,247877,401560,8,ماهان تویز,18,28
562,TOY-0562,ظروف مهمانی بنفش بزرگ,مهمانی و بادکنک,بادکنک,بنفش,بزرگ,کیدزلند,624551,1230365,8,ماهان تویز,34,22
563,TOY-0563,عروسک پولیشی صورتی کوچک,عروسک,پارچه‌ای,صورتی,کوچک,دنیای اسباب‌بازی,147856,224741,9,پویا تویز,25,5
564,TOY-0564,عروسک بامزی چندرنگ بزرگ,عروسک,پارچه‌ای,چندرنگ,بزرگ,دنیای اسباب‌بازی,681311,1083284,9,پویا تویز,43,19
565,TOY-0565,چرتکه آموزشی مشکی کوچک,فکری و آموزشی,کتاب داستان,مشکی,کوچک,پلی‌تویز,280678,485572,8,ماهان تویز,25,15
566,TOY-0566,سرباز اسباب‌بازی بنفش کوچک,اکشن فیگور,ربات,بنفش,کوچک,کیدزلند,244431,486417,4,کیان تویز,44,16
567,TOY-0567,عروسک سخنگو سفید بزرگ,عروسک,فیگور,سفید,بزرگ,کیدزلند,783154,1401845,1,اسباب‌بازی ایران,15,24
568,TOY-0568,ماشین فلزی صورتی کوچک,ماشین و رادیویی,قایق,صورتی,کوچک,آسمان,760591,1186521,10,دنیای شادی,32,15
569,TOY-0569,پازل ۱۰۰ تکه صورتی متوسط,فکری و آموزشی,بازی فکری,صورتی,متوسط,پاندورا,189870,281007,4,کیان تویز,19,22
570,TOY-0570,ربات جنگجو قرمز کوچک,اکشن فیگور,شخصیت کارتونی,قرمز,کوچک,پاندورا,823251,1259574,8,ماهان تویز,27,26
571,TOY-0571,ماشین کنترلی شارژی نارنجی کوچک,ماشین و رادیویی,قایق,نارنجی,کوچک,دنیای اسباب‌بازی,362112,597484,7,آریا اسباب‌بازی,41,3
572,TOY-0572,کاغذ رنگی سبز متوسط,مهمانی و بادکنک,کلاه تولد,سبز,متوسط,کیدزلند,523109,826512,7,آریا اسباب‌بازی,23,25
573,TOY-0573,ربات جنگجو چندرنگ متوسط,اکشن فیگور,ربات,چندرنگ,متوسط,آسمان,698218,1340578,7,آریا اسباب‌بازی,29,7
574,TOY-0574,ربات جنگجو سبز متوسط,اکشن فیگور,سرباز,سبز,متوسط,زرافه,185269,311251,10,دنیای شادی,20,10
575,TOY-0575,توپ بسکتبال زرد متوسط,بازی در فضای باز,اسکوتر,زرد,متوسط,پلی‌تویز,269278,495471,10,دنیای شادی,5,6
576,TOY-0576,دوچرخه کودک سبز بزرگ,بازی در فضای باز,اسکوتر,سبز,بزرگ,کیدزلند,126202,206971,6,نوین تویز,46,4
577,TOY-0577,کاغذ رنگی سفید خانواده,مهمانی و بادکنک,ظروف یکبارمصرف,سفید,خانواده,تویز,227914,394291,9,پویا تویز,43,29
578,TOY-0578,پازل سه‌بعدی برج سبز کوچک,لگو و ساختنی,لگو,سبز,کوچک,تویز,212383,341936,4,کیان تویز,17,11
579,TOY-0579,اسکوتر سفید متوسط,بازی در فضای باز,دوچرخه,سفید,متوسط,تویز,567599,794638,5,پارس اسباب‌بازی,30,28
580,TOY-0580,چرتکه آموزشی بنفش کوچک,فکری و آموزشی,پازل,بنفش,کوچک,پیکولو,64252,118866,9,پویا تویز,18,27
581,TOY-0581,بازی فکری شطرنج نارنجی بزرگ,فکری و آموزشی,کتاب داستان,نارنجی,بزرگ,تویز,959331,1554116,7,آریا اسباب‌بازی,15,18
582,TOY-0582,موبایل موزیکال نارنجی کوچک,نوزاد و خردسال,پازل چوبی,نارنجی,کوچک,تویز,174421,275585,5,پارس اسباب‌بازی,23,7
583,TOY-0583,بازی فکری شطرنج مشکی متوسط,فکری و آموزشی,کتاب داستان,مشکی,متوسط,پلی‌تویز,150972,246084,5,پارس اسباب‌بازی,8,22
584,TOY-0584,بادکنک رنگی سبز متوسط,مهمانی و بادکنک,کلاه تولد,سبز,متوسط,دنیای اسباب‌بازی,786987,1204090,2,تویز لند,30,7
585,TOY-0585,پازل چوبی سفید بزرگ,نوزاد و خردسال,جغجغه,سفید,بزرگ,فانتزی,673150,942409,3,بازی و شادی,43,23
586,TOY-0586,اسکوتر بنفش متوسط,بازی در فضای باز,توپ,بنفش,متوسط,تویز,58199,87298,3,بازی و شادی,49,22
587,TOY-0587,فیگور شرک سفید خانواده,اکشن فیگور,شخصیت کارتونی,سفید,خانواده,پیکولو,420257,806893,9,پویا تویز,33,16
588,TOY-0588,سرباز اسباب‌بازی نارنجی متوسط,اکشن فیگور,شخصیت کارتونی,نارنجی,متوسط,فانتزی,731702,1068284,9,پویا تویز,8,26
589,TOY-0589,پازل سه‌بعدی برج نارنجی خانواده,لگو و ساختنی,بلوک ساختمانی,نارنجی,خانواده,کیدزلند,615383,1113843,6,نوین تویز,22,21
590,TOY-0590,چرتکه آموزشی مشکی بزرگ,فکری و آموزشی,بازی فکری,مشکی,بزرگ,آسمان,291726,554279,4,کیان تویز,23,24
591,TOY-0591,بادکنک رنگی مشکی خانواده,مهمانی و بادکنک,بادکنک,مشکی,خانواده,پلی‌تویز,704553,1303423,10,دنیای شادی,42,23
592,TOY-0592,چرتکه آموزشی صورتی کوچک,فکری و آموزشی,پازل,صورتی,کوچک,زرافه,794956,1359374,5,پارس اسباب‌بازی,49,6
593,TOY-0593,توپ بسکتبال مشکی خانواده,بازی در فضای باز,توپ,مشکی,خانواده,پاندورا,148705,273617,1,اسباب‌بازی ایران,37,20
594,TOY-0594,اسکوتر نارنجی کوچک,بازی در فضای باز,دوچرخه,نارنجی,کوچک,کیدزلند,390279,562001,3,بازی و شادی,32,29
595,TOY-0595,عروسک باربی زرد خانواده,عروسک,پارچه‌ای,زرد,خانواده,کیدزلند,773590,1423405,4,کیان تویز,49,3
596,TOY-0596,عروسک پارچه‌ای قرمز خانواده,نوزاد و خردسال,جغجغه,قرمز,خانواده,شادی,438610,780725,1,اسباب‌بازی ایران,31,17
597,TOY-0597,لگو پلیس سبز بزرگ,لگو و ساختنی,لگو,سبز,بزرگ,دنیای اسباب‌بازی,427607,812453,2,تویز لند,15,9
598,TOY-0598,کتاب قصه‌های کهن صورتی خانواده,فکری و آموزشی,وسایل آموزشی,صورتی,خانواده,زرافه,584716,1023253,7,آریا اسباب‌بازی,14,20
599,TOY-0599,ربات جنگجو آبی کوچک,اکشن فیگور,شخصیت کارتونی,آبی,کوچک,پیکولو,190335,346409,2,تویز لند,34,24
600,TOY-0600,عروسک سخنگو نارنجی کوچک,عروسک,پارچه‌ای,نارنجی,کوچک,آسمان,294878,504241,5,پارس اسباب‌بازی,49,21
601,TOY-0601,پازل سه‌بعدی برج صورتی خانواده,لگو و ساختنی,پازل سه‌بعدی,صورتی,خانواده,تویز,942458,1470234,8,ماهان تویز,30,21
602,TOY-0602,ماشین فلزی صورتی بزرگ,ماشین و رادیویی,ماشین ساده,صورتی,بزرگ,فانتزی,395606,664618,5,پارس اسباب‌بازی,24,19
603,TOY-0603,فیگور شرک نارنجی متوسط,اکشن فیگور,شخصیت کارتونی,نارنجی,متوسط,کیدزلند,452124,886163,1,اسباب‌بازی ایران,40,8
604,TOY-0604,عروسک بامزی نارنجی کوچک,عروسک,پولیشی,نارنجی,کوچک,آسمان,642235,918396,4,کیان تویز,43,20
605,TOY-0605,ربات جنگجو نارنجی متوسط,اکشن فیگور,ابرقهرمان,نارنجی,متوسط,فانتزی,912108,1705641,3,بازی و شادی,40,8
606,TOY-0606,بازی فکری شطرنج آبی متوسط,فکری و آموزشی,وسایل آموزشی,آبی,متوسط,پیکولو,85561,131763,1,اسباب‌بازی ایران,48,27
607,TOY-0607,فشفشه آبی بزرگ,مهمانی و بادکنک,بادکنک,آبی,بزرگ,کیدزلند,758833,1358311,4,کیان تویز,40,23
608,TOY-0608,فشفشه سبز متوسط,مهمانی و بادکنک,فشفشه,سبز,متوسط,کیدزلند,96889,138551,5,پارس اسباب‌بازی,34,24
609,TOY-0609,بلوک‌های خانه بنفش خانواده,لگو و ساختنی,بلوک ساختمانی,بنفش,خانواده,شادی,283854,439973,10,دنیای شادی,32,16
610,TOY-0610,توپ بسکتبال چندرنگ بزرگ,بازی در فضای باز,دوچرخه,چندرنگ,بزرگ,شادی,272059,424412,7,آریا اسباب‌بازی,35,12
611,TOY-0611,هواپیمای کنترلی زرد متوسط,ماشین و رادیویی,ماشین کنترلی,زرد,متوسط,زرافه,849445,1325134,5,پارس اسباب‌بازی,13,15
612,TOY-0612,سرباز اسباب‌بازی بنفش خانواده,اکشن فیگور,ابرقهرمان,بنفش,خانواده,پاندورا,857496,1226219,6,نوین تویز,22,28
613,TOY-0613,توپ بسکتبال آبی متوسط,بازی در فضای باز,استخر بادی,آبی,متوسط,پیکولو,575133,925964,2,تویز لند,37,29
614,TOY-0614,توپ بسکتبال زرد بزرگ,بازی در فضای باز,دوچرخه,زرد,بزرگ,کیدزلند,366923,711830,2,تویز لند,22,26
615,TOY-0615,عروسک بامزی چندرنگ خانواده,عروسک,پارچه‌ای,چندرنگ,خانواده,پیکولو,561870,831567,4,کیان تویز,11,23
616,TOY-0616,عروسک بامزی نارنجی خانواده,عروسک,فیگور,نارنجی,خانواده,فانتزی,80690,133138,6,نوین تویز,18,27
617,TOY-0617,دندانگیر سفید متوسط,نوزاد و خردسال,عروسک پارچه‌ای,سفید,متوسط,پاندورا,509646,1014195,9,پویا تویز,9,5
618,TOY-0618,بلوک‌های خانه نارنجی کوچک,لگو و ساختنی,ماکت,نارنجی,کوچک,پلی‌تویز,733401,1107435,10,دنیای شادی,23,21
619,TOY-0619,قایق اسباب‌بازی سبز متوسط,ماشین و رادیویی,ماشین ساده,سبز,متوسط,پیکولو,972845,1721935,10,دنیای شادی,45,3
620,TOY-0620,هواپیمای کنترلی قرمز متوسط,ماشین و رادیویی,قایق,قرمز,متوسط,پاندورا,176709,272131,4,کیان تویز,46,27
621,TOY-0621,بلوک‌های خانه زرد کوچک,لگو و ساختنی,پازل سه‌بعدی,زرد,کوچک,پلی‌تویز,855097,1487868,9,پویا تویز,21,26
622,TOY-0622,ربات جنگجو بنفش کوچک,اکشن فیگور,ربات,بنفش,کوچک,تویز,141325,271344,6,نوین تویز,47,11
623,TOY-0623,بلوک‌های خانه چندرنگ متوسط,لگو و ساختنی,پازل سه‌بعدی,چندرنگ,متوسط,زرافه,797948,1380450,7,آریا اسباب‌بازی,38,8
624,TOY-0624,فیگور شرک سفید خانواده,اکشن فیگور,شخصیت کارتونی,سفید,خانواده,پلی‌تویز,249362,476281,9,پویا تویز,14,23
625,TOY-0625,موبایل موزیکال بنفش خانواده,نوزاد و خردسال,موزیکال,بنفش,خانواده,پیکولو,166730,300114,1,اسباب‌بازی ایران,6,12
626,TOY-0626,ماشین فلزی زرد کوچک,ماشین و رادیویی,قایق,زرد,کوچک,دنیای اسباب‌بازی,478426,789402,5,پارس اسباب‌بازی,43,24
627,TOY-0627,بازی فکری شطرنج سبز بزرگ,فکری و آموزشی,بازی فکری,سبز,بزرگ,پیکولو,311869,583195,2,تویز لند,42,29
628,TOY-0628,چرتکه آموزشی آبی خانواده,فکری و آموزشی,کتاب داستان,آبی,خانواده,پاندورا,475462,679910,8,ماهان تویز,36,9
629,TOY-0629,کتاب قصه‌های کهن قرمز متوسط,فکری و آموزشی,بازی فکری,قرمز,متوسط,تویز,875971,1515429,3,بازی و شادی,8,16
630,TOY-0630,ماشین سرعتی قرمز متوسط,ماشین و رادیویی,ماشین ساده,قرمز,متوسط,تویز,761484,1073692,3,بازی و شادی,44,23
631,TOY-0631,توپ بسکتبال صورتی کوچک,بازی در فضای باز,دوچرخه,صورتی,کوچک,آسمان,669840,1004760,2,تویز لند,18,29
632,TOY-0632,پازل نقشه ایران بنفش خانواده,فکری و آموزشی,کتاب داستان,بنفش,خانواده,فانتزی,948238,1649934,4,کیان تویز,32,28
633,TOY-0633,دندانگیر سبز بزرگ,نوزاد و خردسال,عروسک پارچه‌ای,سبز,بزرگ,فانتزی,571241,988246,6,نوین تویز,7,10
634,TOY-0634,کلاه جشن تولد صورتی خانواده,مهمانی و بادکنک,بادکنک,صورتی,خانواده,فانتزی,303957,495449,2,تویز لند,39,8
635,TOY-0635,عروسک بامزی نارنجی خانواده,عروسک,پلاستیکی,نارنجی,خانواده,فانتزی,390774,652592,10,دنیای شادی,47,21
636,TOY-0636,پازل سه‌بعدی برج چندرنگ کوچک,لگو و ساختنی,بلوک ساختمانی,چندرنگ,کوچک,دنیای اسباب‌بازی,457839,695915,9,پویا تویز,16,12
637,TOY-0637,پازل سه‌بعدی برج سبز کوچک,لگو و ساختنی,لگو,سبز,کوچک,زرافه,121215,195156,9,پویا تویز,45,6
638,TOY-0638,جغجغه نارنجی خانواده,نوزاد و خردسال,موزیکال,نارنجی,خانواده,پلی‌تویز,298148,474055,8,ماهان تویز,13,17
639,TOY-0639,دندانگیر چندرنگ کوچک,نوزاد و خردسال,موزیکال,چندرنگ,کوچک,زرافه,219965,426732,3,بازی و شادی,22,12
640,TOY-0640,دوچرخه کودک آبی بزرگ,بازی در فضای باز,استخر بادی,آبی,بزرگ,پیکولو,464174,803021,9,پویا تویز,6,9
641,TOY-0641,عروسک پارچه‌ای قرمز کوچک,نوزاد و خردسال,موزیکال,قرمز,کوچک,پیکولو,625068,1012610,9,پویا تویز,31,20
642,TOY-0642,پازل سه‌بعدی برج زرد بزرگ,لگو و ساختنی,لگو,زرد,بزرگ,زرافه,193788,329439,6,نوین تویز,32,3
643,TOY-0643,پازل سه‌بعدی برج چندرنگ بزرگ,لگو و ساختنی,بلوک ساختمانی,چندرنگ,بزرگ,آسمان,62382,101058,9,پویا تویز,36,18
644,TOY-0644,دندانگیر سفید خانواده,نوزاد و خردسال,موزیکال,سفید,خانواده,پلی‌تویز,177541,294718,7,آریا اسباب‌بازی,10,16
645,TOY-0645,فشفشه نارنجی خانواده,مهمانی و بادکنک,کلاه تولد,نارنجی,خانواده,آسمان,110960,214152,5,پارس اسباب‌بازی,16,13
646,TOY-0646,فیگور بتمن آبی متوسط,اکشن فیگور,ربات,آبی,متوسط,پاندورا,520050,1029699,3,بازی و شادی,49,25
647,TOY-0647,لگو ماشین صورتی بزرگ,لگو و ساختنی,بلوک ساختمانی,صورتی,بزرگ,دنیای اسباب‌بازی,148760,273718,10,دنیای شادی,38,6
648,TOY-0648,عروسک پولیشی قرمز کوچک,عروسک,پلاستیکی,قرمز,کوچک,فانتزی,997165,1984358,8,ماهان تویز,31,7
649,TOY-0649,جغجغه سفید متوسط,نوزاد و خردسال,جغجغه,سفید,متوسط,شادی,572963,985496,2,تویز لند,29,22
650,TOY-0650,عروسک پولیشی چندرنگ بزرگ,عروسک,پولیشی,چندرنگ,بزرگ,پیکولو,893550,1295647,1,اسباب‌بازی ایران,9,5
651,TOY-0651,قایق اسباب‌بازی قرمز متوسط,ماشین و رادیویی,قایق,قرمز,متوسط,دنیای اسباب‌بازی,211789,404516,5,پارس اسباب‌بازی,42,20
652,TOY-0652,پازل نقشه ایران نارنجی متوسط,فکری و آموزشی,پازل,نارنجی,متوسط,پیکولو,137425,255610,3,بازی و شادی,15,4
653,TOY-0653,عروسک باربی قرمز متوسط,عروسک,فیگور,قرمز,متوسط,کیدزلند,826987,1389338,5,پارس اسباب‌بازی,25,26
654,TOY-0654,پازل چوبی صورتی متوسط,نوزاد و خردسال,موزیکال,صورتی,متوسط,دنیای اسباب‌بازی,509386,967833,1,اسباب‌بازی ایران,32,28
655,TOY-0655,لگو ماشین سفید بزرگ,لگو و ساختنی,لگو,سفید,بزرگ,شادی,267009,392503,5,پارس اسباب‌بازی,30,3
656,TOY-0656,کتاب قصه‌های کهن صورتی کوچک,فکری و آموزشی,بازی فکری,صورتی,کوچک,آسمان,262677,391388,3,بازی و شادی,45,21
657,TOY-0657,دندانگیر آبی بزرگ,نوزاد و خردسال,جغجغه,آبی,بزرگ,شادی,466840,863654,2,تویز لند,27,18
658,TOY-0658,استخر بادی صورتی خانواده,بازی در فضای باز,اسکوتر,صورتی,خانواده,پلی‌تویز,589932,1085474,6,نوین تویز,48,13
659,TOY-0659,کاغذ رنگی قرمز خانواده,مهمانی و بادکنک,ظروف یکبارمصرف,قرمز,خانواده,کیدزلند,848425,1315058,5,پارس اسباب‌بازی,37,22
660,TOY-0660,لگو آتش‌نشانی زرد بزرگ,لگو و ساختنی,ماکت,زرد,بزرگ,زرافه,747115,1090787,6,نوین تویز,39,10
661,TOY-0661,عروسک باربی سفید کوچک,عروسک,فیگور,سفید,کوچک,زرافه,33702,61000,6,نوین تویز,10,11
662,TOY-0662,پازل سه‌بعدی برج مشکی بزرگ,لگو و ساختنی,بلوک ساختمانی,مشکی,بزرگ,پلی‌تویز,665623,1331246,10,دنیای شادی,27,5
663,TOY-0663,دوچرخه کودک بنفش متوسط,بازی در فضای باز,دوچرخه,بنفش,متوسط,پلی‌تویز,703326,1202687,4,کیان تویز,42,17
664,TOY-0664,دوچرخه کودک زرد متوسط,بازی در فضای باز,دوچرخه,زرد,متوسط,پیکولو,236265,335496,6,نوین تویز,18,6
665,TOY-0665,ماشین کنترلی شارژی آبی خانواده,ماشین و رادیویی,ماشین کنترلی,آبی,خانواده,پیکولو,875068,1627626,1,اسباب‌بازی ایران,39,15
666,TOY-0666,عروسک سخنگو چندرنگ بزرگ,عروسک,پولیشی,چندرنگ,بزرگ,پاندورا,901881,1614366,10,دنیای شادی,10,29
667,TOY-0667,دوچرخه کودک نارنجی بزرگ,بازی در فضای باز,استخر بادی,نارنجی,بزرگ,زرافه,30182,45273,4,کیان تویز,38,26
668,TOY-0668,ماشین سرعتی صورتی خانواده,ماشین و رادیویی,ماشین کنترلی,صورتی,خانواده,دنیای اسباب‌بازی,398117,613100,1,اسباب‌بازی ایران,12,5
669,TOY-0669,فیگور بتمن بنفش کوچک,اکشن فیگور,ربات,بنفش,کوچک,دنیای اسباب‌بازی,430378,809110,8,ماهان تویز,24,19
670,TOY-0670,فیگور مرد عنکبوتی زرد خانواده,اکشن فیگور,شخصیت کارتونی,زرد,خانواده,پیکولو,70763,130203,2,تویز لند,30,8
671,TOY-0671,فیگور شرک سفید متوسط,اکشن فیگور,سرباز,سفید,متوسط,دنیای اسباب‌بازی,301636,579141,5,پارس اسباب‌بازی,23,16
672,TOY-0672,کتاب قصه‌های کهن چندرنگ بزرگ,فکری و آموزشی,وسایل آموزشی,چندرنگ,بزرگ,شادی,913447,1689876,3,بازی و شادی,13,22
673,TOY-0673,کلاه جشن تولد صورتی بزرگ,مهمانی و بادکنک,ظروف یکبارمصرف,صورتی,بزرگ,شادی,982344,1738748,7,آریا اسباب‌بازی,13,29
674,TOY-0674,دوچرخه کودک چندرنگ متوسط,بازی در فضای باز,استخر بادی,چندرنگ,متوسط,پیکولو,639390,1099750,4,کیان تویز,23,17
675,TOY-0675,لگو آتش‌نشانی نارنجی خانواده,لگو و ساختنی,پازل سه‌بعدی,نارنجی,خانواده,زرافه,466346,713509,4,کیان تویز,40,10
676,TOY-0676,قایق اسباب‌بازی قرمز متوسط,ماشین و رادیویی,ماشین ساده,قرمز,متوسط,زرافه,285416,408144,8,ماهان تویز,37,26
677,TOY-0677,قایق اسباب‌بازی سفید بزرگ,ماشین و رادیویی,هواپیما,سفید,بزرگ,دنیای اسباب‌بازی,305313,577041,10,دنیای شادی,39,11
678,TOY-0678,عروسک خرسی سبز کوچک,عروسک,پولیشی,سبز,کوچک,پلی‌تویز,320921,593703,5,پارس اسباب‌بازی,8,29
679,TOY-0679,ظروف مهمانی مشکی بزرگ,مهمانی و بادکنک,بادکنک,مشکی,بزرگ,شادی,905808,1730093,6,نوین تویز,45,16
680,TOY-0680,توپ فوتبال صورتی کوچک,بازی در فضای باز,اسکوتر,صورتی,کوچک,شادی,360193,716784,10,دنیای شادی,20,19
681,TOY-0681,چرتکه آموزشی مشکی بزرگ,فکری و آموزشی,بازی فکری,مشکی,بزرگ,دنیای اسباب‌بازی,306731,509173,8,ماهان تویز,15,16
682,TOY-0682,ظروف مهمانی چندرنگ بزرگ,مهمانی و بادکنک,بادکنک,چندرنگ,بزرگ,پاندورا,860025,1470642,3,بازی و شادی,9,18
683,TOY-0683,قایق اسباب‌بازی چندرنگ خانواده,ماشین و رادیویی,هواپیما,چندرنگ,خانواده,کیدزلند,836432,1472120,2,تویز لند,37,23
684,TOY-0684,ماشین فلزی مشکی بزرگ,ماشین و رادیویی,هواپیما,مشکی,بزرگ,آسمان,121041,236029,5,پارس اسباب‌بازی,8,5
685,TOY-0685,پازل چوبی مشکی خانواده,نوزاد و خردسال,موزیکال,مشکی,خانواده,زرافه,834408,1610407,3,بازی و شادی,5,10
686,TOY-0686,ماشین فلزی زرد بزرگ,ماشین و رادیویی,ماشین کنترلی,زرد,بزرگ,کیدزلند,531922,882990,4,کیان تویز,16,24
687,TOY-0687,ماشین کنترلی شارژی آبی کوچک,ماشین و رادیویی,قایق,آبی,کوچک,پاندورا,451558,839897,9,پویا تویز,45,21
688,TOY-0688,عروسک پولیشی نارنجی کوچک,عروسک,پارچه‌ای,نارنجی,کوچک,کیدزلند,895747,1495897,5,پارس اسباب‌بازی,44,23
689,TOY-0689,قایق اسباب‌بازی سفید متوسط,ماشین و رادیویی,ماشین کنترلی,سفید,متوسط,پلی‌تویز,642368,1130567,5,پارس اسباب‌بازی,33,21
690,TOY-0690,کلاه جشن تولد نارنجی متوسط,مهمانی و بادکنک,کلاه تولد,نارنجی,متوسط,تویز,260310,445130,1,اسباب‌بازی ایران,32,6
691,TOY-0691,ربات جنگجو بنفش بزرگ,اکشن فیگور,سرباز,بنفش,بزرگ,دنیای اسباب‌بازی,402975,681027,8,ماهان تویز,26,14
692,TOY-0692,ماشین سرعتی چندرنگ خانواده,ماشین و رادیویی,ماشین ساده,چندرنگ,خانواده,پیکولو,952015,1675546,7,آریا اسباب‌بازی,45,3
693,TOY-0693,استخر بادی نارنجی متوسط,بازی در فضای باز,اسکوتر,نارنجی,متوسط,کیدزلند,290890,477059,8,ماهان تویز,26,27
694,TOY-0694,استخر بادی سفید متوسط,بازی در فضای باز,اسکوتر,سفید,متوسط,آسمان,32833,46622,1,اسباب‌بازی ایران,10,28
695,TOY-0695,عروسک سخنگو سفید خانواده,عروسک,پلاستیکی,سفید,خانواده,دنیای اسباب‌بازی,910158,1401643,1,اسباب‌بازی ایران,46,3
696,TOY-0696,فشفشه قرمز خانواده,مهمانی و بادکنک,ظروف یکبارمصرف,قرمز,خانواده,آسمان,466951,784477,10,دنیای شادی,39,10
697,TOY-0697,پازل نقشه ایران مشکی متوسط,فکری و آموزشی,پازل,مشکی,متوسط,زرافه,485651,811037,9,پویا تویز,24,26
698,TOY-0698,عروسک پارچه‌ای سبز خانواده,نوزاد و خردسال,پازل چوبی,سبز,خانواده,زرافه,603141,1037402,4,کیان تویز,12,13
699,TOY-0699,استخر بادی زرد بزرگ,بازی در فضای باز,توپ,زرد,بزرگ,آسمان,848606,1332311,9,پویا تویز,43,23
700,TOY-0700,دوچرخه کودک آبی متوسط,بازی در فضای باز,استخر بادی,آبی,متوسط,فانتزی,455382,696734,5,پارس اسباب‌بازی,46,13
701,TOY-0701,لگو ماشین بنفش بزرگ,لگو و ساختنی,ماکت,بنفش,بزرگ,پیکولو,73056,114697,8,ماهان تویز,28,7
702,TOY-0702,پازل ۱۰۰ تکه سبز کوچک,فکری و آموزشی,وسایل آموزشی,سبز,کوچک,دنیای اسباب‌بازی,306025,578387,1,اسباب‌بازی ایران,25,21
703,TOY-0703,هواپیمای کنترلی سفید متوسط,ماشین و رادیویی,ماشین کنترلی,سفید,متوسط,پاندورا,883466,1537230,1,اسباب‌بازی ایران,43,15
704,TOY-0704,بازی فکری شطرنج قرمز خانواده,فکری و آموزشی,پازل,قرمز,خانواده,پلی‌تویز,685157,979774,6,نوین تویز,15,15
705,TOY-0705,پازل چوبی مشکی خانواده,نوزاد و خردسال,موزیکال,مشکی,خانواده,تویز,931543,1397314,6,نوین تویز,44,14
706,TOY-0706,لگو پلیس سفید خانواده,لگو و ساختنی,بلوک ساختمانی,سفید,خانواده,کیدزلند,737964,1424270,9,پویا تویز,49,14
707,TOY-0707,کلاه جشن تولد سفید خانواده,مهمانی و بادکنک,کلاه تولد,سفید,خانواده,تویز,684369,1081303,2,تویز لند,30,9
708,TOY-0708,کتاب قصه‌های کهن زرد کوچک,فکری و آموزشی,کتاب داستان,زرد,کوچک,پلی‌تویز,955412,1748403,8,ماهان تویز,29,29
709,TOY-0709,پازل سه‌بعدی برج صورتی بزرگ,لگو و ساختنی,بلوک ساختمانی,صورتی,بزرگ,شادی,32040,58633,3,بازی و شادی,27,19
710,TOY-0710,عروسک سخنگو بنفش بزرگ,عروسک,پارچه‌ای,بنفش,بزرگ,پلی‌تویز,615681,1114382,6,نوین تویز,6,6
711,TOY-0711,عروسک خرسی زرد خانواده,عروسک,پلاستیکی,زرد,خانواده,شادی,402323,671879,1,اسباب‌بازی ایران,22,7
712,TOY-0712,ماشین سرعتی آبی خانواده,ماشین و رادیویی,هواپیما,آبی,خانواده,پلی‌تویز,147394,243200,1,اسباب‌بازی ایران,24,19
713,TOY-0713,عروسک بامزی سبز بزرگ,عروسک,پولیشی,سبز,بزرگ,کیدزلند,98877,143371,4,کیان تویز,19,11
714,TOY-0714,ماشین کنترلی شارژی چندرنگ بزرگ,ماشین و رادیویی,قایق,چندرنگ,بزرگ,تویز,943473,1698251,1,اسباب‌بازی ایران,45,12
715,TOY-0715,فیگور شرک آبی متوسط,اکشن فیگور,ابرقهرمان,آبی,متوسط,پاندورا,381062,670669,4,کیان تویز,14,16
716,TOY-0716,ربات جنگجو زرد کوچک,اکشن فیگور,سرباز,زرد,کوچک,زرافه,647013,1261675,6,نوین تویز,43,5
717,TOY-0717,ماشین کنترلی شارژی بنفش خانواده,ماشین و رادیویی,هواپیما,بنفش,خانواده,دنیای اسباب‌بازی,732253,1076411,5,پارس اسباب‌بازی,6,8
718,TOY-0718,کاغذ رنگی سبز بزرگ,مهمانی و بادکنک,کلاه تولد,سبز,بزرگ,شادی,834147,1659952,8,ماهان تویز,6,19
719,TOY-0719,توپ فوتبال نارنجی متوسط,بازی در فضای باز,دوچرخه,نارنجی,متوسط,پاندورا,704035,1210940,5,پارس اسباب‌بازی,47,3
720,TOY-0720,استخر بادی قرمز خانواده,بازی در فضای باز,اسکوتر,قرمز,خانواده,فانتزی,111860,183450,1,اسباب‌بازی ایران,41,23
721,TOY-0721,سرباز اسباب‌بازی آبی خانواده,اکشن فیگور,ابرقهرمان,آبی,خانواده,پلی‌تویز,813781,1245084,9,پویا تویز,29,25
722,TOY-0722,کاغذ رنگی سفید بزرگ,مهمانی و بادکنک,کلاه تولد,سفید,بزرگ,زرافه,822221,1183998,6,نوین تویز,25,24
723,TOY-0723,لگو ماشین آبی کوچک,لگو و ساختنی,لگو,آبی,کوچک,فانتزی,856285,1404307,3,بازی و شادی,49,25
724,TOY-0724,عروسک خرسی بنفش متوسط,عروسک,پلاستیکی,بنفش,متوسط,کیدزلند,556258,1068015,1,اسباب‌بازی ایران,34,14
725,TOY-0725,دندانگیر چندرنگ بزرگ,نوزاد و خردسال,پازل چوبی,چندرنگ,بزرگ,تویز,804428,1520368,6,نوین تویز,32,14
726,TOY-0726,پازل ۱۰۰ تکه زرد خانواده,فکری و آموزشی,پازل,زرد,خانواده,کیدزلند,919136,1525765,8,ماهان تویز,44,13
727,TOY-0727,عروسک بامزی صورتی بزرگ,عروسک,فیگور,صورتی,بزرگ,تویز,594732,963465,10,دنیای شادی,40,3
728,TOY-0728,توپ فوتبال سفید کوچک,بازی در فضای باز,توپ,سفید,کوچک,پلی‌تویز,540038,923464,9,پویا تویز,32,7
729,TOY-0729,لگو آتش‌نشانی نارنجی خانواده,لگو و ساختنی,لگو,نارنجی,خانواده,پلی‌تویز,656368,938606,4,کیان تویز,5,3
730,TOY-0730,پازل نقشه ایران نارنجی خانواده,فکری و آموزشی,بازی فکری,نارنجی,خانواده,کیدزلند,948245,1517192,10,دنیای شادی,14,20
731,TOY-0731,ربات جنگجو آبی متوسط,اکشن فیگور,ربات,آبی,متوسط,فانتزی,647795,1036472,9,پویا تویز,35,29
732,TOY-0732,عروسک پارچه‌ای نارنجی خانواده,نوزاد و خردسال,موزیکال,نارنجی,خانواده,شادی,427340,679470,6,نوین تویز,42,7
733,TOY-0733,ربات جنگجو صورتی بزرگ,اکشن فیگور,سرباز,صورتی,بزرگ,پیکولو,545152,1041240,4,کیان تویز,16,8
734,TOY-0734,پازل نقشه ایران سفید بزرگ,فکری و آموزشی,کتاب داستان,سفید,بزرگ,پاندورا,470381,851389,8,ماهان تویز,49,20
735,TOY-0735,جغجغه سفید کوچک,نوزاد و خردسال,جغجغه,سفید,کوچک,دنیای اسباب‌بازی,501022,711451,3,بازی و شادی,7,13
736,TOY-0736,اسکوتر زرد متوسط,بازی در فضای باز,توپ,زرد,متوسط,شادی,161715,236103,1,اسباب‌بازی ایران,47,29
737,TOY-0737,توپ فوتبال قرمز خانواده,بازی در فضای باز,دوچرخه,قرمز,خانواده,شادی,185224,261165,3,بازی و شادی,19,23
738,TOY-0738,هواپیمای کنترلی چندرنگ متوسط,ماشین و رادیویی,هواپیما,چندرنگ,متوسط,پلی‌تویز,310567,602499,5,پارس اسباب‌بازی,41,12
739,TOY-0739,توپ بسکتبال صورتی متوسط,بازی در فضای باز,توپ,صورتی,متوسط,کیدزلند,393559,661179,6,نوین تویز,10,6
740,TOY-0740,ظروف مهمانی چندرنگ کوچک,مهمانی و بادکنک,کلاه تولد,چندرنگ,کوچک,پیکولو,995012,1721370,5,پارس اسباب‌بازی,33,15
741,TOY-0741,عروسک خرسی قرمز بزرگ,عروسک,پولیشی,قرمز,بزرگ,شادی,618671,921819,7,آریا اسباب‌بازی,21,15
742,TOY-0742,عروسک پارچه‌ای چندرنگ کوچک,نوزاد و خردسال,جغجغه,چندرنگ,کوچک,زرافه,971619,1807211,1,اسباب‌بازی ایران,9,7
743,TOY-0743,اسکوتر نارنجی متوسط,بازی در فضای باز,توپ,نارنجی,متوسط,شادی,493542,848892,9,پویا تویز,49,24
744,TOY-0744,پازل ۱۰۰ تکه صورتی خانواده,فکری و آموزشی,بازی فکری,صورتی,خانواده,پیکولو,269500,512050,10,دنیای شادی,7,12
745,TOY-0745,پازل سه‌بعدی برج سفید خانواده,لگو و ساختنی,بلوک ساختمانی,سفید,خانواده,فانتزی,832010,1522578,3,بازی و شادی,25,16
746,TOY-0746,ربات جنگجو چندرنگ کوچک,اکشن فیگور,شخصیت کارتونی,چندرنگ,کوچک,دنیای اسباب‌بازی,687065,1058080,7,آریا اسباب‌بازی,15,9
747,TOY-0747,استخر بادی نارنجی خانواده,بازی در فضای باز,توپ,نارنجی,خانواده,فانتزی,558482,837723,3,بازی و شادی,28,5
748,TOY-0748,ظروف مهمانی صورتی متوسط,مهمانی و بادکنک,کلاه تولد,صورتی,متوسط,دنیای اسباب‌بازی,176005,332649,10,دنیای شادی,40,21
749,TOY-0749,پازل ۱۰۰ تکه سفید خانواده,فکری و آموزشی,بازی فکری,سفید,خانواده,شادی,788916,1451605,10,دنیای شادی,22,10
750,TOY-0750,پازل سه‌بعدی برج صورتی بزرگ,لگو و ساختنی,لگو,صورتی,بزرگ,شادی,346048,650570,4,کیان تویز,23,7
751,TOY-0751,فیگور شرک قرمز بزرگ,اکشن فیگور,سرباز,قرمز,بزرگ,فانتزی,738893,1100950,6,نوین تویز,9,19
752,TOY-0752,ظروف مهمانی قرمز متوسط,مهمانی و بادکنک,کلاه تولد,قرمز,متوسط,پلی‌تویز,719558,1395942,6,نوین تویز,31,23
753,TOY-0753,ماشین کنترلی شارژی قرمز متوسط,ماشین و رادیویی,ماشین کنترلی,قرمز,متوسط,پیکولو,611146,983945,3,بازی و شادی,16,24
754,TOY-0754,اسکوتر آبی بزرگ,بازی در فضای باز,توپ,آبی,بزرگ,پاندورا,156732,293088,8,ماهان تویز,32,7
755,TOY-0755,عروسک باربی نارنجی متوسط,عروسک,فیگور,نارنجی,متوسط,پلی‌تویز,800384,1256602,9,پویا تویز,16,8
756,TOY-0756,توپ بسکتبال سبز کوچک,بازی در فضای باز,استخر بادی,سبز,کوچک,زرافه,174332,292877,10,دنیای شادی,48,14
757,TOY-0757,عروسک باربی قرمز بزرگ,عروسک,فیگور,قرمز,بزرگ,پلی‌تویز,761982,1295369,10,دنیای شادی,40,8
758,TOY-0758,استخر بادی قرمز کوچک,بازی در فضای باز,توپ,قرمز,کوچک,زرافه,536770,933979,5,پارس اسباب‌بازی,27,17
759,TOY-0759,فیگور مرد عنکبوتی سفید خانواده,اکشن فیگور,شخصیت کارتونی,سفید,خانواده,پلی‌تویز,617582,1204284,7,آریا اسباب‌بازی,21,21
760,TOY-0760,پازل سه‌بعدی برج چندرنگ کوچک,لگو و ساختنی,پازل سه‌بعدی,چندرنگ,کوچک,فانتزی,897618,1499022,4,کیان تویز,32,21
761,TOY-0761,بادکنک رنگی زرد بزرگ,مهمانی و بادکنک,بادکنک,زرد,بزرگ,شادی,614053,1074592,8,ماهان تویز,11,15
762,TOY-0762,جغجغه مشکی بزرگ,نوزاد و خردسال,عروسک پارچه‌ای,مشکی,بزرگ,شادی,492188,984376,5,پارس اسباب‌بازی,12,22
763,TOY-0763,پازل ۱۰۰ تکه سفید خانواده,فکری و آموزشی,وسایل آموزشی,سفید,خانواده,تویز,33072,58868,9,پویا تویز,37,10
764,TOY-0764,دوچرخه کودک مشکی خانواده,بازی در فضای باز,دوچرخه,مشکی,خانواده,فانتزی,90583,174825,2,تویز لند,9,15
765,TOY-0765,پازل چوبی زرد متوسط,نوزاد و خردسال,عروسک پارچه‌ای,زرد,متوسط,زرافه,972387,1487752,5,پارس اسباب‌بازی,20,20
766,TOY-0766,فیگور شرک سبز متوسط,اکشن فیگور,ربات,سبز,متوسط,فانتزی,492538,891493,10,دنیای شادی,47,5
767,TOY-0767,چرتکه آموزشی نارنجی متوسط,فکری و آموزشی,بازی فکری,نارنجی,متوسط,زرافه,701756,1038598,3,بازی و شادی,25,18
768,TOY-0768,ماشین کنترلی شارژی نارنجی کوچک,ماشین و رادیویی,هواپیما,نارنجی,کوچک,فانتزی,825203,1320324,6,نوین تویز,39,26
769,TOY-0769,هواپیمای کنترلی صورتی خانواده,ماشین و رادیویی,ماشین کنترلی,صورتی,خانواده,آسمان,542720,1020313,8,ماهان تویز,39,21
770,TOY-0770,دوچرخه کودک آبی متوسط,بازی در فضای باز,دوچرخه,آبی,متوسط,فانتزی,224631,449262,1,اسباب‌بازی ایران,44,9
771,TOY-0771,توپ بسکتبال زرد متوسط,بازی در فضای باز,دوچرخه,زرد,متوسط,تویز,32248,46114,6,نوین تویز,40,27
772,TOY-0772,لگو آتش‌نشانی نارنجی خانواده,لگو و ساختنی,ماکت,نارنجی,خانواده,شادی,643919,927243,3,بازی و شادی,17,10
773,TOY-0773,پازل چوبی سبز متوسط,نوزاد و خردسال,پازل چوبی,سبز,متوسط,پلی‌تویز,938978,1774668,4,کیان تویز,13,3
774,TOY-0774,عروسک خرسی سفید خانواده,عروسک,پولیشی,سفید,خانواده,پلی‌تویز,850543,1505461,4,کیان تویز,44,25
775,TOY-0775,بازی فکری شطرنج بنفش خانواده,فکری و آموزشی,پازل,بنفش,خانواده,شادی,502998,729347,8,ماهان تویز,8,8
776,TOY-0776,کتاب قصه‌های کهن قرمز خانواده,فکری و آموزشی,کتاب داستان,قرمز,خانواده,شادی,326953,565628,7,آریا اسباب‌بازی,18,15
777,TOY-0777,عروسک پولیشی بنفش کوچک,عروسک,پارچه‌ای,بنفش,کوچک,پلی‌تویز,949257,1366930,9,پویا تویز,23,29
778,TOY-0778,دندانگیر صورتی کوچک,نوزاد و خردسال,جغجغه,صورتی,کوچک,پلی‌تویز,872875,1579903,5,پارس اسباب‌بازی,21,25
779,TOY-0779,فشفشه سفید خانواده,مهمانی و بادکنک,ظروف یکبارمصرف,سفید,خانواده,فانتزی,846812,1312558,7,آریا اسباب‌بازی,42,4
780,TOY-0780,توپ بسکتبال سبز خانواده,بازی در فضای باز,توپ,سبز,خانواده,پاندورا,100714,165170,2,تویز لند,35,4
781,TOY-0781,لگو ماشین نارنجی متوسط,لگو و ساختنی,بلوک ساختمانی,نارنجی,متوسط,زرافه,302574,568839,7,آریا اسباب‌بازی,18,26
782,TOY-0782,فیگور مرد عنکبوتی سبز خانواده,اکشن فیگور,ربات,سبز,خانواده,پیکولو,422949,820521,4,کیان تویز,33,9
783,TOY-0783,فشفشه مشکی متوسط,مهمانی و بادکنک,بادکنک,مشکی,متوسط,کیدزلند,492143,757900,2,تویز لند,45,23
784,TOY-0784,بلوک‌های خانه آبی خانواده,لگو و ساختنی,ماکت,آبی,خانواده,دنیای اسباب‌بازی,62659,95868,10,دنیای شادی,23,27
785,TOY-0785,ماشین سرعتی صورتی کوچک,ماشین و رادیویی,قایق,صورتی,کوچک,فانتزی,766823,1157902,6,نوین تویز,27,12
786,TOY-0786,ماشین فلزی سبز کوچک,ماشین و رادیویی,ماشین ساده,سبز,کوچک,زرافه,598288,1058969,5,پارس اسباب‌بازی,24,20
787,TOY-0787,اسکوتر سبز کوچک,بازی در فضای باز,استخر بادی,سبز,کوچک,فانتزی,264673,484351,4,کیان تویز,28,17
788,TOY-0788,عروسک خرسی بنفش خانواده,عروسک,فیگور,بنفش,خانواده,پاندورا,565925,967731,9,پویا تویز,17,29
789,TOY-0789,عروسک باربی زرد خانواده,عروسک,پولیشی,زرد,خانواده,پاندورا,782085,1220052,7,آریا اسباب‌بازی,35,16
790,TOY-0790,کاغذ رنگی چندرنگ کوچک,مهمانی و بادکنک,بادکنک,چندرنگ,کوچک,پلی‌تویز,885532,1673655,9,پویا تویز,15,11
791,TOY-0791,توپ فوتبال سبز متوسط,بازی در فضای باز,دوچرخه,سبز,متوسط,تویز,756185,1202334,6,نوین تویز,35,19
792,TOY-0792,عروسک خرسی چندرنگ بزرگ,عروسک,پلاستیکی,چندرنگ,بزرگ,شادی,525795,751886,2,تویز لند,36,24
793,TOY-0793,عروسک پولیشی سبز متوسط,عروسک,پارچه‌ای,سبز,متوسط,آسمان,715767,1030704,10,دنیای شادی,12,11
794,TOY-0794,ماشین سرعتی مشکی کوچک,ماشین و رادیویی,قایق,مشکی,کوچک,کیدزلند,360159,705911,5,پارس اسباب‌بازی,33,13
795,TOY-0795,ربات جنگجو آبی خانواده,اکشن فیگور,سرباز,آبی,خانواده,دنیای اسباب‌بازی,831913,1231231,2,تویز لند,13,29
796,TOY-0796,دوچرخه کودک آبی بزرگ,بازی در فضای باز,استخر بادی,آبی,بزرگ,شادی,870551,1514758,9,پویا تویز,22,17
797,TOY-0797,عروسک پارچه‌ای چندرنگ کوچک,نوزاد و خردسال,عروسک پارچه‌ای,چندرنگ,کوچک,کیدزلند,944694,1558745,10,دنیای شادی,10,18
798,TOY-0798,لگو ماشین سفید خانواده,لگو و ساختنی,ماکت,سفید,خانواده,پیکولو,938231,1698198,6,نوین تویز,21,28
799,TOY-0799,دوچرخه کودک چندرنگ خانواده,بازی در فضای باز,اسکوتر,چندرنگ,خانواده,دنیای اسباب‌بازی,71022,123578,8,ماهان تویز,31,27
800,TOY-0800,کاغذ رنگی زرد بزرگ,مهمانی و بادکنک,کلاه تولد,زرد,بزرگ,پلی‌تویز,712741,997837,1,اسباب‌بازی ایران,27,23
801,TOY-0801,پازل سه‌بعدی برج آبی متوسط,لگو و ساختنی,لگو,آبی,متوسط,پیکولو,721654,1298977,7,آریا اسباب‌بازی,37,26
802,TOY-0802,موبایل موزیکال مشکی متوسط,نوزاد و خردسال,جغجغه,مشکی,متوسط,تویز,768206,1513365,4,کیان تویز,29,11
803,TOY-0803,توپ فوتبال سفید بزرگ,بازی در فضای باز,اسکوتر,سفید,بزرگ,دنیای اسباب‌بازی,132203,247219,9,پویا تویز,16,7
804,TOY-0804,فیگور مرد عنکبوتی مشکی بزرگ,اکشن فیگور,شخصیت کارتونی,مشکی,بزرگ,زرافه,76740,124318,10,دنیای شادی,43,11
805,TOY-0805,عروسک باربی مشکی بزرگ,عروسک,پلاستیکی,مشکی,بزرگ,پاندورا,491688,722781,8,ماهان تویز,18,5
806,TOY-0806,عروسک پولیشی سبز خانواده,عروسک,پلاستیکی,سبز,خانواده,دنیای اسباب‌بازی,388718,555866,6,نوین تویز,45,15
807,TOY-0807,بادکنک رنگی نارنجی بزرگ,مهمانی و بادکنک,ظروف یکبارمصرف,نارنجی,بزرگ,پیکولو,434009,820277,6,نوین تویز,35,4
808,TOY-0808,عروسک بامزی مشکی بزرگ,عروسک,پلاستیکی,مشکی,بزرگ,کیدزلند,235634,421784,3,بازی و شادی,15,24
809,TOY-0809,اسکوتر صورتی متوسط,بازی در فضای باز,توپ,صورتی,متوسط,پیکولو,883752,1352140,10,دنیای شادی,49,25
810,TOY-0810,دندانگیر آبی بزرگ,نوزاد و خردسال,عروسک پارچه‌ای,آبی,بزرگ,شادی,619519,978840,1,اسباب‌بازی ایران,28,10
811,TOY-0811,توپ فوتبال بنفش متوسط,بازی در فضای باز,استخر بادی,بنفش,متوسط,شادی,662090,1218245,8,ماهان تویز,32,8
812,TOY-0812,توپ بسکتبال سفید متوسط,بازی در فضای باز,دوچرخه,سفید,متوسط,کیدزلند,655487,1074998,6,نوین تویز,44,24
813,TOY-0813,عروسک خرسی بنفش کوچک,عروسک,پلاستیکی,بنفش,کوچک,پاندورا,223238,430849,9,پویا تویز,47,5
814,TOY-0814,هواپیمای کنترلی بنفش بزرگ,ماشین و رادیویی,ماشین ساده,بنفش,بزرگ,شادی,676860,1279265,3,بازی و شادی,14,23
815,TOY-0815,لگو آتش‌نشانی قرمز خانواده,لگو و ساختنی,بلوک ساختمانی,قرمز,خانواده,زرافه,289564,550171,9,پویا تویز,17,7
816,TOY-0816,بلوک‌های خانه قرمز کوچک,لگو و ساختنی,لگو,قرمز,کوچک,شادی,913736,1736098,8,ماهان تویز,21,6
817,TOY-0817,عروسک بامزی سفید کوچک,عروسک,پارچه‌ای,سفید,کوچک,پیکولو,950380,1349539,5,پارس اسباب‌بازی,7,17
818,TOY-0818,بازی فکری شطرنج زرد بزرگ,فکری و آموزشی,وسایل آموزشی,زرد,بزرگ,آسمان,350335,679649,9,پویا تویز,28,13
819,TOY-0819,فیگور مرد عنکبوتی سفید متوسط,اکشن فیگور,ربات,سفید,متوسط,فانتزی,881317,1251470,5,پارس اسباب‌بازی,30,8
820,TOY-0820,لگو ماشین نارنجی کوچک,لگو و ساختنی,لگو,نارنجی,کوچک,پلی‌تویز,769439,1284963,9,پویا تویز,20,17
821,TOY-0821,سرباز اسباب‌بازی سبز بزرگ,اکشن فیگور,سرباز,سبز,بزرگ,پیکولو,243211,359952,4,کیان تویز,16,29
822,TOY-0822,هواپیمای کنترلی چندرنگ بزرگ,ماشین و رادیویی,ماشین کنترلی,چندرنگ,بزرگ,دنیای اسباب‌بازی,588094,852736,8,ماهان تویز,34,11
823,TOY-0823,عروسک خرسی بنفش کوچک,عروسک,پلاستیکی,بنفش,کوچک,کیدزلند,146601,228697,7,آریا اسباب‌بازی,36,23
824,TOY-0824,عروسک پولیشی صورتی متوسط,عروسک,پارچه‌ای,صورتی,متوسط,پیکولو,361549,665250,10,دنیای شادی,11,22
825,TOY-0825,فشفشه مشکی متوسط,مهمانی و بادکنک,فشفشه,مشکی,متوسط,دنیای اسباب‌بازی,652604,1135530,2,تویز لند,20,13
826,TOY-0826,بادکنک رنگی بنفش کوچک,مهمانی و بادکنک,کلاه تولد,بنفش,کوچک,پاندورا,673117,1164492,5,پارس اسباب‌بازی,40,17
827,TOY-0827,کلاه جشن تولد زرد متوسط,مهمانی و بادکنک,ظروف یکبارمصرف,زرد,متوسط,پیکولو,685312,1185589,5,پارس اسباب‌بازی,12,3
828,TOY-0828,فیگور بتمن مشکی بزرگ,اکشن فیگور,ربات,مشکی,بزرگ,پاندورا,617962,970200,8,ماهان تویز,49,24
829,TOY-0829,عروسک پولیشی آبی بزرگ,عروسک,پارچه‌ای,آبی,بزرگ,پاندورا,177757,344848,8,ماهان تویز,33,11
830,TOY-0830,هواپیمای کنترلی چندرنگ متوسط,ماشین و رادیویی,هواپیما,چندرنگ,متوسط,دنیای اسباب‌بازی,939257,1653092,2,تویز لند,17,17
831,TOY-0831,موبایل موزیکال نارنجی کوچک,نوزاد و خردسال,جغجغه,نارنجی,کوچک,آسمان,87924,158263,9,پویا تویز,8,28
832,TOY-0832,کاغذ رنگی صورتی متوسط,مهمانی و بادکنک,ظروف یکبارمصرف,صورتی,متوسط,پیکولو,990502,1525373,4,کیان تویز,36,22
833,TOY-0833,قایق اسباب‌بازی آبی بزرگ,ماشین و رادیویی,قایق,آبی,بزرگ,پلی‌تویز,558147,1105131,10,دنیای شادی,32,24
834,TOY-0834,دندانگیر مشکی متوسط,نوزاد و خردسال,پازل چوبی,مشکی,متوسط,فانتزی,384710,592453,2,تویز لند,48,9
835,TOY-0835,کاغذ رنگی چندرنگ خانواده,مهمانی و بادکنک,بادکنک,چندرنگ,خانواده,شادی,166578,294843,9,پویا تویز,14,29
836,TOY-0836,لگو آتش‌نشانی سفید خانواده,لگو و ساختنی,ماکت,سفید,خانواده,کیدزلند,590949,880514,10,دنیای شادی,12,10
837,TOY-0837,بلوک‌های خانه بنفش کوچک,لگو و ساختنی,ماکت,بنفش,کوچک,کیدزلند,909228,1363842,4,کیان تویز,15,13
838,TOY-0838,ماشین فلزی سبز خانواده,ماشین و رادیویی,ماشین کنترلی,سبز,خانواده,دنیای اسباب‌بازی,815564,1606661,5,پارس اسباب‌بازی,42,26
839,TOY-0839,عروسک پارچه‌ای زرد بزرگ,نوزاد و خردسال,پازل چوبی,زرد,بزرگ,آسمان,733231,1261157,10,دنیای شادی,35,11
840,TOY-0840,اسکوتر آبی کوچک,بازی در فضای باز,استخر بادی,آبی,کوچک,پیکولو,699299,1265731,9,پویا تویز,9,22
841,TOY-0841,موبایل موزیکال قرمز بزرگ,نوزاد و خردسال,عروسک پارچه‌ای,قرمز,بزرگ,دنیای اسباب‌بازی,641994,1072129,1,اسباب‌بازی ایران,37,20
842,TOY-0842,عروسک خرسی سفید کوچک,عروسک,فیگور,سفید,کوچک,پلی‌تویز,322859,600517,7,آریا اسباب‌بازی,36,28
843,TOY-0843,پازل چوبی صورتی خانواده,نوزاد و خردسال,موزیکال,صورتی,خانواده,زرافه,689231,999384,9,پویا تویز,42,24
844,TOY-0844,کتاب قصه‌های کهن سبز متوسط,فکری و آموزشی,بازی فکری,سبز,متوسط,دنیای اسباب‌بازی,768028,1328688,7,آریا اسباب‌بازی,17,5
845,TOY-0845,فیگور بتمن سفید متوسط,اکشن فیگور,ربات,سفید,متوسط,فانتزی,190777,318597,1,اسباب‌بازی ایران,48,15
846,TOY-0846,لگو آتش‌نشانی بنفش خانواده,لگو و ساختنی,لگو,بنفش,خانواده,فانتزی,78479,149894,2,تویز لند,15,15
847,TOY-0847,قایق اسباب‌بازی چندرنگ خانواده,ماشین و رادیویی,قایق,چندرنگ,خانواده,پیکولو,541415,887920,3,بازی و شادی,48,8
848,TOY-0848,کاغذ رنگی بنفش خانواده,مهمانی و بادکنک,ظروف یکبارمصرف,بنفش,خانواده,شادی,135626,241414,4,کیان تویز,30,27
849,TOY-0849,ماشین سرعتی قرمز خانواده,ماشین و رادیویی,قایق,قرمز,خانواده,پلی‌تویز,242543,407472,9,پویا تویز,22,21
850,TOY-0850,توپ بسکتبال چندرنگ بزرگ,بازی در فضای باز,استخر بادی,چندرنگ,بزرگ,تویز,200812,307242,1,اسباب‌بازی ایران,22,28
851,TOY-0851,بادکنک رنگی چندرنگ خانواده,مهمانی و بادکنک,فشفشه,چندرنگ,خانواده,کیدزلند,43764,83151,3,بازی و شادی,33,29
852,TOY-0852,توپ بسکتبال آبی کوچک,بازی در فضای باز,استخر بادی,آبی,کوچک,پلی‌تویز,374389,681387,8,ماهان تویز,47,23
853,TOY-0853,لگو ماشین قرمز بزرگ,لگو و ساختنی,پازل سه‌بعدی,قرمز,بزرگ,دنیای اسباب‌بازی,954309,1889531,1,اسباب‌بازی ایران,12,15
854,TOY-0854,کاغذ رنگی بنفش بزرگ,مهمانی و بادکنک,ظروف یکبارمصرف,بنفش,بزرگ,زرافه,858595,1596986,6,نوین تویز,40,17
855,TOY-0855,دوچرخه کودک قرمز بزرگ,بازی در فضای باز,اسکوتر,قرمز,بزرگ,پیکولو,255078,425980,5,پارس اسباب‌بازی,21,29
856,TOY-0856,عروسک بامزی سبز کوچک,عروسک,پولیشی,سبز,کوچک,آسمان,961362,1788133,10,دنیای شادی,33,24
857,TOY-0857,عروسک پولیشی آبی متوسط,عروسک,فیگور,آبی,متوسط,دنیای اسباب‌بازی,614972,1168446,2,تویز لند,40,7
858,TOY-0858,دوچرخه کودک چندرنگ بزرگ,بازی در فضای باز,اسکوتر,چندرنگ,بزرگ,آسمان,395675,684517,5,پارس اسباب‌بازی,47,23
859,TOY-0859,عروسک بامزی سبز متوسط,عروسک,پارچه‌ای,سبز,متوسط,پاندورا,245413,390206,6,نوین تویز,6,25
860,TOY-0860,ماشین فلزی بنفش متوسط,ماشین و رادیویی,هواپیما,بنفش,متوسط,دنیای اسباب‌بازی,736995,1076012,1,اسباب‌بازی ایران,41,29
861,TOY-0861,فیگور بتمن چندرنگ متوسط,اکشن فیگور,شخصیت کارتونی,چندرنگ,متوسط,پاندورا,58294,98516,7,آریا اسباب‌بازی,17,15
862,TOY-0862,پازل چوبی سبز متوسط,نوزاد و خردسال,عروسک پارچه‌ای,سبز,متوسط,پیکولو,144947,227566,6,نوین تویز,31,4
863,TOY-0863,عروسک خرسی قرمز متوسط,عروسک,فیگور,قرمز,متوسط,پاندورا,993457,1420643,7,آریا اسباب‌بازی,33,9
864,TOY-0864,ظروف مهمانی نارنجی متوسط,مهمانی و بادکنک,فشفشه,نارنجی,متوسط,زرافه,390572,640538,7,آریا اسباب‌بازی,34,5
865,TOY-0865,کلاه جشن تولد نارنجی خانواده,مهمانی و بادکنک,فشفشه,نارنجی,خانواده,تویز,85971,143571,5,پارس اسباب‌بازی,30,16
866,TOY-0866,فشفشه نارنجی کوچک,مهمانی و بادکنک,ظروف یکبارمصرف,نارنجی,کوچک,کیدزلند,633378,1266756,9,پویا تویز,33,22
867,TOY-0867,فیگور شرک سفید بزرگ,اکشن فیگور,ربات,سفید,بزرگ,آسمان,586626,967932,5,پارس اسباب‌بازی,5,20
868,TOY-0868,لگو ماشین صورتی خانواده,لگو و ساختنی,پازل سه‌بعدی,صورتی,خانواده,پلی‌تویز,905169,1746976,10,دنیای شادی,24,22
869,TOY-0869,بازی فکری شطرنج مشکی کوچک,فکری و آموزشی,وسایل آموزشی,مشکی,کوچک,تویز,56693,107716,2,تویز لند,45,11
870,TOY-0870,عروسک خرسی نارنجی کوچک,عروسک,پولیشی,نارنجی,کوچک,پاندورا,251833,496111,6,نوین تویز,26,4
871,TOY-0871,چرتکه آموزشی زرد کوچک,فکری و آموزشی,وسایل آموزشی,زرد,کوچک,تویز,689163,1054419,10,دنیای شادی,8,7
872,TOY-0872,لگو ماشین زرد کوچک,لگو و ساختنی,لگو,زرد,کوچک,کیدزلند,727585,1265997,2,تویز لند,25,5
873,TOY-0873,ماشین سرعتی سبز کوچک,ماشین و رادیویی,قایق,سبز,کوچک,فانتزی,346548,658441,5,پارس اسباب‌بازی,49,9
874,TOY-0874,توپ فوتبال بنفش بزرگ,بازی در فضای باز,استخر بادی,بنفش,بزرگ,زرافه,897271,1767623,6,نوین تویز,44,7
875,TOY-0875,توپ فوتبال سفید کوچک,بازی در فضای باز,دوچرخه,سفید,کوچک,زرافه,436864,816935,7,آریا اسباب‌بازی,46,22
876,TOY-0876,سرباز اسباب‌بازی سفید متوسط,اکشن فیگور,شخصیت کارتونی,سفید,متوسط,پاندورا,512613,779171,2,تویز لند,33,10
877,TOY-0877,کاغذ رنگی صورتی متوسط,مهمانی و بادکنک,کلاه تولد,صورتی,متوسط,پاندورا,210551,336881,2,تویز لند,43,16
878,TOY-0878,ماشین فلزی چندرنگ کوچک,ماشین و رادیویی,قایق,چندرنگ,کوچک,پاندورا,230863,332442,5,پارس اسباب‌بازی,8,28
879,TOY-0879,لگو پلیس آبی بزرگ,لگو و ساختنی,لگو,آبی,بزرگ,پاندورا,942560,1602352,1,اسباب‌بازی ایران,7,17
880,TOY-0880,بادکنک رنگی قرمز خانواده,مهمانی و بادکنک,کلاه تولد,قرمز,خانواده,آسمان,816552,1551448,3,بازی و شادی,40,4
881,TOY-0881,فیگور شرک قرمز خانواده,اکشن فیگور,ربات,قرمز,خانواده,پاندورا,780689,1256909,7,آریا اسباب‌بازی,8,5
882,TOY-0882,دندانگیر زرد کوچک,نوزاد و خردسال,جغجغه,زرد,کوچک,زرافه,530189,890717,8,ماهان تویز,27,15
883,TOY-0883,بلوک‌های خانه سفید خانواده,لگو و ساختنی,پازل سه‌بعدی,سفید,خانواده,تویز,66443,98335,2,تویز لند,45,27
884,TOY-0884,فیگور مرد عنکبوتی بنفش بزرگ,اکشن فیگور,سرباز,بنفش,بزرگ,پلی‌تویز,602718,867913,3,بازی و شادی,10,7
885,TOY-0885,عروسک باربی سفید خانواده,عروسک,پولیشی,سفید,خانواده,کیدزلند,731434,1111779,6,نوین تویز,43,8
886,TOY-0886,ظروف مهمانی زرد متوسط,مهمانی و بادکنک,بادکنک,زرد,متوسط,تویز,39787,66046,4,کیان تویز,26,17
887,TOY-0887,عروسک پولیشی صورتی کوچک,عروسک,پلاستیکی,صورتی,کوچک,دنیای اسباب‌بازی,215385,342462,5,پارس اسباب‌بازی,40,17
888,TOY-0888,بادکنک رنگی قرمز بزرگ,مهمانی و بادکنک,ظروف یکبارمصرف,قرمز,بزرگ,تویز,433465,806244,6,نوین تویز,34,7
889,TOY-0889,عروسک خرسی زرد خانواده,عروسک,پولیشی,زرد,خانواده,دنیای اسباب‌بازی,721242,1363147,3,بازی و شادی,18,27
890,TOY-0890,پازل ۱۰۰ تکه سبز خانواده,فکری و آموزشی,پازل,سبز,خانواده,تویز,389812,756235,8,ماهان تویز,40,9
891,TOY-0891,عروسک باربی قرمز متوسط,عروسک,پلاستیکی,قرمز,متوسط,تویز,243873,453603,5,پارس اسباب‌بازی,25,10
892,TOY-0892,لگو ماشین سبز کوچک,لگو و ساختنی,ماکت,سبز,کوچک,کیدزلند,671183,973215,2,تویز لند,35,12
893,TOY-0893,بادکنک رنگی زرد خانواده,مهمانی و بادکنک,کلاه تولد,زرد,خانواده,شادی,718041,1077061,7,آریا اسباب‌بازی,13,19
894,TOY-0894,فیگور شرک نارنجی متوسط,اکشن فیگور,شخصیت کارتونی,نارنجی,متوسط,شادی,953655,1363726,4,کیان تویز,21,6
895,TOY-0895,عروسک سخنگو آبی کوچک,عروسک,پلاستیکی,آبی,کوچک,آسمان,950732,1692302,3,بازی و شادی,25,7
896,TOY-0896,موبایل موزیکال نارنجی متوسط,نوزاد و خردسال,عروسک پارچه‌ای,نارنجی,متوسط,پاندورا,129440,221342,4,کیان تویز,29,21
897,TOY-0897,عروسک خرسی چندرنگ خانواده,عروسک,پلاستیکی,چندرنگ,خانواده,فانتزی,388202,760875,1,اسباب‌بازی ایران,28,4
898,TOY-0898,بادکنک رنگی قرمز متوسط,مهمانی و بادکنک,بادکنک,قرمز,متوسط,کیدزلند,706293,1292516,10,دنیای شادی,10,3
899,TOY-0899,استخر بادی سبز متوسط,بازی در فضای باز,استخر بادی,سبز,متوسط,فانتزی,148369,219586,5,پارس اسباب‌بازی,21,4
900,TOY-0900,کلاه جشن تولد سبز کوچک,مهمانی و بادکنک,ظروف یکبارمصرف,سبز,کوچک,پیکولو,812858,1235544,3,بازی و شادی,17,8
901,TOY-0901,فشفشه مشکی خانواده,مهمانی و بادکنک,بادکنک,مشکی,خانواده,تویز,355542,707528,9,پویا تویز,7,19
902,TOY-0902,پازل ۱۰۰ تکه نارنجی کوچک,فکری و آموزشی,بازی فکری,نارنجی,کوچک,پیکولو,710134,1306646,6,نوین تویز,49,25
903,TOY-0903,بازی فکری شطرنج سفید کوچک,فکری و آموزشی,کتاب داستان,سفید,کوچک,پلی‌تویز,562830,894899,2,تویز لند,30,17
904,TOY-0904,قایق اسباب‌بازی سبز متوسط,ماشین و رادیویی,قایق,سبز,متوسط,تویز,521472,849999,1,اسباب‌بازی ایران,8,20
905,TOY-0905,فیگور بتمن صورتی بزرگ,اکشن فیگور,سرباز,صورتی,بزرگ,شادی,45580,85234,10,دنیای شادی,39,10
906,TOY-0906,بادکنک رنگی قرمز متوسط,مهمانی و بادکنک,بادکنک,قرمز,متوسط,فانتزی,803620,1422407,1,اسباب‌بازی ایران,38,25
907,TOY-0907,بادکنک رنگی زرد خانواده,مهمانی و بادکنک,بادکنک,زرد,خانواده,پیکولو,257924,469421,10,دنیای شادی,23,8
908,TOY-0908,فیگور بتمن مشکی متوسط,اکشن فیگور,ربات,مشکی,متوسط,کیدزلند,560037,1108873,6,نوین تویز,23,23
909,TOY-0909,بازی فکری شطرنج صورتی متوسط,فکری و آموزشی,پازل,صورتی,متوسط,زرافه,519651,950961,4,کیان تویز,10,10
910,TOY-0910,لگو ماشین بنفش کوچک,لگو و ساختنی,ماکت,بنفش,کوچک,زرافه,203877,383288,3,بازی و شادی,39,21
911,TOY-0911,بازی فکری شطرنج صورتی بزرگ,فکری و آموزشی,کتاب داستان,صورتی,بزرگ,فانتزی,414657,613692,8,ماهان تویز,14,27
912,TOY-0912,چرتکه آموزشی زرد بزرگ,فکری و آموزشی,وسایل آموزشی,زرد,بزرگ,فانتزی,182555,290262,1,اسباب‌بازی ایران,27,4
913,TOY-0913,عروسک باربی آبی خانواده,عروسک,فیگور,آبی,خانواده,پاندورا,875271,1575487,7,آریا اسباب‌بازی,41,10
914,TOY-0914,ماشین فلزی سفید متوسط,ماشین و رادیویی,هواپیما,سفید,متوسط,پیکولو,272953,483126,3,بازی و شادی,7,20
915,TOY-0915,کتاب قصه‌های کهن نارنجی خانواده,فکری و آموزشی,پازل,نارنجی,خانواده,پلی‌تویز,837845,1625419,10,دنیای شادی,22,22
916,TOY-0916,فشفشه قرمز خانواده,مهمانی و بادکنک,ظروف یکبارمصرف,قرمز,خانواده,پلی‌تویز,683799,977832,4,کیان تویز,16,23
917,TOY-0917,فیگور شرک زرد متوسط,اکشن فیگور,ربات,زرد,متوسط,پیکولو,327573,527392,1,اسباب‌بازی ایران,21,8
918,TOY-0918,جغجغه بنفش کوچک,نوزاد و خردسال,جغجغه,بنفش,کوچک,زرافه,354028,651411,9,پویا تویز,18,7
919,TOY-0919,جغجغه بنفش خانواده,نوزاد و خردسال,پازل چوبی,بنفش,خانواده,پلی‌تویز,96302,180084,2,تویز لند,45,21
920,TOY-0920,عروسک باربی سبز بزرگ,عروسک,پولیشی,سبز,بزرگ,آسمان,687214,989588,4,کیان تویز,34,17
921,TOY-0921,پازل سه‌بعدی برج سفید متوسط,لگو و ساختنی,لگو,سفید,متوسط,پاندورا,399997,795994,10,دنیای شادی,24,24
922,TOY-0922,عروسک پولیشی سبز خانواده,عروسک,پولیشی,سبز,خانواده,فانتزی,741482,1089978,6,نوین تویز,27,21
923,TOY-0923,بادکنک رنگی صورتی بزرگ,مهمانی و بادکنک,بادکنک,صورتی,بزرگ,دنیای اسباب‌بازی,791710,1393409,1,اسباب‌بازی ایران,24,26
924,TOY-0924,اسکوتر چندرنگ متوسط,بازی در فضای باز,استخر بادی,چندرنگ,متوسط,کیدزلند,298029,494728,10,دنیای شادی,12,28
925,TOY-0925,فیگور شرک مشکی کوچک,اکشن فیگور,شخصیت کارتونی,مشکی,کوچک,کیدزلند,466613,928559,7,آریا اسباب‌بازی,6,8
926,TOY-0926,فیگور شرک قرمز بزرگ,اکشن فیگور,ربات,قرمز,بزرگ,شادی,561351,1117088,3,بازی و شادی,45,7
927,TOY-0927,لگو آتش‌نشانی مشکی متوسط,لگو و ساختنی,بلوک ساختمانی,مشکی,متوسط,دنیای اسباب‌بازی,214120,374710,2,تویز لند,31,19
928,TOY-0928,کلاه جشن تولد مشکی بزرگ,مهمانی و بادکنک,کلاه تولد,مشکی,بزرگ,آسمان,415684,648467,9,پویا تویز,14,4
929,TOY-0929,جغجغه آبی بزرگ,نوزاد و خردسال,موزیکال,آبی,بزرگ,شادی,498548,777734,8,ماهان تویز,28,12
930,TOY-0930,ظروف مهمانی نارنجی بزرگ,مهمانی و بادکنک,بادکنک,نارنجی,بزرگ,پاندورا,699085,1041636,10,دنیای شادی,43,29
931,TOY-0931,فیگور بتمن بنفش کوچک,اکشن فیگور,شخصیت کارتونی,بنفش,کوچک,کیدزلند,103316,203532,7,آریا اسباب‌بازی,31,11
932,TOY-0932,ماشین کنترلی شارژی آبی متوسط,ماشین و رادیویی,هواپیما,آبی,متوسط,آسمان,119304,209975,2,تویز لند,24,5
933,TOY-0933,ماشین فلزی زرد کوچک,ماشین و رادیویی,قایق,زرد,کوچک,آسمان,659049,1028116,7,آریا اسباب‌بازی,38,24
934,TOY-0934,هواپیمای کنترلی صورتی خانواده,ماشین و رادیویی,قایق,صورتی,خانواده,تویز,966064,1497399,5,پارس اسباب‌بازی,14,11
935,TOY-0935,پازل ۱۰۰ تکه زرد بزرگ,فکری و آموزشی,پازل,زرد,بزرگ,زرافه,715430,1266311,10,دنیای شادی,45,29
936,TOY-0936,ربات جنگجو چندرنگ خانواده,اکشن فیگور,سرباز,چندرنگ,خانواده,پاندورا,292963,515614,5,پارس اسباب‌بازی,33,6
937,TOY-0937,ماشین فلزی سفید متوسط,ماشین و رادیویی,هواپیما,سفید,متوسط,پاندورا,948331,1384563,6,نوین تویز,14,23
938,TOY-0938,دوچرخه کودک مشکی بزرگ,بازی در فضای باز,توپ,مشکی,بزرگ,پاندورا,946394,1741364,3,بازی و شادی,25,29
939,TOY-0939,ماشین فلزی سبز متوسط,ماشین و رادیویی,هواپیما,سبز,متوسط,فانتزی,779131,1386853,4,کیان تویز,34,27
940,TOY-0940,بلوک‌های خانه چندرنگ متوسط,لگو و ساختنی,لگو,چندرنگ,متوسط,پاندورا,78974,140573,5,پارس اسباب‌بازی,49,6
941,TOY-0941,فیگور بتمن نارنجی کوچک,اکشن فیگور,ابرقهرمان,نارنجی,کوچک,شادی,938179,1623049,6,نوین تویز,23,3
942,TOY-0942,قایق اسباب‌بازی نارنجی متوسط,ماشین و رادیویی,هواپیما,نارنجی,متوسط,دنیای اسباب‌بازی,243869,448718,5,پارس اسباب‌بازی,46,8
943,TOY-0943,پازل سه‌بعدی برج بنفش متوسط,لگو و ساختنی,لگو,بنفش,متوسط,پاندورا,977696,1427436,6,نوین تویز,31,24
944,TOY-0944,ماشین سرعتی نارنجی بزرگ,ماشین و رادیویی,ماشین کنترلی,نارنجی,بزرگ,آسمان,347233,670159,8,ماهان تویز,25,27
945,TOY-0945,توپ بسکتبال بنفش بزرگ,بازی در فضای باز,دوچرخه,بنفش,بزرگ,کیدزلند,451000,703560,8,ماهان تویز,33,29
946,TOY-0946,عروسک بامزی آبی بزرگ,عروسک,پلاستیکی,آبی,بزرگ,تویز,731744,1031759,7,آریا اسباب‌بازی,32,19
947,TOY-0947,چرتکه آموزشی آبی بزرگ,فکری و آموزشی,کتاب داستان,آبی,بزرگ,تویز,560469,1008844,10,دنیای شادی,24,15
948,TOY-0948,چرتکه آموزشی زرد کوچک,فکری و آموزشی,بازی فکری,زرد,کوچک,کیدزلند,118649,180346,9,پویا تویز,27,17
949,TOY-0949,کاغذ رنگی صورتی متوسط,مهمانی و بادکنک,بادکنک,صورتی,متوسط,پاندورا,746561,1052651,6,نوین تویز,37,27
950,TOY-0950,عروسک پولیشی سبز خانواده,عروسک,فیگور,سبز,خانواده,شادی,45338,65740,7,آریا اسباب‌بازی,38,10
951,TOY-0951,سرباز اسباب‌بازی مشکی بزرگ,اکشن فیگور,شخصیت کارتونی,مشکی,بزرگ,آسمان,374215,617454,8,ماهان تویز,37,13
952,TOY-0952,پازل سه‌بعدی برج صورتی خانواده,لگو و ساختنی,بلوک ساختمانی,صورتی,خانواده,آسمان,606959,983273,3,بازی و شادی,14,20
953,TOY-0953,عروسک پارچه‌ای چندرنگ کوچک,نوزاد و خردسال,پازل چوبی,چندرنگ,کوچک,فانتزی,810937,1532670,4,کیان تویز,17,26
954,TOY-0954,توپ بسکتبال مشکی کوچک,بازی در فضای باز,استخر بادی,مشکی,کوچک,پیکولو,224273,396963,7,آریا اسباب‌بازی,5,25
955,TOY-0955,پازل سه‌بعدی برج سفید خانواده,لگو و ساختنی,لگو,سفید,خانواده,فانتزی,745779,1275282,9,پویا تویز,46,19
956,TOY-0956,کلاه جشن تولد سبز خانواده,مهمانی و بادکنک,کلاه تولد,سبز,خانواده,آسمان,923143,1615500,9,پویا تویز,29,9
957,TOY-0957,فشفشه چندرنگ بزرگ,مهمانی و بادکنک,بادکنک,چندرنگ,بزرگ,پاندورا,290787,471074,9,پویا تویز,41,11
958,TOY-0958,بادکنک رنگی قرمز متوسط,مهمانی و بادکنک,کلاه تولد,قرمز,متوسط,آسمان,63957,119599,5,پارس اسباب‌بازی,6,28
959,TOY-0959,فشفشه صورتی متوسط,مهمانی و بادکنک,بادکنک,صورتی,متوسط,پاندورا,270932,493096,4,کیان تویز,44,6
960,TOY-0960,عروسک سخنگو بنفش کوچک,عروسک,پارچه‌ای,بنفش,کوچک,پیکولو,548974,817971,6,نوین تویز,19,20
961,TOY-0961,فشفشه بنفش کوچک,مهمانی و بادکنک,ظروف یکبارمصرف,بنفش,کوچک,شادی,830000,1311400,9,پویا تویز,15,28
962,TOY-0962,عروسک باربی چندرنگ کوچک,عروسک,فیگور,چندرنگ,کوچک,فانتزی,51255,80982,6,نوین تویز,11,13
963,TOY-0963,فشفشه سبز کوچک,مهمانی و بادکنک,کلاه تولد,سبز,کوچک,آسمان,506362,992469,6,نوین تویز,19,3
964,TOY-0964,جغجغه سفید بزرگ,نوزاد و خردسال,موزیکال,سفید,بزرگ,دنیای اسباب‌بازی,771507,1272986,2,تویز لند,5,8
965,TOY-0965,پازل ۱۰۰ تکه چندرنگ متوسط,فکری و آموزشی,بازی فکری,چندرنگ,متوسط,دنیای اسباب‌بازی,184707,277060,6,نوین تویز,9,19
966,TOY-0966,سرباز اسباب‌بازی مشکی کوچک,اکشن فیگور,سرباز,مشکی,کوچک,دنیای اسباب‌بازی,210077,378138,10,دنیای شادی,11,5
967,TOY-0967,فیگور مرد عنکبوتی سبز بزرگ,اکشن فیگور,ابرقهرمان,سبز,بزرگ,شادی,819701,1483658,8,ماهان تویز,39,6
968,TOY-0968,عروسک پارچه‌ای آبی متوسط,نوزاد و خردسال,موزیکال,آبی,متوسط,فانتزی,310511,493712,9,پویا تویز,31,26
969,TOY-0969,پازل نقشه ایران چندرنگ کوچک,فکری و آموزشی,بازی فکری,چندرنگ,کوچک,زرافه,566778,878505,8,ماهان تویز,28,27
970,TOY-0970,لگو آتش‌نشانی قرمز خانواده,لگو و ساختنی,لگو,قرمز,خانواده,شادی,833273,1274907,5,پارس اسباب‌بازی,36,7
971,TOY-0971,ربات جنگجو چندرنگ بزرگ,اکشن فیگور,ابرقهرمان,چندرنگ,بزرگ,فانتزی,346940,558573,5,پارس اسباب‌بازی,46,28
972,TOY-0972,عروسک باربی سبز متوسط,عروسک,پارچه‌ای,سبز,متوسط,پلی‌تویز,942887,1819771,5,پارس اسباب‌بازی,25,11
973,TOY-0973,ماشین فلزی آبی خانواده,ماشین و رادیویی,ماشین ساده,آبی,خانواده,کیدزلند,105311,200090,2,تویز لند,43,24
974,TOY-0974,عروسک پولیشی قرمز متوسط,عروسک,پولیشی,قرمز,متوسط,کیدزلند,535951,1007587,1,اسباب‌بازی ایران,27,19
975,TOY-0975,عروسک خرسی سفید کوچک,عروسک,پولیشی,سفید,کوچک,کیدزلند,364437,612254,5,پارس اسباب‌بازی,34,27
976,TOY-0976,عروسک خرسی چندرنگ متوسط,عروسک,پارچه‌ای,چندرنگ,متوسط,پیکولو,42853,67707,4,کیان تویز,41,25
977,TOY-0977,ماشین کنترلی شارژی آبی متوسط,ماشین و رادیویی,هواپیما,آبی,متوسط,آسمان,203875,371052,10,دنیای شادی,27,15
978,TOY-0978,فیگور بتمن نارنجی متوسط,اکشن فیگور,سرباز,نارنجی,متوسط,دنیای اسباب‌بازی,190325,266455,10,دنیای شادی,6,7
979,TOY-0979,لگو ماشین قرمز متوسط,لگو و ساختنی,لگو,قرمز,متوسط,پلی‌تویز,740429,1266133,5,پارس اسباب‌بازی,26,24
980,TOY-0980,ماشین کنترلی شارژی زرد خانواده,ماشین و رادیویی,ماشین کنترلی,زرد,خانواده,شادی,111047,156576,10,دنیای شادی,47,12
981,TOY-0981,ماشین کنترلی شارژی سبز بزرگ,ماشین و رادیویی,قایق,سبز,بزرگ,زرافه,885212,1301261,7,آریا اسباب‌بازی,40,4
982,TOY-0982,کتاب قصه‌های کهن آبی بزرگ,فکری و آموزشی,بازی فکری,آبی,بزرگ,کیدزلند,533647,939218,8,ماهان تویز,18,9
983,TOY-0983,پازل سه‌بعدی برج مشکی بزرگ,لگو و ساختنی,بلوک ساختمانی,مشکی,بزرگ,دنیای اسباب‌بازی,86000,140180,1,اسباب‌بازی ایران,23,24
984,TOY-0984,پازل سه‌بعدی برج آبی خانواده,لگو و ساختنی,پازل سه‌بعدی,آبی,خانواده,آسمان,242967,481074,8,ماهان تویز,12,13
985,TOY-0985,دوچرخه کودک نارنجی خانواده,بازی در فضای باز,استخر بادی,نارنجی,خانواده,آسمان,570172,940783,7,آریا اسباب‌بازی,37,21
986,TOY-0986,کتاب قصه‌های کهن مشکی متوسط,فکری و آموزشی,پازل,مشکی,متوسط,تویز,688609,1136204,8,ماهان تویز,46,3
987,TOY-0987,پازل سه‌بعدی برج نارنجی کوچک,لگو و ساختنی,ماکت,نارنجی,کوچک,کیدزلند,227557,364091,3,بازی و شادی,17,24
988,TOY-0988,دندانگیر آبی متوسط,نوزاد و خردسال,پازل چوبی,آبی,متوسط,کیدزلند,588147,829287,6,نوین تویز,17,18
989,TOY-0989,بازی فکری شطرنج چندرنگ خانواده,فکری و آموزشی,وسایل آموزشی,چندرنگ,خانواده,کیدزلند,617468,907677,4,کیان تویز,33,9
990,TOY-0990,موبایل موزیکال چندرنگ بزرگ,نوزاد و خردسال,پازل چوبی,چندرنگ,بزرگ,زرافه,168556,306771,6,نوین تویز,11,15
991,TOY-0991,ظروف مهمانی نارنجی بزرگ,مهمانی و بادکنک,ظروف یکبارمصرف,نارنجی,بزرگ,فانتزی,410103,795599,8,ماهان تویز,11,28
992,TOY-0992,بلوک‌های خانه بنفش خانواده,لگو و ساختنی,لگو,بنفش,خانواده,پلی‌تویز,522570,862240,3,بازی و شادی,21,13
993,TOY-0993,عروسک خرسی آبی خانواده,عروسک,پارچه‌ای,آبی,خانواده,تویز,96974,162916,3,بازی و شادی,19,23
994,TOY-0994,عروسک پارچه‌ای سفید کوچک,نوزاد و خردسال,موزیکال,سفید,کوچک,کیدزلند,245243,448794,9,پویا تویز,20,27
995,TOY-0995,کلاه جشن تولد سفید خانواده,مهمانی و بادکنک,ظروف یکبارمصرف,سفید,خانواده,پاندورا,739377,1345666,9,پویا تویز,5,27
996,TOY-0996,توپ بسکتبال نارنجی کوچک,بازی در فضای باز,اسکوتر,نارنجی,کوچک,تویز,877945,1334476,7,آریا اسباب‌بازی,48,21
997,TOY-0997,پازل سه‌بعدی برج مشکی خانواده,لگو و ساختنی,ماکت,مشکی,خانواده,پاندورا,306943,527941,8,ماهان تویز,33,21
998,TOY-0998,عروسک باربی نارنجی بزرگ,عروسک,پارچه‌ای,نارنجی,بزرگ,فانتزی,825980,1354607,8,ماهان تویز,19,5
999,TOY-0999,موبایل موزیکال صورتی خانواده,نوزاد و خردسال,عروسک پارچه‌ای,صورتی,خانواده,کیدزلند,42966,70893,10,دنیای شادی,44,20
1000,TOY-1000,ظروف مهمانی نارنجی متوسط,مهمانی و بادکنک,ظروف یکبارمصرف,نارنجی,متوسط,دنیای اسباب‌بازی,904720,1375174,1,اسباب‌بازی ایران,36,10
1001,TOY-1001,پازل چوبی چندرنگ خانواده,نوزاد و خردسال,موزیکال,چندرنگ,خانواده,پیکولو,881029,1436077,6,نوین تویز,44,6
1002,TOY-1002,توپ فوتبال قرمز کوچک,بازی در فضای باز,اسکوتر,قرمز,کوچک,فانتزی,852490,1474807,6,نوین تویز,49,20
1003,TOY-1003,سرباز اسباب‌بازی صورتی کوچک,اکشن فیگور,شخصیت کارتونی,صورتی,کوچک,زرافه,394204,741103,6,نوین تویز,19,22
1004,TOY-1004,سرباز اسباب‌بازی قرمز متوسط,اکشن فیگور,ربات,قرمز,متوسط,پلی‌تویز,997266,1735242,4,کیان تویز,33,5
1005,TOY-1005,توپ فوتبال سفید کوچک,بازی در فضای باز,توپ,سفید,کوچک,شادی,243507,392046,3,بازی و شادی,44,29
1006,TOY-1006,عروسک خرسی بنفش خانواده,عروسک,فیگور,بنفش,خانواده,پیکولو,715435,1159004,9,پویا تویز,15,28
1007,TOY-1007,جغجغه بنفش کوچک,نوزاد و خردسال,موزیکال,بنفش,کوچک,شادی,369446,724114,7,آریا اسباب‌بازی,34,13
1008,TOY-1008,دندانگیر آبی خانواده,نوزاد و خردسال,موزیکال,آبی,خانواده,کیدزلند,836426,1597573,4,کیان تویز,13,4
1009,TOY-1009,فیگور شرک مشکی متوسط,اکشن فیگور,ربات,مشکی,متوسط,پیکولو,779625,1348751,5,پارس اسباب‌بازی,29,6
1010,TOY-1010,فیگور بتمن بنفش کوچک,اکشن فیگور,ربات,بنفش,کوچک,دنیای اسباب‌بازی,773519,1353658,4,کیان تویز,41,18
1011,TOY-1011,توپ فوتبال سفید خانواده,بازی در فضای باز,اسکوتر,سفید,خانواده,پلی‌تویز,759194,1427284,10,دنیای شادی,21,5
1012,TOY-1012,لگو ماشین مشکی بزرگ,لگو و ساختنی,لگو,مشکی,بزرگ,کیدزلند,681022,1205408,10,دنیای شادی,33,29
1013,TOY-1013,کلاه جشن تولد مشکی کوچک,مهمانی و بادکنک,ظروف یکبارمصرف,مشکی,کوچک,آسمان,194784,296071,9,پویا تویز,32,8
1014,TOY-1014,توپ بسکتبال مشکی متوسط,بازی در فضای باز,استخر بادی,مشکی,متوسط,زرافه,757478,1469507,7,آریا اسباب‌بازی,27,5
1015,TOY-1015,توپ بسکتبال سبز کوچک,بازی در فضای باز,استخر بادی,سبز,کوچک,دنیای اسباب‌بازی,450168,837312,3,بازی و شادی,46,7
1016,TOY-1016,ظروف مهمانی سفید خانواده,مهمانی و بادکنک,کلاه تولد,سفید,خانواده,پیکولو,555397,1027484,1,اسباب‌بازی ایران,16,12
1017,TOY-1017,کتاب قصه‌های کهن سبز متوسط,فکری و آموزشی,وسایل آموزشی,سبز,متوسط,فانتزی,432522,791515,5,پارس اسباب‌بازی,20,10
1018,TOY-1018,موبایل موزیکال آبی متوسط,نوزاد و خردسال,پازل چوبی,آبی,متوسط,زرافه,600849,907281,5,پارس اسباب‌بازی,49,29
1019,TOY-1019,اسکوتر چندرنگ متوسط,بازی در فضای باز,دوچرخه,چندرنگ,متوسط,زرافه,865668,1662082,4,کیان تویز,14,14
1020,TOY-1020,لگو آتش‌نشانی قرمز متوسط,لگو و ساختنی,بلوک ساختمانی,قرمز,متوسط,آسمان,753380,1303347,8,ماهان تویز,30,4
1021,TOY-1021,ظروف مهمانی قرمز متوسط,مهمانی و بادکنک,ظروف یکبارمصرف,قرمز,متوسط,فانتزی,159641,266600,5,پارس اسباب‌بازی,27,20
1022,TOY-1022,هواپیمای کنترلی سفید متوسط,ماشین و رادیویی,ماشین کنترلی,سفید,متوسط,تویز,959742,1593171,8,ماهان تویز,42,27
1023,TOY-1023,عروسک خرسی مشکی بزرگ,عروسک,پارچه‌ای,مشکی,بزرگ,کیدزلند,286140,560834,7,آریا اسباب‌بازی,34,3
1024,TOY-1024,ربات جنگجو سبز متوسط,اکشن فیگور,شخصیت کارتونی,سبز,متوسط,کیدزلند,542862,1031437,10,دنیای شادی,25,28
1025,TOY-1025,پازل سه‌بعدی برج آبی متوسط,لگو و ساختنی,پازل سه‌بعدی,آبی,متوسط,پیکولو,300103,537184,2,تویز لند,11,24
1026,TOY-1026,فیگور شرک صورتی متوسط,اکشن فیگور,سرباز,صورتی,متوسط,زرافه,91246,170630,4,کیان تویز,19,6
1027,TOY-1027,ماشین فلزی زرد بزرگ,ماشین و رادیویی,ماشین کنترلی,زرد,بزرگ,پاندورا,477677,950577,7,آریا اسباب‌بازی,28,22
1028,TOY-1028,استخر بادی نارنجی بزرگ,بازی در فضای باز,توپ,نارنجی,بزرگ,کیدزلند,780452,1443836,6,نوین تویز,37,10
1029,TOY-1029,عروسک پارچه‌ای سفید متوسط,نوزاد و خردسال,پازل چوبی,سفید,متوسط,شادی,60214,93933,8,ماهان تویز,10,23
1030,TOY-1030,فیگور مرد عنکبوتی چندرنگ کوچک,اکشن فیگور,سرباز,چندرنگ,کوچک,تویز,891810,1685520,4,کیان تویز,10,27
1031,TOY-1031,اسکوتر مشکی کوچک,بازی در فضای باز,استخر بادی,مشکی,کوچک,دنیای اسباب‌بازی,900981,1738893,4,کیان تویز,44,9
1032,TOY-1032,بادکنک رنگی صورتی بزرگ,مهمانی و بادکنک,ظروف یکبارمصرف,صورتی,بزرگ,آسمان,996272,1892916,2,تویز لند,6,10
1033,TOY-1033,بازی فکری شطرنج سبز خانواده,فکری و آموزشی,وسایل آموزشی,سبز,خانواده,شادی,271538,475191,7,آریا اسباب‌بازی,42,18
1034,TOY-1034,عروسک خرسی بنفش خانواده,عروسک,فیگور,بنفش,خانواده,زرافه,831852,1613792,6,نوین تویز,35,29
1035,TOY-1035,عروسک پارچه‌ای سفید کوچک,نوزاد و خردسال,جغجغه,سفید,کوچک,شادی,812465,1551808,7,آریا اسباب‌بازی,49,29
1036,TOY-1036,فیگور مرد عنکبوتی قرمز متوسط,اکشن فیگور,ربات,قرمز,متوسط,پاندورا,264251,375236,3,بازی و شادی,17,19
1037,TOY-1037,عروسک باربی سفید بزرگ,عروسک,پولیشی,سفید,بزرگ,پیکولو,962324,1866908,2,تویز لند,25,21
1038,TOY-1038,لگو آتش‌نشانی نارنجی متوسط,لگو و ساختنی,بلوک ساختمانی,نارنجی,متوسط,پیکولو,423831,597601,7,آریا اسباب‌بازی,39,24
1039,TOY-1039,ربات جنگجو سبز بزرگ,اکشن فیگور,ربات,سبز,بزرگ,فانتزی,43950,81747,10,دنیای شادی,36,6
1040,TOY-1040,فیگور بتمن آبی خانواده,اکشن فیگور,سرباز,آبی,خانواده,شادی,67769,128761,3,بازی و شادی,47,28
1041,TOY-1041,دندانگیر زرد کوچک,نوزاد و خردسال,پازل چوبی,زرد,کوچک,تویز,576493,1020392,9,پویا تویز,25,12
1042,TOY-1042,کتاب قصه‌های کهن زرد بزرگ,فکری و آموزشی,پازل,زرد,بزرگ,فانتزی,408875,588780,1,اسباب‌بازی ایران,33,21
1043,TOY-1043,دندانگیر سفید متوسط,نوزاد و خردسال,پازل چوبی,سفید,متوسط,کیدزلند,459024,835423,6,نوین تویز,47,27
1044,TOY-1044,ماشین کنترلی شارژی نارنجی خانواده,ماشین و رادیویی,ماشین کنترلی,نارنجی,خانواده,پاندورا,252009,443535,8,ماهان تویز,28,13
1045,TOY-1045,لگو آتش‌نشانی زرد بزرگ,لگو و ساختنی,بلوک ساختمانی,زرد,بزرگ,آسمان,931265,1499336,8,ماهان تویز,9,29
1046,TOY-1046,پازل چوبی زرد متوسط,نوزاد و خردسال,عروسک پارچه‌ای,زرد,متوسط,آسمان,485206,810294,4,کیان تویز,8,24
1047,TOY-1047,پازل چوبی سبز کوچک,نوزاد و خردسال,عروسک پارچه‌ای,سبز,کوچک,آسمان,810281,1482814,5,پارس اسباب‌بازی,29,16
1048,TOY-1048,بازی فکری شطرنج مشکی خانواده,فکری و آموزشی,کتاب داستان,مشکی,خانواده,کیدزلند,81747,136517,1,اسباب‌بازی ایران,22,29
1049,TOY-1049,فشفشه صورتی متوسط,مهمانی و بادکنک,کلاه تولد,صورتی,متوسط,زرافه,687205,1113272,7,آریا اسباب‌بازی,27,13
1050,TOY-1050,توپ فوتبال نارنجی کوچک,بازی در فضای باز,توپ,نارنجی,کوچک,تویز,192336,326971,6,نوین تویز,45,29
1051,TOY-1051,چرتکه آموزشی چندرنگ کوچک,فکری و آموزشی,کتاب داستان,چندرنگ,کوچک,تویز,706221,1264135,5,پارس اسباب‌بازی,14,24
1052,TOY-1052,پازل چوبی مشکی متوسط,نوزاد و خردسال,موزیکال,مشکی,متوسط,دنیای اسباب‌بازی,181520,323105,1,اسباب‌بازی ایران,8,3
1053,TOY-1053,ماشین فلزی نارنجی خانواده,ماشین و رادیویی,هواپیما,نارنجی,خانواده,شادی,203975,371234,8,ماهان تویز,26,20
1054,TOY-1054,هواپیمای کنترلی نارنجی خانواده,ماشین و رادیویی,ماشین کنترلی,نارنجی,خانواده,فانتزی,677727,1287681,5,پارس اسباب‌بازی,18,20
1055,TOY-1055,لگو پلیس سبز خانواده,لگو و ساختنی,پازل سه‌بعدی,سبز,خانواده,آسمان,48570,90825,6,نوین تویز,47,17
1056,TOY-1056,موبایل موزیکال چندرنگ بزرگ,نوزاد و خردسال,موزیکال,چندرنگ,بزرگ,دنیای اسباب‌بازی,843010,1584858,6,نوین تویز,34,8
1057,TOY-1057,موبایل موزیکال بنفش متوسط,نوزاد و خردسال,عروسک پارچه‌ای,بنفش,متوسط,دنیای اسباب‌بازی,549857,929258,8,ماهان تویز,34,15
1058,TOY-1058,عروسک باربی قرمز متوسط,عروسک,پلاستیکی,قرمز,متوسط,فانتزی,179080,311599,1,اسباب‌بازی ایران,42,4
1059,TOY-1059,کلاه جشن تولد بنفش خانواده,مهمانی و بادکنک,فشفشه,بنفش,خانواده,کیدزلند,923668,1616419,8,ماهان تویز,12,14
1060,TOY-1060,عروسک سخنگو نارنجی خانواده,عروسک,پولیشی,نارنجی,خانواده,پاندورا,374276,535214,8,ماهان تویز,12,10
1061,TOY-1061,لگو پلیس مشکی کوچک,لگو و ساختنی,بلوک ساختمانی,مشکی,کوچک,پلی‌تویز,253870,495046,5,پارس اسباب‌بازی,24,22
1062,TOY-1062,ماشین سرعتی سفید متوسط,ماشین و رادیویی,ماشین ساده,سفید,متوسط,پیکولو,268897,486703,1,اسباب‌بازی ایران,47,9
1063,TOY-1063,ماشین کنترلی شارژی زرد خانواده,ماشین و رادیویی,قایق,زرد,خانواده,کیدزلند,516528,1027890,6,نوین تویز,31,23
1064,TOY-1064,عروسک خرسی صورتی بزرگ,عروسک,فیگور,صورتی,بزرگ,پیکولو,806071,1555717,2,تویز لند,13,5
1065,TOY-1065,فیگور مرد عنکبوتی آبی خانواده,اکشن فیگور,ابرقهرمان,آبی,خانواده,پاندورا,224536,343540,8,ماهان تویز,21,17
1066,TOY-1066,اسکوتر قرمز خانواده,بازی در فضای باز,توپ,قرمز,خانواده,شادی,614948,1088457,10,دنیای شادی,19,23
1067,TOY-1067,ماشین کنترلی شارژی سفید بزرگ,ماشین و رادیویی,ماشین ساده,سفید,بزرگ,تویز,90522,144835,2,تویز لند,43,23
1068,TOY-1068,پازل چوبی سفید متوسط,نوزاد و خردسال,جغجغه,سفید,متوسط,پلی‌تویز,976082,1844794,7,آریا اسباب‌بازی,46,21
1069,TOY-1069,لگو آتش‌نشانی سبز خانواده,لگو و ساختنی,لگو,سبز,خانواده,زرافه,565320,1057148,5,پارس اسباب‌بازی,11,14
1070,TOY-1070,هواپیمای کنترلی بنفش خانواده,ماشین و رادیویی,ماشین کنترلی,بنفش,خانواده,آسمان,193074,324364,10,دنیای شادی,42,26
1071,TOY-1071,ماشین کنترلی شارژی مشکی متوسط,ماشین و رادیویی,هواپیما,مشکی,متوسط,پاندورا,127948,191922,8,ماهان تویز,41,22
1072,TOY-1072,موبایل موزیکال چندرنگ خانواده,نوزاد و خردسال,پازل چوبی,چندرنگ,خانواده,کیدزلند,973884,1811424,7,آریا اسباب‌بازی,44,10
1073,TOY-1073,ربات جنگجو صورتی کوچک,اکشن فیگور,ابرقهرمان,صورتی,کوچک,تویز,456548,716780,9,پویا تویز,44,13
1074,TOY-1074,فیگور بتمن سبز خانواده,اکشن فیگور,ربات,سبز,خانواده,دنیای اسباب‌بازی,346466,547416,9,پویا تویز,34,26
1075,TOY-1075,پازل سه‌بعدی برج صورتی کوچک,لگو و ساختنی,پازل سه‌بعدی,صورتی,کوچک,پاندورا,155788,241471,5,پارس اسباب‌بازی,40,15
1076,TOY-1076,هواپیمای کنترلی زرد خانواده,ماشین و رادیویی,ماشین ساده,زرد,خانواده,آسمان,90687,138751,10,دنیای شادی,26,6
1077,TOY-1077,عروسک خرسی نارنجی کوچک,عروسک,پارچه‌ای,نارنجی,کوچک,دنیای اسباب‌بازی,172514,277747,7,آریا اسباب‌بازی,28,26
1078,TOY-1078,پازل چوبی چندرنگ بزرگ,نوزاد و خردسال,جغجغه,چندرنگ,بزرگ,شادی,110254,186329,5,پارس اسباب‌بازی,15,16
1079,TOY-1079,لگو پلیس بنفش متوسط,لگو و ساختنی,لگو,بنفش,متوسط,فانتزی,809690,1198341,7,آریا اسباب‌بازی,42,12
1080,TOY-1080,عروسک پولیشی سفید بزرگ,عروسک,پارچه‌ای,سفید,بزرگ,پیکولو,520343,775311,8,ماهان تویز,39,14
1081,TOY-1081,فشفشه سبز متوسط,مهمانی و بادکنک,فشفشه,سبز,متوسط,فانتزی,295431,499278,2,تویز لند,21,3
1082,TOY-1082,استخر بادی نارنجی کوچک,بازی در فضای باز,توپ,نارنجی,کوچک,تویز,475796,751757,7,آریا اسباب‌بازی,46,23
1083,TOY-1083,لگو آتش‌نشانی بنفش خانواده,لگو و ساختنی,لگو,بنفش,خانواده,زرافه,436049,732562,10,دنیای شادی,17,27
1084,TOY-1084,کاغذ رنگی چندرنگ بزرگ,مهمانی و بادکنک,فشفشه,چندرنگ,بزرگ,زرافه,587058,1056704,5,پارس اسباب‌بازی,44,19
1085,TOY-1085,لگو آتش‌نشانی قرمز متوسط,لگو و ساختنی,بلوک ساختمانی,قرمز,متوسط,کیدزلند,866336,1377474,1,اسباب‌بازی ایران,43,15
1086,TOY-1086,بازی فکری شطرنج بنفش متوسط,فکری و آموزشی,پازل,بنفش,متوسط,پلی‌تویز,989767,1910250,7,آریا اسباب‌بازی,24,28
1087,TOY-1087,چرتکه آموزشی بنفش متوسط,فکری و آموزشی,پازل,بنفش,متوسط,پاندورا,219311,370635,7,آریا اسباب‌بازی,20,11
1088,TOY-1088,عروسک باربی سبز خانواده,عروسک,پارچه‌ای,سبز,خانواده,پاندورا,507791,858166,8,ماهان تویز,23,9
1089,TOY-1089,عروسک بامزی زرد متوسط,عروسک,پولیشی,زرد,متوسط,آسمان,143501,269781,10,دنیای شادی,20,25
1090,TOY-1090,موبایل موزیکال قرمز کوچک,نوزاد و خردسال,جغجغه,قرمز,کوچک,زرافه,707574,1167497,7,آریا اسباب‌بازی,36,10
1091,TOY-1091,بادکنک رنگی بنفش خانواده,مهمانی و بادکنک,فشفشه,بنفش,خانواده,پاندورا,220526,434436,9,پویا تویز,41,8
1092,TOY-1092,بادکنک رنگی نارنجی کوچک,مهمانی و بادکنک,کلاه تولد,نارنجی,کوچک,زرافه,580695,1016216,10,دنیای شادی,30,16
1093,TOY-1093,سرباز اسباب‌بازی صورتی خانواده,اکشن فیگور,شخصیت کارتونی,صورتی,خانواده,کیدزلند,655402,1009319,8,ماهان تویز,43,10
1094,TOY-1094,ربات جنگجو قرمز متوسط,اکشن فیگور,ربات,قرمز,متوسط,آسمان,391008,703814,4,کیان تویز,42,8
1095,TOY-1095,ظروف مهمانی زرد متوسط,مهمانی و بادکنک,فشفشه,زرد,متوسط,پیکولو,859062,1288593,6,نوین تویز,7,5
1096,TOY-1096,فشفشه صورتی خانواده,مهمانی و بادکنک,کلاه تولد,صورتی,خانواده,شادی,207352,393968,8,ماهان تویز,26,8
1097,TOY-1097,هواپیمای کنترلی آبی خانواده,ماشین و رادیویی,ماشین ساده,آبی,خانواده,فانتزی,970828,1689240,3,بازی و شادی,10,16
1098,TOY-1098,پازل نقشه ایران بنفش کوچک,فکری و آموزشی,بازی فکری,بنفش,کوچک,زرافه,275214,539419,8,ماهان تویز,16,19
1099,TOY-1099,دوچرخه کودک نارنجی کوچک,بازی در فضای باز,دوچرخه,نارنجی,کوچک,تویز,737579,1283387,6,نوین تویز,9,22
1100,TOY-1100,دوچرخه کودک سبز کوچک,بازی در فضای باز,اسکوتر,سبز,کوچک,کیدزلند,682581,1044348,6,نوین تویز,25,28
1101,TOY-1101,دندانگیر زرد کوچک,نوزاد و خردسال,جغجغه,زرد,کوچک,دنیای اسباب‌بازی,536294,938514,4,کیان تویز,8,15
1102,TOY-1102,فشفشه مشکی کوچک,مهمانی و بادکنک,فشفشه,مشکی,کوچک,دنیای اسباب‌بازی,634773,1117200,5,پارس اسباب‌بازی,24,22
1103,TOY-1103,ماشین کنترلی شارژی بنفش خانواده,ماشین و رادیویی,ماشین کنترلی,بنفش,خانواده,کیدزلند,757757,1129057,2,تویز لند,37,3
1104,TOY-1104,لگو ماشین آبی متوسط,لگو و ساختنی,لگو,آبی,متوسط,کیدزلند,370682,541195,4,کیان تویز,12,20
1105,TOY-1105,سرباز اسباب‌بازی بنفش خانواده,اکشن فیگور,ابرقهرمان,بنفش,خانواده,کیدزلند,950047,1871592,3,بازی و شادی,12,10
1106,TOY-1106,فیگور بتمن آبی متوسط,اکشن فیگور,سرباز,آبی,متوسط,پاندورا,926786,1733089,7,آریا اسباب‌بازی,17,9
1107,TOY-1107,عروسک پولیشی مشکی بزرگ,عروسک,پلاستیکی,مشکی,بزرگ,دنیای اسباب‌بازی,36242,67410,3,بازی و شادی,20,25
1108,TOY-1108,بلوک‌های خانه صورتی بزرگ,لگو و ساختنی,پازل سه‌بعدی,صورتی,بزرگ,پلی‌تویز,502647,834394,3,بازی و شادی,21,9
1109,TOY-1109,عروسک پارچه‌ای صورتی خانواده,نوزاد و خردسال,عروسک پارچه‌ای,صورتی,خانواده,زرافه,937116,1527499,8,ماهان تویز,34,20
1110,TOY-1110,ربات جنگجو سبز کوچک,اکشن فیگور,شخصیت کارتونی,سبز,کوچک,دنیای اسباب‌بازی,195587,277733,2,تویز لند,25,18
1111,TOY-1111,بلوک‌های خانه صورتی متوسط,لگو و ساختنی,پازل سه‌بعدی,صورتی,متوسط,زرافه,360199,615940,1,اسباب‌بازی ایران,19,11
1112,TOY-1112,عروسک پارچه‌ای چندرنگ کوچک,نوزاد و خردسال,جغجغه,چندرنگ,کوچک,دنیای اسباب‌بازی,484280,900760,5,پارس اسباب‌بازی,27,22
1113,TOY-1113,دندانگیر سفید بزرگ,نوزاد و خردسال,پازل چوبی,سفید,بزرگ,شادی,300116,573221,1,اسباب‌بازی ایران,13,24
1114,TOY-1114,استخر بادی بنفش متوسط,بازی در فضای باز,دوچرخه,بنفش,متوسط,دنیای اسباب‌بازی,996506,1873431,10,دنیای شادی,15,4
1115,TOY-1115,ظروف مهمانی زرد بزرگ,مهمانی و بادکنک,فشفشه,زرد,بزرگ,کیدزلند,239035,382456,1,اسباب‌بازی ایران,16,3
1116,TOY-1116,فیگور بتمن نارنجی بزرگ,اکشن فیگور,ربات,نارنجی,بزرگ,پلی‌تویز,780179,1521349,2,تویز لند,12,10
1117,TOY-1117,دوچرخه کودک قرمز کوچک,بازی در فضای باز,اسکوتر,قرمز,کوچک,دنیای اسباب‌بازی,924696,1682946,10,دنیای شادی,47,10
1118,TOY-1118,اسکوتر صورتی کوچک,بازی در فضای باز,دوچرخه,صورتی,کوچک,تویز,223846,320099,6,نوین تویز,43,13
1119,TOY-1119,توپ فوتبال قرمز کوچک,بازی در فضای باز,اسکوتر,قرمز,کوچک,پاندورا,661970,1012814,5,پارس اسباب‌بازی,33,23
1120,TOY-1120,عروسک سخنگو زرد متوسط,عروسک,پولیشی,زرد,متوسط,شادی,578808,1134463,5,پارس اسباب‌بازی,10,24
1121,TOY-1121,استخر بادی نارنجی متوسط,بازی در فضای باز,دوچرخه,نارنجی,متوسط,کیدزلند,94180,132793,6,نوین تویز,12,11
1122,TOY-1122,کتاب قصه‌های کهن آبی متوسط,فکری و آموزشی,وسایل آموزشی,آبی,متوسط,زرافه,304317,502123,7,آریا اسباب‌بازی,28,19
1123,TOY-1123,لگو پلیس صورتی متوسط,لگو و ساختنی,لگو,صورتی,متوسط,پاندورا,352239,556537,4,کیان تویز,44,21
1124,TOY-1124,فشفشه نارنجی خانواده,مهمانی و بادکنک,بادکنک,نارنجی,خانواده,پیکولو,647981,1140446,9,پویا تویز,10,21
1125,TOY-1125,دندانگیر بنفش خانواده,نوزاد و خردسال,موزیکال,بنفش,خانواده,پاندورا,216540,342133,8,ماهان تویز,42,25
1126,TOY-1126,عروسک پارچه‌ای نارنجی متوسط,نوزاد و خردسال,عروسک پارچه‌ای,نارنجی,متوسط,پاندورا,611638,1039784,8,ماهان تویز,26,28
1127,TOY-1127,ماشین فلزی بنفش خانواده,ماشین و رادیویی,ماشین کنترلی,بنفش,خانواده,تویز,915543,1464868,3,بازی و شادی,17,22
1128,TOY-1128,فیگور شرک صورتی کوچک,اکشن فیگور,شخصیت کارتونی,صورتی,کوچک,کیدزلند,687770,1189842,6,نوین تویز,40,25
1129,TOY-1129,توپ بسکتبال سبز کوچک,بازی در فضای باز,توپ,سبز,کوچک,شادی,452575,850841,5,پارس اسباب‌بازی,39,16
1130,TOY-1130,سرباز اسباب‌بازی بنفش کوچک,اکشن فیگور,سرباز,بنفش,کوچک,فانتزی,106571,177973,3,بازی و شادی,5,12
1131,TOY-1131,موبایل موزیکال سفید متوسط,نوزاد و خردسال,جغجغه,سفید,متوسط,فانتزی,363085,689861,8,ماهان تویز,16,10
1132,TOY-1132,عروسک بامزی مشکی کوچک,عروسک,پارچه‌ای,مشکی,کوچک,تویز,940826,1571179,7,آریا اسباب‌بازی,42,14
1133,TOY-1133,کاغذ رنگی بنفش بزرگ,مهمانی و بادکنک,فشفشه,بنفش,بزرگ,زرافه,189938,292504,8,ماهان تویز,16,26
1134,TOY-1134,ماشین سرعتی بنفش خانواده,ماشین و رادیویی,ماشین ساده,بنفش,خانواده,پاندورا,361182,603173,3,بازی و شادی,38,5
1135,TOY-1135,فیگور شرک چندرنگ خانواده,اکشن فیگور,شخصیت کارتونی,چندرنگ,خانواده,زرافه,269258,452353,4,کیان تویز,46,11
1136,TOY-1136,دندانگیر قرمز خانواده,نوزاد و خردسال,موزیکال,قرمز,خانواده,آسمان,758641,1403485,2,تویز لند,14,21
1137,TOY-1137,ماشین سرعتی سفید کوچک,ماشین و رادیویی,ماشین کنترلی,سفید,کوچک,دنیای اسباب‌بازی,907228,1714660,2,تویز لند,31,18
1138,TOY-1138,پازل نقشه ایران نارنجی متوسط,فکری و آموزشی,پازل,نارنجی,متوسط,پاندورا,790679,1328340,9,پویا تویز,45,23
1139,TOY-1139,عروسک بامزی سبز کوچک,عروسک,پارچه‌ای,سبز,کوچک,آسمان,271974,497712,4,کیان تویز,27,20
1140,TOY-1140,پازل ۱۰۰ تکه نارنجی بزرگ,فکری و آموزشی,کتاب داستان,نارنجی,بزرگ,زرافه,898695,1752455,10,دنیای شادی,27,18
1141,TOY-1141,عروسک خرسی مشکی خانواده,عروسک,پولیشی,مشکی,خانواده,فانتزی,700324,1092505,7,آریا اسباب‌بازی,29,4
1142,TOY-1142,عروسک پولیشی سفید کوچک,عروسک,فیگور,سفید,کوچک,کیدزلند,209093,336639,2,تویز لند,29,22
1143,TOY-1143,ماشین فلزی سبز بزرگ,ماشین و رادیویی,هواپیما,سبز,بزرگ,کیدزلند,836020,1228949,3,بازی و شادی,37,22
1144,TOY-1144,دوچرخه کودک قرمز بزرگ,بازی در فضای باز,استخر بادی,قرمز,بزرگ,فانتزی,309306,525820,1,اسباب‌بازی ایران,19,16
1145,TOY-1145,عروسک پولیشی آبی بزرگ,عروسک,فیگور,آبی,بزرگ,فانتزی,643271,1125724,7,آریا اسباب‌بازی,9,8
1146,TOY-1146,ربات جنگجو آبی کوچک,اکشن فیگور,سرباز,آبی,کوچک,پلی‌تویز,905340,1457597,4,کیان تویز,27,6
1147,TOY-1147,پازل نقشه ایران نارنجی خانواده,فکری و آموزشی,کتاب داستان,نارنجی,خانواده,کیدزلند,593974,867202,5,پارس اسباب‌بازی,39,24
1148,TOY-1148,عروسک پولیشی نارنجی خانواده,عروسک,فیگور,نارنجی,خانواده,کیدزلند,537448,978155,8,ماهان تویز,44,20
1149,TOY-1149,عروسک باربی قرمز بزرگ,عروسک,پولیشی,قرمز,بزرگ,دنیای اسباب‌بازی,573762,1130311,10,دنیای شادی,12,25
1150,TOY-1150,لگو ماشین سبز بزرگ,لگو و ساختنی,بلوک ساختمانی,سبز,بزرگ,پیکولو,276319,516716,7,آریا اسباب‌بازی,49,23
1151,TOY-1151,کاغذ رنگی زرد متوسط,مهمانی و بادکنک,بادکنک,زرد,متوسط,شادی,480062,705691,9,پویا تویز,49,8
1152,TOY-1152,ماشین سرعتی صورتی خانواده,ماشین و رادیویی,ماشین ساده,صورتی,خانواده,تویز,238255,343087,1,اسباب‌بازی ایران,6,3
1153,TOY-1153,کلاه جشن تولد قرمز کوچک,مهمانی و بادکنک,فشفشه,قرمز,کوچک,پاندورا,708714,1254423,5,پارس اسباب‌بازی,15,14
1154,TOY-1154,اسکوتر زرد بزرگ,بازی در فضای باز,استخر بادی,زرد,بزرگ,تویز,130167,195250,3,بازی و شادی,12,24
1155,TOY-1155,لگو پلیس صورتی کوچک,لگو و ساختنی,پازل سه‌بعدی,صورتی,کوچک,فانتزی,440841,828781,9,پویا تویز,43,28
1156,TOY-1156,دوچرخه کودک چندرنگ بزرگ,بازی در فضای باز,استخر بادی,چندرنگ,بزرگ,شادی,448296,721756,5,پارس اسباب‌بازی,35,22
1157,TOY-1157,کلاه جشن تولد مشکی بزرگ,مهمانی و بادکنک,فشفشه,مشکی,بزرگ,پلی‌تویز,56432,96498,8,ماهان تویز,26,10
1158,TOY-1158,فیگور بتمن قرمز خانواده,اکشن فیگور,شخصیت کارتونی,قرمز,خانواده,تویز,989748,1722161,1,اسباب‌بازی ایران,46,24
1159,TOY-1159,ماشین سرعتی بنفش خانواده,ماشین و رادیویی,قایق,بنفش,خانواده,دنیای اسباب‌بازی,900811,1666500,2,تویز لند,26,8
1160,TOY-1160,پازل سه‌بعدی برج آبی بزرگ,لگو و ساختنی,لگو,آبی,بزرگ,زرافه,899007,1690133,10,دنیای شادی,21,19
1161,TOY-1161,فیگور بتمن قرمز کوچک,اکشن فیگور,ربات,قرمز,کوچک,پاندورا,570591,850180,6,نوین تویز,42,19
1162,TOY-1162,پازل ۱۰۰ تکه زرد کوچک,فکری و آموزشی,کتاب داستان,زرد,کوچک,آسمان,377584,736288,6,نوین تویز,39,16
1163,TOY-1163,پازل نقشه ایران سفید متوسط,فکری و آموزشی,پازل,سفید,متوسط,پلی‌تویز,207192,306644,8,ماهان تویز,19,24
1164,TOY-1164,سرباز اسباب‌بازی بنفش متوسط,اکشن فیگور,شخصیت کارتونی,بنفش,متوسط,تویز,769027,1438080,4,کیان تویز,35,23
1165,TOY-1165,موبایل موزیکال چندرنگ خانواده,نوزاد و خردسال,جغجغه,چندرنگ,خانواده,فانتزی,228119,321647,9,پویا تویز,9,24
1166,TOY-1166,پازل ۱۰۰ تکه چندرنگ متوسط,فکری و آموزشی,بازی فکری,چندرنگ,متوسط,کیدزلند,104271,172047,3,بازی و شادی,38,28
1167,TOY-1167,توپ بسکتبال سفید متوسط,بازی در فضای باز,دوچرخه,سفید,متوسط,تویز,938995,1493002,9,پویا تویز,10,8
1168,TOY-1168,توپ فوتبال صورتی کوچک,بازی در فضای باز,استخر بادی,صورتی,کوچک,شادی,664535,1176226,7,آریا اسباب‌بازی,8,19
1169,TOY-1169,جغجغه نارنجی خانواده,نوزاد و خردسال,موزیکال,نارنجی,خانواده,پاندورا,930258,1776792,6,نوین تویز,11,14
1170,TOY-1170,عروسک خرسی سفید خانواده,عروسک,پلاستیکی,سفید,خانواده,دنیای اسباب‌بازی,142867,252874,8,ماهان تویز,47,17
1171,TOY-1171,ربات جنگجو زرد بزرگ,اکشن فیگور,شخصیت کارتونی,زرد,بزرگ,کیدزلند,671924,974289,10,دنیای شادی,23,22
1172,TOY-1172,عروسک پولیشی آبی متوسط,عروسک,پلاستیکی,آبی,متوسط,پلی‌تویز,564143,925194,3,بازی و شادی,48,10
1173,TOY-1173,فیگور مرد عنکبوتی آبی کوچک,اکشن فیگور,سرباز,آبی,کوچک,پاندورا,340062,564502,7,آریا اسباب‌بازی,11,13
1174,TOY-1174,عروسک سخنگو زرد کوچک,عروسک,فیگور,زرد,کوچک,پاندورا,963393,1608866,4,کیان تویز,40,15
1175,TOY-1175,سرباز اسباب‌بازی نارنجی متوسط,اکشن فیگور,شخصیت کارتونی,نارنجی,متوسط,کیدزلند,545711,938622,10,دنیای شادی,41,18
1176,TOY-1176,ظروف مهمانی چندرنگ کوچک,مهمانی و بادکنک,بادکنک,چندرنگ,کوچک,کیدزلند,240447,377501,1,اسباب‌بازی ایران,44,29
1177,TOY-1177,عروسک سخنگو آبی متوسط,عروسک,پولیشی,آبی,متوسط,تویز,58280,113063,8,ماهان تویز,8,15
1178,TOY-1178,عروسک بامزی صورتی کوچک,عروسک,فیگور,صورتی,کوچک,کیدزلند,243486,416361,1,اسباب‌بازی ایران,6,5
1179,TOY-1179,عروسک پولیشی صورتی کوچک,عروسک,فیگور,صورتی,کوچک,پیکولو,254439,432546,7,آریا اسباب‌بازی,47,11
1180,TOY-1180,کتاب قصه‌های کهن صورتی خانواده,فکری و آموزشی,پازل,صورتی,خانواده,زرافه,333658,633950,10,دنیای شادی,11,26
1181,TOY-1181,لگو پلیس بنفش بزرگ,لگو و ساختنی,پازل سه‌بعدی,بنفش,بزرگ,پیکولو,480674,783498,4,کیان تویز,20,5
1182,TOY-1182,لگو پلیس چندرنگ کوچک,لگو و ساختنی,لگو,چندرنگ,کوچک,پیکولو,118632,188624,4,کیان تویز,9,23
1183,TOY-1183,هواپیمای کنترلی صورتی خانواده,ماشین و رادیویی,هواپیما,صورتی,خانواده,پیکولو,445604,819911,8,ماهان تویز,47,15
1184,TOY-1184,ماشین فلزی قرمز کوچک,ماشین و رادیویی,ماشین ساده,قرمز,کوچک,فانتزی,668313,935638,5,پارس اسباب‌بازی,48,6
1185,TOY-1185,موبایل موزیکال چندرنگ متوسط,نوزاد و خردسال,موزیکال,چندرنگ,متوسط,فانتزی,775084,1317642,8,ماهان تویز,46,20
1186,TOY-1186,اسکوتر مشکی کوچک,بازی در فضای باز,اسکوتر,مشکی,کوچک,دنیای اسباب‌بازی,272017,470589,10,دنیای شادی,13,7
1187,TOY-1187,ماشین فلزی نارنجی کوچک,ماشین و رادیویی,ماشین کنترلی,نارنجی,کوچک,زرافه,904535,1383938,6,نوین تویز,7,12
1188,TOY-1188,بازی فکری شطرنج آبی بزرگ,فکری و آموزشی,بازی فکری,آبی,بزرگ,پلی‌تویز,36187,72012,8,ماهان تویز,8,6
1189,TOY-1189,کاغذ رنگی چندرنگ بزرگ,مهمانی و بادکنک,فشفشه,چندرنگ,بزرگ,پیکولو,256880,393026,5,پارس اسباب‌بازی,36,24
1190,TOY-1190,عروسک پارچه‌ای آبی خانواده,نوزاد و خردسال,موزیکال,آبی,خانواده,تویز,825814,1370851,8,ماهان تویز,5,22
1191,TOY-1191,بازی فکری شطرنج زرد خانواده,فکری و آموزشی,پازل,زرد,خانواده,پیکولو,400784,709387,4,کیان تویز,17,29
1192,TOY-1192,چرتکه آموزشی صورتی متوسط,فکری و آموزشی,کتاب داستان,صورتی,متوسط,زرافه,786783,1573566,3,بازی و شادی,16,25
1193,TOY-1193,عروسک خرسی آبی بزرگ,عروسک,فیگور,آبی,بزرگ,تویز,475861,789929,9,پویا تویز,45,11
1194,TOY-1194,بلوک‌های خانه بنفش متوسط,لگو و ساختنی,بلوک ساختمانی,بنفش,متوسط,پیکولو,205747,364172,6,نوین تویز,9,17
1195,TOY-1195,عروسک باربی زرد بزرگ,عروسک,پارچه‌ای,زرد,بزرگ,فانتزی,511988,998376,4,کیان تویز,29,4
1196,TOY-1196,اسکوتر نارنجی متوسط,بازی در فضای باز,دوچرخه,نارنجی,متوسط,فانتزی,195808,323083,4,کیان تویز,29,12
1197,TOY-1197,عروسک سخنگو آبی کوچک,عروسک,پلاستیکی,آبی,کوچک,فانتزی,901025,1306486,7,آریا اسباب‌بازی,34,25
1198,TOY-1198,لگو آتش‌نشانی سفید خانواده,لگو و ساختنی,پازل سه‌بعدی,سفید,خانواده,پلی‌تویز,810814,1159464,6,نوین تویز,39,22
1199,TOY-1199,فیگور شرک چندرنگ خانواده,اکشن فیگور,ابرقهرمان,چندرنگ,خانواده,کیدزلند,355554,515553,2,تویز لند,15,13
1200,TOY-1200,ماشین فلزی زرد خانواده,ماشین و رادیویی,ماشین ساده,زرد,خانواده,شادی,835246,1645434,6,نوین تویز,11,25
1201,TOY-1201,جغجغه چندرنگ متوسط,نوزاد و خردسال,عروسک پارچه‌ای,چندرنگ,متوسط,دنیای اسباب‌بازی,286580,449930,5,پارس اسباب‌بازی,6,14
1202,TOY-1202,ماشین فلزی قرمز بزرگ,ماشین و رادیویی,هواپیما,قرمز,بزرگ,فانتزی,64852,127109,9,پویا تویز,15,18
1203,TOY-1203,بادکنک رنگی بنفش کوچک,مهمانی و بادکنک,کلاه تولد,بنفش,کوچک,فانتزی,586731,962238,9,پویا تویز,30,18
1204,TOY-1204,پازل چوبی نارنجی خانواده,نوزاد و خردسال,موزیکال,نارنجی,خانواده,فانتزی,40963,76600,6,نوین تویز,46,14
1205,TOY-1205,ربات جنگجو بنفش بزرگ,اکشن فیگور,ربات,بنفش,بزرگ,پیکولو,383189,666748,7,آریا اسباب‌بازی,6,28
1206,TOY-1206,عروسک باربی زرد خانواده,عروسک,پلاستیکی,زرد,خانواده,پلی‌تویز,296982,543477,7,آریا اسباب‌بازی,12,9
1207,TOY-1207,کتاب قصه‌های کهن صورتی متوسط,فکری و آموزشی,وسایل آموزشی,صورتی,متوسط,شادی,158006,270190,5,پارس اسباب‌بازی,44,14
1208,TOY-1208,لگو پلیس سفید خانواده,لگو و ساختنی,بلوک ساختمانی,سفید,خانواده,دنیای اسباب‌بازی,428180,642270,6,نوین تویز,21,26
1209,TOY-1209,کتاب قصه‌های کهن نارنجی بزرگ,فکری و آموزشی,پازل,نارنجی,بزرگ,زرافه,281606,408328,8,ماهان تویز,30,18
1210,TOY-1210,ظروف مهمانی مشکی خانواده,مهمانی و بادکنک,ظروف یکبارمصرف,مشکی,خانواده,شادی,217451,310954,5,پارس اسباب‌بازی,16,7
1211,TOY-1211,عروسک پارچه‌ای بنفش متوسط,نوزاد و خردسال,جغجغه,بنفش,متوسط,آسمان,111019,169859,2,تویز لند,14,9
1212,TOY-1212,سرباز اسباب‌بازی نارنجی کوچک,اکشن فیگور,شخصیت کارتونی,نارنجی,کوچک,آسمان,79755,135583,4,کیان تویز,41,5
1213,TOY-1213,لگو پلیس مشکی کوچک,لگو و ساختنی,لگو,مشکی,کوچک,دنیای اسباب‌بازی,499859,909743,4,کیان تویز,23,15
1214,TOY-1214,سرباز اسباب‌بازی سفید بزرگ,اکشن فیگور,ابرقهرمان,سفید,بزرگ,آسمان,584836,1099491,4,کیان تویز,31,25
1215,TOY-1215,ماشین کنترلی شارژی سفید بزرگ,ماشین و رادیویی,هواپیما,سفید,بزرگ,شادی,179282,267130,7,آریا اسباب‌بازی,10,6
1216,TOY-1216,پازل چوبی نارنجی متوسط,نوزاد و خردسال,جغجغه,نارنجی,متوسط,زرافه,425484,629716,4,کیان تویز,22,7
1217,TOY-1217,کتاب قصه‌های کهن زرد خانواده,فکری و آموزشی,بازی فکری,زرد,خانواده,پاندورا,832535,1456936,6,نوین تویز,23,25
1218,TOY-1218,لگو آتش‌نشانی صورتی خانواده,لگو و ساختنی,پازل سه‌بعدی,صورتی,خانواده,پلی‌تویز,808765,1253585,8,ماهان تویز,33,6
1219,TOY-1219,فشفشه سبز متوسط,مهمانی و بادکنک,بادکنک,سبز,متوسط,آسمان,889503,1725635,1,اسباب‌بازی ایران,40,11
1220,TOY-1220,فشفشه زرد خانواده,مهمانی و بادکنک,فشفشه,زرد,خانواده,زرافه,253093,417603,7,آریا اسباب‌بازی,10,22
1221,TOY-1221,توپ بسکتبال قرمز کوچک,بازی در فضای باز,اسکوتر,قرمز,کوچک,فانتزی,682212,1296202,3,بازی و شادی,13,6
1222,TOY-1222,ربات جنگجو زرد خانواده,اکشن فیگور,ربات,زرد,خانواده,کیدزلند,132423,189364,9,پویا تویز,27,13
1223,TOY-1223,پازل چوبی آبی بزرگ,نوزاد و خردسال,عروسک پارچه‌ای,آبی,بزرگ,پیکولو,379660,683388,8,ماهان تویز,33,14
1224,TOY-1224,دوچرخه کودک آبی متوسط,بازی در فضای باز,توپ,آبی,متوسط,تویز,108792,217584,10,دنیای شادی,46,9
1225,TOY-1225,کلاه جشن تولد زرد کوچک,مهمانی و بادکنک,بادکنک,زرد,کوچک,زرافه,143761,215641,5,پارس اسباب‌بازی,35,5
1226,TOY-1226,چرتکه آموزشی نارنجی کوچک,فکری و آموزشی,بازی فکری,نارنجی,کوچک,پاندورا,590472,1133706,1,اسباب‌بازی ایران,23,23
1227,TOY-1227,فیگور بتمن مشکی خانواده,اکشن فیگور,شخصیت کارتونی,مشکی,خانواده,زرافه,774965,1286441,3,بازی و شادی,14,4
1228,TOY-1228,لگو ماشین صورتی خانواده,لگو و ساختنی,بلوک ساختمانی,صورتی,خانواده,کیدزلند,630208,1134374,7,آریا اسباب‌بازی,36,18
1229,TOY-1229,بازی فکری شطرنج سفید خانواده,فکری و آموزشی,بازی فکری,سفید,خانواده,پاندورا,655515,924276,3,بازی و شادی,35,13
1230,TOY-1230,توپ بسکتبال بنفش بزرگ,بازی در فضای باز,دوچرخه,بنفش,بزرگ,پلی‌تویز,300569,444842,1,اسباب‌بازی ایران,25,6
1231,TOY-1231,ماشین کنترلی شارژی صورتی متوسط,ماشین و رادیویی,قایق,صورتی,متوسط,دنیای اسباب‌بازی,615096,1051814,6,نوین تویز,16,19
1232,TOY-1232,ظروف مهمانی چندرنگ کوچک,مهمانی و بادکنک,ظروف یکبارمصرف,چندرنگ,کوچک,کیدزلند,893215,1786430,5,پارس اسباب‌بازی,5,17
1233,TOY-1233,فشفشه صورتی متوسط,مهمانی و بادکنک,فشفشه,صورتی,متوسط,زرافه,234008,435254,4,کیان تویز,6,12
1234,TOY-1234,قایق اسباب‌بازی صورتی متوسط,ماشین و رادیویی,قایق,صورتی,متوسط,پیکولو,869595,1269608,2,تویز لند,30,13
1235,TOY-1235,عروسک پارچه‌ای سبز بزرگ,نوزاد و خردسال,جغجغه,سبز,بزرگ,دنیای اسباب‌بازی,979777,1763598,5,پارس اسباب‌بازی,49,5
1236,TOY-1236,پازل سه‌بعدی برج صورتی کوچک,لگو و ساختنی,بلوک ساختمانی,صورتی,کوچک,شادی,344599,623724,2,تویز لند,6,19
1237,TOY-1237,پازل سه‌بعدی برج بنفش متوسط,لگو و ساختنی,پازل سه‌بعدی,بنفش,متوسط,آسمان,692056,1211098,4,کیان تویز,34,22
1238,TOY-1238,عروسک خرسی آبی خانواده,عروسک,پولیشی,آبی,خانواده,زرافه,297645,553619,6,نوین تویز,14,12
1239,TOY-1239,پازل چوبی قرمز کوچک,نوزاد و خردسال,عروسک پارچه‌ای,قرمز,کوچک,آسمان,256332,456270,2,تویز لند,45,24
1240,TOY-1240,قایق اسباب‌بازی بنفش خانواده,ماشین و رادیویی,هواپیما,بنفش,خانواده,کیدزلند,242152,348698,2,تویز لند,20,15
1241,TOY-1241,بازی فکری شطرنج بنفش بزرگ,فکری و آموزشی,کتاب داستان,بنفش,بزرگ,فانتزی,617817,1180030,3,بازی و شادی,47,29
1242,TOY-1242,عروسک باربی سفید کوچک,عروسک,پارچه‌ای,سفید,کوچک,دنیای اسباب‌بازی,742126,1187401,7,آریا اسباب‌بازی,30,27
1243,TOY-1243,ماشین کنترلی شارژی سفید متوسط,ماشین و رادیویی,ماشین کنترلی,سفید,متوسط,پاندورا,930993,1489588,6,نوین تویز,16,28
1244,TOY-1244,ماشین کنترلی شارژی نارنجی متوسط,ماشین و رادیویی,ماشین ساده,نارنجی,متوسط,پاندورا,43271,62742,1,اسباب‌بازی ایران,38,18
1245,TOY-1245,بلوک‌های خانه بنفش کوچک,لگو و ساختنی,ماکت,بنفش,کوچک,پیکولو,57016,101488,1,اسباب‌بازی ایران,5,21
1246,TOY-1246,عروسک باربی زرد بزرگ,عروسک,پولیشی,زرد,بزرگ,پلی‌تویز,561700,842550,4,کیان تویز,31,4
1247,TOY-1247,پازل سه‌بعدی برج قرمز کوچک,لگو و ساختنی,لگو,قرمز,کوچک,شادی,673909,1334339,4,کیان تویز,33,17
1248,TOY-1248,لگو پلیس سبز متوسط,لگو و ساختنی,بلوک ساختمانی,سبز,متوسط,تویز,893672,1563926,7,آریا اسباب‌بازی,43,26
1249,TOY-1249,بلوک‌های خانه نارنجی متوسط,لگو و ساختنی,پازل سه‌بعدی,نارنجی,متوسط,پیکولو,381870,660635,4,کیان تویز,41,20
1250,TOY-1250,جغجغه زرد متوسط,نوزاد و خردسال,پازل چوبی,زرد,متوسط,کیدزلند,153661,288882,6,نوین تویز,16,24
1251,TOY-1251,فیگور مرد عنکبوتی صورتی بزرگ,اکشن فیگور,ابرقهرمان,صورتی,بزرگ,تویز,168983,309238,7,آریا اسباب‌بازی,40,24
1252,TOY-1252,بازی فکری شطرنج آبی بزرگ,فکری و آموزشی,کتاب داستان,آبی,بزرگ,پیکولو,539706,982264,6,نوین تویز,40,26
1253,TOY-1253,عروسک باربی صورتی بزرگ,عروسک,پارچه‌ای,صورتی,بزرگ,پیکولو,798425,1445149,8,ماهان تویز,40,22
1254,TOY-1254,بلوک‌های خانه آبی بزرگ,لگو و ساختنی,بلوک ساختمانی,آبی,بزرگ,زرافه,947546,1497122,3,بازی و شادی,36,15
1255,TOY-1255,سرباز اسباب‌بازی بنفش کوچک,اکشن فیگور,ابرقهرمان,بنفش,کوچک,شادی,293795,449506,1,اسباب‌بازی ایران,8,23
1256,TOY-1256,کاغذ رنگی زرد کوچک,مهمانی و بادکنک,ظروف یکبارمصرف,زرد,کوچک,پلی‌تویز,644700,1134672,1,اسباب‌بازی ایران,35,16
1257,TOY-1257,لگو آتش‌نشانی صورتی متوسط,لگو و ساختنی,پازل سه‌بعدی,صورتی,متوسط,پیکولو,736914,1171693,2,تویز لند,49,25
1258,TOY-1258,عروسک سخنگو بنفش بزرگ,عروسک,پلاستیکی,بنفش,بزرگ,پلی‌تویز,569881,917508,3,بازی و شادی,36,17
1259,TOY-1259,جغجغه زرد خانواده,نوزاد و خردسال,عروسک پارچه‌ای,زرد,خانواده,شادی,121586,231013,3,بازی و شادی,48,4
1260,TOY-1260,توپ فوتبال نارنجی خانواده,بازی در فضای باز,اسکوتر,نارنجی,خانواده,آسمان,338714,657105,1,اسباب‌بازی ایران,27,10
1261,TOY-1261,چرتکه آموزشی زرد متوسط,فکری و آموزشی,وسایل آموزشی,زرد,متوسط,دنیای اسباب‌بازی,309604,489174,1,اسباب‌بازی ایران,47,3
1262,TOY-1262,پازل نقشه ایران صورتی بزرگ,فکری و آموزشی,بازی فکری,صورتی,بزرگ,فانتزی,43225,68727,8,ماهان تویز,32,21
1263,TOY-1263,عروسک پولیشی آبی متوسط,عروسک,پارچه‌ای,آبی,متوسط,تویز,173770,253704,3,بازی و شادی,36,10
1264,TOY-1264,پازل ۱۰۰ تکه سبز متوسط,فکری و آموزشی,بازی فکری,سبز,متوسط,پلی‌تویز,897572,1696411,9,پویا تویز,9,11
1265,TOY-1265,پازل سه‌بعدی برج سفید متوسط,لگو و ساختنی,ماکت,سفید,متوسط,پلی‌تویز,566518,1070719,4,کیان تویز,35,24
1266,TOY-1266,دندانگیر زرد بزرگ,نوزاد و خردسال,عروسک پارچه‌ای,زرد,بزرگ,آسمان,676279,1345795,10,دنیای شادی,31,27
1267,TOY-1267,فشفشه بنفش کوچک,مهمانی و بادکنک,کلاه تولد,بنفش,کوچک,شادی,408202,689861,7,آریا اسباب‌بازی,48,25
1268,TOY-1268,پازل چوبی بنفش خانواده,نوزاد و خردسال,عروسک پارچه‌ای,بنفش,خانواده,دنیای اسباب‌بازی,108607,206353,10,دنیای شادی,28,13
1269,TOY-1269,پازل چوبی قرمز خانواده,نوزاد و خردسال,عروسک پارچه‌ای,قرمز,خانواده,زرافه,545915,1048156,2,تویز لند,39,22
1270,TOY-1270,توپ بسکتبال سبز بزرگ,بازی در فضای باز,دوچرخه,سبز,بزرگ,زرافه,595233,1124990,8,ماهان تویز,5,19
1271,TOY-1271,اسکوتر صورتی خانواده,بازی در فضای باز,استخر بادی,صورتی,خانواده,کیدزلند,504364,968378,6,نوین تویز,12,18
1272,TOY-1272,ماشین فلزی سبز متوسط,ماشین و رادیویی,قایق,سبز,متوسط,تویز,159213,283399,1,اسباب‌بازی ایران,39,7
1273,TOY-1273,ربات جنگجو صورتی خانواده,اکشن فیگور,ربات,صورتی,خانواده,شادی,591137,1075869,7,آریا اسباب‌بازی,49,22
1274,TOY-1274,کاغذ رنگی آبی خانواده,مهمانی و بادکنک,فشفشه,آبی,خانواده,تویز,760867,1460864,2,تویز لند,23,8
1275,TOY-1275,عروسک پارچه‌ای صورتی بزرگ,نوزاد و خردسال,عروسک پارچه‌ای,صورتی,بزرگ,شادی,119725,223885,9,پویا تویز,17,27
1276,TOY-1276,بادکنک رنگی صورتی خانواده,مهمانی و بادکنک,فشفشه,صورتی,خانواده,پلی‌تویز,306005,511028,4,کیان تویز,49,24
1277,TOY-1277,فشفشه قرمز متوسط,مهمانی و بادکنک,بادکنک,قرمز,متوسط,آسمان,255565,393570,10,دنیای شادی,12,12
1278,TOY-1278,فشفشه زرد متوسط,مهمانی و بادکنک,کلاه تولد,زرد,متوسط,تویز,537856,844433,2,تویز لند,27,13
1279,TOY-1279,پازل سه‌بعدی برج چندرنگ کوچک,لگو و ساختنی,ماکت,چندرنگ,کوچک,دنیای اسباب‌بازی,299509,557086,4,کیان تویز,23,18
1280,TOY-1280,پازل چوبی سفید بزرگ,نوزاد و خردسال,عروسک پارچه‌ای,سفید,بزرگ,دنیای اسباب‌بازی,132318,231556,9,پویا تویز,35,25
1281,TOY-1281,پازل چوبی آبی کوچک,نوزاد و خردسال,موزیکال,آبی,کوچک,پیکولو,256728,456975,6,نوین تویز,31,13
1282,TOY-1282,ماشین فلزی صورتی بزرگ,ماشین و رادیویی,هواپیما,صورتی,بزرگ,تویز,70331,119562,3,بازی و شادی,10,16
1283,TOY-1283,بادکنک رنگی آبی خانواده,مهمانی و بادکنک,بادکنک,آبی,خانواده,دنیای اسباب‌بازی,610637,1093040,7,آریا اسباب‌بازی,32,3
1284,TOY-1284,دوچرخه کودک سبز بزرگ,بازی در فضای باز,استخر بادی,سبز,بزرگ,فانتزی,977720,1691455,3,بازی و شادی,11,13
1285,TOY-1285,بازی فکری شطرنج نارنجی کوچک,فکری و آموزشی,کتاب داستان,نارنجی,کوچک,پاندورا,910503,1821006,10,دنیای شادی,16,28
1286,TOY-1286,بازی فکری شطرنج قرمز متوسط,فکری و آموزشی,بازی فکری,قرمز,متوسط,پلی‌تویز,777333,1243732,5,پارس اسباب‌بازی,41,16
1287,TOY-1287,دندانگیر آبی متوسط,نوزاد و خردسال,پازل چوبی,آبی,متوسط,کیدزلند,740416,1443811,5,پارس اسباب‌بازی,17,27
1288,TOY-1288,لگو پلیس سفید کوچک,لگو و ساختنی,ماکت,سفید,کوچک,شادی,838208,1324368,1,اسباب‌بازی ایران,8,13
1289,TOY-1289,کتاب قصه‌های کهن آبی کوچک,فکری و آموزشی,کتاب داستان,آبی,کوچک,تویز,932723,1688228,5,پارس اسباب‌بازی,15,24
1290,TOY-1290,عروسک خرسی زرد کوچک,عروسک,پارچه‌ای,زرد,کوچک,زرافه,563957,1054599,10,دنیای شادی,32,13
1291,TOY-1291,استخر بادی مشکی خانواده,بازی در فضای باز,استخر بادی,مشکی,خانواده,شادی,970242,1581494,6,نوین تویز,33,21
1292,TOY-1292,فیگور بتمن مشکی خانواده,اکشن فیگور,سرباز,مشکی,خانواده,زرافه,104421,156631,10,دنیای شادی,39,19
1293,TOY-1293,عروسک سخنگو آبی کوچک,عروسک,فیگور,آبی,کوچک,پاندورا,133147,195726,7,آریا اسباب‌بازی,33,15
1294,TOY-1294,ماشین سرعتی آبی بزرگ,ماشین و رادیویی,ماشین کنترلی,آبی,بزرگ,پلی‌تویز,141691,273463,6,نوین تویز,42,12
1295,TOY-1295,کاغذ رنگی صورتی متوسط,مهمانی و بادکنک,ظروف یکبارمصرف,صورتی,متوسط,تویز,625560,1107241,6,نوین تویز,42,25
1296,TOY-1296,عروسک خرسی مشکی خانواده,عروسک,فیگور,مشکی,خانواده,پلی‌تویز,432511,795820,10,دنیای شادی,21,20
1297,TOY-1297,کاغذ رنگی آبی بزرگ,مهمانی و بادکنک,ظروف یکبارمصرف,آبی,بزرگ,زرافه,221710,334782,8,ماهان تویز,11,18
1298,TOY-1298,بلوک‌های خانه چندرنگ متوسط,لگو و ساختنی,ماکت,چندرنگ,متوسط,فانتزی,594284,974625,9,پویا تویز,37,3
1299,TOY-1299,عروسک پولیشی آبی بزرگ,عروسک,پلاستیکی,آبی,بزرگ,دنیای اسباب‌بازی,187661,339666,8,ماهان تویز,8,19
1300,TOY-1300,ماشین کنترلی شارژی بنفش متوسط,ماشین و رادیویی,قایق,بنفش,متوسط,پلی‌تویز,631369,1149091,4,کیان تویز,8,3
1301,TOY-1301,ماشین کنترلی شارژی صورتی کوچک,ماشین و رادیویی,ماشین کنترلی,صورتی,کوچک,فانتزی,70705,114542,6,نوین تویز,39,10
1302,TOY-1302,عروسک پارچه‌ای سفید خانواده,نوزاد و خردسال,موزیکال,سفید,خانواده,کیدزلند,365116,686418,3,بازی و شادی,47,29
1303,TOY-1303,فشفشه زرد کوچک,مهمانی و بادکنک,بادکنک,زرد,کوچک,شادی,604987,901430,7,آریا اسباب‌بازی,32,18
1304,TOY-1304,عروسک پارچه‌ای زرد بزرگ,نوزاد و خردسال,پازل چوبی,زرد,بزرگ,کیدزلند,571601,1097473,5,پارس اسباب‌بازی,35,6
1305,TOY-1305,لگو پلیس مشکی متوسط,لگو و ساختنی,لگو,مشکی,متوسط,کیدزلند,625968,1070405,10,دنیای شادی,30,18
1306,TOY-1306,سرباز اسباب‌بازی صورتی کوچک,اکشن فیگور,ابرقهرمان,صورتی,کوچک,آسمان,599025,1138147,1,اسباب‌بازی ایران,34,24
1307,TOY-1307,کتاب قصه‌های کهن مشکی بزرگ,فکری و آموزشی,کتاب داستان,مشکی,بزرگ,فانتزی,492533,876708,9,پویا تویز,34,6
1308,TOY-1308,کتاب قصه‌های کهن قرمز خانواده,فکری و آموزشی,پازل,قرمز,خانواده,شادی,789965,1240245,3,بازی و شادی,11,3
1309,TOY-1309,استخر بادی بنفش متوسط,بازی در فضای باز,دوچرخه,بنفش,متوسط,پیکولو,343406,683377,5,پارس اسباب‌بازی,30,15
1310,TOY-1310,ماشین سرعتی مشکی بزرگ,ماشین و رادیویی,ماشین کنترلی,مشکی,بزرگ,دنیای اسباب‌بازی,412311,725667,2,تویز لند,28,24
1311,TOY-1311,دوچرخه کودک بنفش بزرگ,بازی در فضای باز,استخر بادی,بنفش,بزرگ,زرافه,485433,800964,1,اسباب‌بازی ایران,41,27
1312,TOY-1312,فیگور بتمن زرد کوچک,اکشن فیگور,ابرقهرمان,زرد,کوچک,فانتزی,898213,1338337,8,ماهان تویز,16,24
1313,TOY-1313,عروسک پارچه‌ای قرمز خانواده,نوزاد و خردسال,موزیکال,قرمز,خانواده,شادی,629393,1013322,7,آریا اسباب‌بازی,25,14
1314,TOY-1314,ظروف مهمانی صورتی کوچک,مهمانی و بادکنک,فشفشه,صورتی,کوچک,دنیای اسباب‌بازی,819955,1287329,5,پارس اسباب‌بازی,19,4
1315,TOY-1315,توپ بسکتبال صورتی کوچک,بازی در فضای باز,دوچرخه,صورتی,کوچک,فانتزی,654637,1067058,6,نوین تویز,22,5
1316,TOY-1316,عروسک پولیشی سبز متوسط,عروسک,فیگور,سبز,متوسط,پاندورا,213605,358856,8,ماهان تویز,42,7
1317,TOY-1317,دوچرخه کودک زرد متوسط,بازی در فضای باز,دوچرخه,زرد,متوسط,تویز,908372,1725906,6,نوین تویز,35,28
1318,TOY-1318,پازل سه‌بعدی برج صورتی متوسط,لگو و ساختنی,بلوک ساختمانی,صورتی,متوسط,تویز,457916,696032,2,تویز لند,8,19
1319,TOY-1319,فیگور بتمن قرمز کوچک,اکشن فیگور,ربات,قرمز,کوچک,دنیای اسباب‌بازی,518440,746553,6,نوین تویز,6,14
1320,TOY-1320,پازل چوبی زرد کوچک,نوزاد و خردسال,عروسک پارچه‌ای,زرد,کوچک,کیدزلند,937316,1574690,4,کیان تویز,25,25
1321,TOY-1321,موبایل موزیکال چندرنگ متوسط,نوزاد و خردسال,پازل چوبی,چندرنگ,متوسط,زرافه,269977,518355,2,تویز لند,43,21
1322,TOY-1322,فشفشه بنفش بزرگ,مهمانی و بادکنک,ظروف یکبارمصرف,بنفش,بزرگ,تویز,636881,1108172,2,تویز لند,49,24
1323,TOY-1323,لگو پلیس بنفش متوسط,لگو و ساختنی,لگو,بنفش,متوسط,تویز,87799,154526,10,دنیای شادی,46,23
1324,TOY-1324,بادکنک رنگی چندرنگ متوسط,مهمانی و بادکنک,فشفشه,چندرنگ,متوسط,زرافه,537699,828056,8,ماهان تویز,43,28
1325,TOY-1325,دندانگیر سبز کوچک,نوزاد و خردسال,موزیکال,سبز,کوچک,شادی,107702,179862,2,تویز لند,7,21
1326,TOY-1326,ماشین کنترلی شارژی صورتی خانواده,ماشین و رادیویی,قایق,صورتی,خانواده,کیدزلند,750024,1162537,9,پویا تویز,39,8
1327,TOY-1327,لگو پلیس سبز متوسط,لگو و ساختنی,بلوک ساختمانی,سبز,متوسط,تویز,403549,770778,9,پویا تویز,33,21
1328,TOY-1328,بادکنک رنگی قرمز متوسط,مهمانی و بادکنک,فشفشه,قرمز,متوسط,پیکولو,887057,1383808,4,کیان تویز,24,17
1329,TOY-1329,ماشین سرعتی سفید کوچک,ماشین و رادیویی,ماشین کنترلی,سفید,کوچک,کیدزلند,520525,749556,2,تویز لند,49,10
1330,TOY-1330,توپ بسکتبال سبز خانواده,بازی در فضای باز,اسکوتر,سبز,خانواده,تویز,586649,1020769,4,کیان تویز,13,16
1331,TOY-1331,توپ بسکتبال سفید خانواده,بازی در فضای باز,توپ,سفید,خانواده,فانتزی,960997,1374225,10,دنیای شادی,19,9
1332,TOY-1332,کاغذ رنگی مشکی متوسط,مهمانی و بادکنک,فشفشه,مشکی,متوسط,کیدزلند,72743,109841,1,اسباب‌بازی ایران,28,19
1333,TOY-1333,بازی فکری شطرنج سبز بزرگ,فکری و آموزشی,پازل,سبز,بزرگ,پلی‌تویز,656205,938373,3,بازی و شادی,47,18
1334,TOY-1334,چرتکه آموزشی سبز خانواده,فکری و آموزشی,وسایل آموزشی,سبز,خانواده,کیدزلند,846900,1338102,9,پویا تویز,29,20
1335,TOY-1335,استخر بادی سبز خانواده,بازی در فضای باز,اسکوتر,سبز,خانواده,پاندورا,194790,288289,2,تویز لند,30,16
1336,TOY-1336,دوچرخه کودک نارنجی متوسط,بازی در فضای باز,استخر بادی,نارنجی,متوسط,کیدزلند,533004,826156,5,پارس اسباب‌بازی,27,13
1337,TOY-1337,پازل نقشه ایران نارنجی متوسط,فکری و آموزشی,وسایل آموزشی,نارنجی,متوسط,زرافه,700004,1288007,3,بازی و شادی,29,20
1338,TOY-1338,ربات جنگجو قرمز متوسط,اکشن فیگور,ربات,قرمز,متوسط,کیدزلند,930210,1348804,5,پارس اسباب‌بازی,32,20
1339,TOY-1339,لگو ماشین صورتی کوچک,لگو و ساختنی,لگو,صورتی,کوچک,شادی,682218,1023327,2,تویز لند,32,21
1340,TOY-1340,سرباز اسباب‌بازی سبز متوسط,اکشن فیگور,سرباز,سبز,متوسط,آسمان,351212,653254,1,اسباب‌بازی ایران,13,10
1341,TOY-1341,لگو آتش‌نشانی صورتی کوچک,لگو و ساختنی,ماکت,صورتی,کوچک,کیدزلند,663383,1160920,3,بازی و شادی,8,16
1342,TOY-1342,توپ فوتبال نارنجی بزرگ,بازی در فضای باز,استخر بادی,نارنجی,بزرگ,پیکولو,988883,1404213,5,پارس اسباب‌بازی,30,10
1343,TOY-1343,توپ فوتبال سبز بزرگ,بازی در فضای باز,توپ,سبز,بزرگ,زرافه,563368,1115468,3,بازی و شادی,43,15
1344,TOY-1344,ربات جنگجو چندرنگ متوسط,اکشن فیگور,ربات,چندرنگ,متوسط,آسمان,259816,379331,1,اسباب‌بازی ایران,22,17
1345,TOY-1345,ماشین فلزی صورتی بزرگ,ماشین و رادیویی,ماشین ساده,صورتی,بزرگ,تویز,231549,405210,6,نوین تویز,49,20
1346,TOY-1346,کتاب قصه‌های کهن سبز خانواده,فکری و آموزشی,کتاب داستان,سبز,خانواده,شادی,352026,658288,8,ماهان تویز,17,20
1347,TOY-1347,استخر بادی نارنجی متوسط,بازی در فضای باز,اسکوتر,نارنجی,متوسط,آسمان,638913,1143654,2,تویز لند,23,5
1348,TOY-1348,اسکوتر آبی کوچک,بازی در فضای باز,استخر بادی,آبی,کوچک,کیدزلند,345175,624766,4,کیان تویز,18,24
1349,TOY-1349,لگو ماشین قرمز کوچک,لگو و ساختنی,بلوک ساختمانی,قرمز,کوچک,آسمان,738336,1247787,9,پویا تویز,5,21
1350,TOY-1350,ظروف مهمانی نارنجی متوسط,مهمانی و بادکنک,بادکنک,نارنجی,متوسط,پاندورا,747492,1323060,8,ماهان تویز,23,20
1351,TOY-1351,لگو پلیس چندرنگ متوسط,لگو و ساختنی,ماکت,چندرنگ,متوسط,تویز,816154,1273200,7,آریا اسباب‌بازی,37,21
1352,TOY-1352,فیگور شرک چندرنگ کوچک,اکشن فیگور,ابرقهرمان,چندرنگ,کوچک,پیکولو,536227,772166,8,ماهان تویز,41,28
1353,TOY-1353,ماشین فلزی آبی بزرگ,ماشین و رادیویی,ماشین ساده,آبی,بزرگ,فانتزی,893433,1599245,9,پویا تویز,44,18
1354,TOY-1354,ربات جنگجو بنفش خانواده,اکشن فیگور,شخصیت کارتونی,بنفش,خانواده,فانتزی,685488,1213313,6,نوین تویز,26,18
1355,TOY-1355,لگو آتش‌نشانی نارنجی کوچک,لگو و ساختنی,پازل سه‌بعدی,نارنجی,کوچک,آسمان,643818,1197501,5,پارس اسباب‌بازی,49,16
1356,TOY-1356,فشفشه زرد کوچک,مهمانی و بادکنک,فشفشه,زرد,کوچک,پیکولو,40746,74972,7,آریا اسباب‌بازی,26,23
1357,TOY-1357,پازل نقشه ایران قرمز خانواده,فکری و آموزشی,وسایل آموزشی,قرمز,خانواده,پیکولو,451030,667524,8,ماهان تویز,45,3
1358,TOY-1358,عروسک خرسی چندرنگ خانواده,عروسک,فیگور,چندرنگ,خانواده,شادی,373745,590517,5,پارس اسباب‌بازی,27,13
1359,TOY-1359,فیگور مرد عنکبوتی مشکی متوسط,اکشن فیگور,شخصیت کارتونی,مشکی,متوسط,زرافه,709703,1241980,6,نوین تویز,17,13
1360,TOY-1360,عروسک پولیشی بنفش متوسط,عروسک,پارچه‌ای,بنفش,متوسط,کیدزلند,369358,572504,9,پویا تویز,25,27
1361,TOY-1361,ماشین کنترلی شارژی بنفش کوچک,ماشین و رادیویی,قایق,بنفش,کوچک,فانتزی,222849,354329,5,پارس اسباب‌بازی,48,20
1362,TOY-1362,کتاب قصه‌های کهن مشکی بزرگ,فکری و آموزشی,کتاب داستان,مشکی,بزرگ,شادی,97078,184448,7,آریا اسباب‌بازی,46,9
1363,TOY-1363,ماشین کنترلی شارژی بنفش خانواده,ماشین و رادیویی,هواپیما,بنفش,خانواده,فانتزی,786806,1369042,3,بازی و شادی,10,29
1364,TOY-1364,فیگور مرد عنکبوتی مشکی متوسط,اکشن فیگور,ربات,مشکی,متوسط,کیدزلند,704104,1225140,4,کیان تویز,35,23
1365,TOY-1365,دوچرخه کودک صورتی خانواده,بازی در فضای باز,توپ,صورتی,خانواده,شادی,742974,1315063,1,اسباب‌بازی ایران,17,19
1366,TOY-1366,قایق اسباب‌بازی سفید کوچک,ماشین و رادیویی,ماشین ساده,سفید,کوچک,زرافه,159186,248330,8,ماهان تویز,32,19
1367,TOY-1367,فشفشه صورتی خانواده,مهمانی و بادکنک,کلاه تولد,صورتی,خانواده,فانتزی,703196,1061825,2,تویز لند,45,8
1368,TOY-1368,لگو آتش‌نشانی سبز بزرگ,لگو و ساختنی,لگو,سبز,بزرگ,دنیای اسباب‌بازی,910774,1411699,1,اسباب‌بازی ایران,10,15
1369,TOY-1369,چرتکه آموزشی صورتی کوچک,فکری و آموزشی,پازل,صورتی,کوچک,زرافه,339128,495126,8,ماهان تویز,7,25
1370,TOY-1370,استخر بادی آبی خانواده,بازی در فضای باز,اسکوتر,آبی,خانواده,پلی‌تویز,586635,844754,10,دنیای شادی,23,20
1371,TOY-1371,ماشین فلزی سفید کوچک,ماشین و رادیویی,ماشین ساده,سفید,کوچک,آسمان,722981,1171229,4,کیان تویز,28,15
1372,TOY-1372,پازل چوبی آبی متوسط,نوزاد و خردسال,عروسک پارچه‌ای,آبی,متوسط,پلی‌تویز,276004,494047,10,دنیای شادی,29,15
1373,TOY-1373,ماشین کنترلی شارژی سبز خانواده,ماشین و رادیویی,ماشین ساده,سبز,خانواده,تویز,509685,749236,5,پارس اسباب‌بازی,38,27
1374,TOY-1374,کتاب قصه‌های کهن قرمز متوسط,فکری و آموزشی,بازی فکری,قرمز,متوسط,کیدزلند,336595,599139,1,اسباب‌بازی ایران,27,21
1375,TOY-1375,دندانگیر سفید متوسط,نوزاد و خردسال,پازل چوبی,سفید,متوسط,پلی‌تویز,623297,984809,6,نوین تویز,13,3
1376,TOY-1376,جغجغه نارنجی خانواده,نوزاد و خردسال,پازل چوبی,نارنجی,خانواده,تویز,347598,521397,5,پارس اسباب‌بازی,20,14
1377,TOY-1377,بلوک‌های خانه سفید بزرگ,لگو و ساختنی,پازل سه‌بعدی,سفید,بزرگ,زرافه,796970,1299061,4,کیان تویز,29,15
1378,TOY-1378,فیگور بتمن قرمز کوچک,اکشن فیگور,شخصیت کارتونی,قرمز,کوچک,تویز,600351,996582,6,نوین تویز,36,11
1379,TOY-1379,کتاب قصه‌های کهن سفید کوچک,فکری و آموزشی,وسایل آموزشی,سفید,کوچک,زرافه,109127,158234,3,بازی و شادی,46,12
1380,TOY-1380,اسکوتر مشکی بزرگ,بازی در فضای باز,استخر بادی,مشکی,بزرگ,کیدزلند,532535,814778,2,تویز لند,28,22
1381,TOY-1381,عروسک سخنگو مشکی بزرگ,عروسک,پلاستیکی,مشکی,بزرگ,پیکولو,379564,668032,9,پویا تویز,8,10
1382,TOY-1382,سرباز اسباب‌بازی زرد خانواده,اکشن فیگور,ابرقهرمان,زرد,خانواده,کیدزلند,678810,1276162,2,تویز لند,8,19
1383,TOY-1383,ماشین کنترلی شارژی چندرنگ متوسط,ماشین و رادیویی,ماشین کنترلی,چندرنگ,متوسط,پلی‌تویز,49533,73804,8,ماهان تویز,9,25
1384,TOY-1384,لگو ماشین چندرنگ بزرگ,لگو و ساختنی,لگو,چندرنگ,بزرگ,آسمان,672690,1264657,8,ماهان تویز,6,15
1385,TOY-1385,پازل ۱۰۰ تکه سبز متوسط,فکری و آموزشی,بازی فکری,سبز,متوسط,زرافه,48377,89013,9,پویا تویز,35,11
1386,TOY-1386,اسکوتر بنفش کوچک,بازی در فضای باز,اسکوتر,بنفش,کوچک,زرافه,883359,1263203,2,تویز لند,13,23
1387,TOY-1387,کاغذ رنگی نارنجی کوچک,مهمانی و بادکنک,ظروف یکبارمصرف,نارنجی,کوچک,فانتزی,30901,59947,10,دنیای شادی,46,15
1388,TOY-1388,اسکوتر قرمز کوچک,بازی در فضای باز,دوچرخه,قرمز,کوچک,پلی‌تویز,233172,384733,7,آریا اسباب‌بازی,41,12
1389,TOY-1389,کلاه جشن تولد بنفش خانواده,مهمانی و بادکنک,بادکنک,بنفش,خانواده,دنیای اسباب‌بازی,914374,1298411,7,آریا اسباب‌بازی,11,4
1390,TOY-1390,عروسک پارچه‌ای سبز کوچک,نوزاد و خردسال,موزیکال,سبز,کوچک,فانتزی,690065,1352527,10,دنیای شادی,43,10
1391,TOY-1391,پازل نقشه ایران بنفش بزرگ,فکری و آموزشی,پازل,بنفش,بزرگ,آسمان,809642,1173980,4,کیان تویز,33,16
1392,TOY-1392,توپ بسکتبال آبی متوسط,بازی در فضای باز,اسکوتر,آبی,متوسط,پلی‌تویز,392728,757965,1,اسباب‌بازی ایران,35,27
1393,TOY-1393,پازل ۱۰۰ تکه سبز بزرگ,فکری و آموزشی,وسایل آموزشی,سبز,بزرگ,فانتزی,177329,283726,5,پارس اسباب‌بازی,21,15
1394,TOY-1394,عروسک باربی نارنجی کوچک,عروسک,پلاستیکی,نارنجی,کوچک,تویز,681557,1254064,6,نوین تویز,43,12
1395,TOY-1395,فیگور مرد عنکبوتی نارنجی بزرگ,اکشن فیگور,سرباز,نارنجی,بزرگ,فانتزی,734327,1189609,7,آریا اسباب‌بازی,39,20
1396,TOY-1396,توپ فوتبال قرمز بزرگ,بازی در فضای باز,اسکوتر,قرمز,بزرگ,پلی‌تویز,230383,366308,5,پارس اسباب‌بازی,9,21
1397,TOY-1397,ماشین کنترلی شارژی نارنجی کوچک,ماشین و رادیویی,هواپیما,نارنجی,کوچک,زرافه,416332,582864,5,پارس اسباب‌بازی,20,26
1398,TOY-1398,بازی فکری شطرنج مشکی بزرگ,فکری و آموزشی,کتاب داستان,مشکی,بزرگ,پلی‌تویز,830455,1561255,10,دنیای شادی,48,25
1399,TOY-1399,پازل چوبی زرد خانواده,نوزاد و خردسال,عروسک پارچه‌ای,زرد,خانواده,شادی,772238,1150634,3,بازی و شادی,23,8
1400,TOY-1400,ظروف مهمانی سبز خانواده,مهمانی و بادکنک,بادکنک,سبز,خانواده,فانتزی,652321,926295,3,بازی و شادی,29,18
1401,TOY-1401,بازی فکری شطرنج سفید کوچک,فکری و آموزشی,کتاب داستان,سفید,کوچک,آسمان,501588,737334,3,بازی و شادی,12,20
1402,TOY-1402,ماشین سرعتی زرد کوچک,ماشین و رادیویی,قایق,زرد,کوچک,فانتزی,337434,637750,2,تویز لند,46,19
1403,TOY-1403,پازل چوبی صورتی کوچک,نوزاد و خردسال,عروسک پارچه‌ای,صورتی,کوچک,دنیای اسباب‌بازی,323392,620912,3,بازی و شادی,31,12
1404,TOY-1404,عروسک پولیشی صورتی کوچک,عروسک,پارچه‌ای,صورتی,کوچک,کیدزلند,771711,1149849,1,اسباب‌بازی ایران,28,20
1405,TOY-1405,عروسک باربی آبی بزرگ,عروسک,پلاستیکی,آبی,بزرگ,فانتزی,946673,1713478,10,دنیای شادی,29,25
1406,TOY-1406,عروسک خرسی نارنجی بزرگ,عروسک,پارچه‌ای,نارنجی,بزرگ,کیدزلند,515561,922854,4,کیان تویز,30,21
1407,TOY-1407,ماشین سرعتی بنفش متوسط,ماشین و رادیویی,قایق,بنفش,متوسط,آسمان,326865,470685,6,نوین تویز,15,8
1408,TOY-1408,کلاه جشن تولد قرمز بزرگ,مهمانی و بادکنک,کلاه تولد,قرمز,بزرگ,دنیای اسباب‌بازی,34985,58424,2,تویز لند,25,24
1409,TOY-1409,عروسک خرسی نارنجی بزرگ,عروسک,پارچه‌ای,نارنجی,بزرگ,کیدزلند,672444,1244021,9,پویا تویز,12,21
1410,TOY-1410,جغجغه زرد کوچک,نوزاد و خردسال,عروسک پارچه‌ای,زرد,کوچک,پلی‌تویز,947377,1506329,7,آریا اسباب‌بازی,11,11
1411,TOY-1411,موبایل موزیکال سفید متوسط,نوزاد و خردسال,عروسک پارچه‌ای,سفید,متوسط,زرافه,986966,1737060,2,تویز لند,12,26
1412,TOY-1412,بادکنک رنگی زرد کوچک,مهمانی و بادکنک,کلاه تولد,زرد,کوچک,آسمان,657432,1163654,6,نوین تویز,7,24
1413,TOY-1413,لگو پلیس مشکی کوچک,لگو و ساختنی,پازل سه‌بعدی,مشکی,کوچک,تویز,327931,629627,10,دنیای شادی,5,29
1414,TOY-1414,قایق اسباب‌بازی نارنجی بزرگ,ماشین و رادیویی,ماشین ساده,نارنجی,بزرگ,پیکولو,241181,349712,3,بازی و شادی,27,11
1415,TOY-1415,موبایل موزیکال چندرنگ بزرگ,نوزاد و خردسال,عروسک پارچه‌ای,چندرنگ,بزرگ,شادی,825935,1494942,2,تویز لند,37,20
1416,TOY-1416,اسکوتر سفید کوچک,بازی در فضای باز,استخر بادی,سفید,کوچک,تویز,419739,734543,3,بازی و شادی,21,5
1417,TOY-1417,ماشین فلزی صورتی خانواده,ماشین و رادیویی,هواپیما,صورتی,خانواده,پاندورا,799271,1590549,2,تویز لند,7,22
1418,TOY-1418,بلوک‌های خانه سبز کوچک,لگو و ساختنی,ماکت,سبز,کوچک,شادی,935849,1534792,3,بازی و شادی,18,18
1419,TOY-1419,هواپیمای کنترلی مشکی خانواده,ماشین و رادیویی,قایق,مشکی,خانواده,زرافه,706113,1143903,8,ماهان تویز,21,26
1420,TOY-1420,عروسک پارچه‌ای زرد خانواده,نوزاد و خردسال,موزیکال,زرد,خانواده,زرافه,165069,292172,9,پویا تویز,18,20
1421,TOY-1421,کاغذ رنگی نارنجی متوسط,مهمانی و بادکنک,ظروف یکبارمصرف,نارنجی,متوسط,زرافه,75780,150044,2,تویز لند,19,20
1422,TOY-1422,جغجغه زرد بزرگ,نوزاد و خردسال,عروسک پارچه‌ای,زرد,بزرگ,تویز,642434,1002197,4,کیان تویز,7,17
1423,TOY-1423,عروسک بامزی بنفش متوسط,عروسک,فیگور,بنفش,متوسط,کیدزلند,867580,1284018,1,اسباب‌بازی ایران,44,22
1424,TOY-1424,فیگور بتمن سفید خانواده,اکشن فیگور,سرباز,سفید,خانواده,فانتزی,557929,1110278,9,پویا تویز,19,14
1425,TOY-1425,عروسک پارچه‌ای زرد کوچک,نوزاد و خردسال,عروسک پارچه‌ای,زرد,کوچک,فانتزی,541736,812604,2,تویز لند,22,24
1426,TOY-1426,ماشین کنترلی شارژی صورتی بزرگ,ماشین و رادیویی,قایق,صورتی,بزرگ,تویز,478715,679775,2,تویز لند,29,8
1427,TOY-1427,لگو ماشین سبز کوچک,لگو و ساختنی,ماکت,سبز,کوچک,فانتزی,91236,149627,6,نوین تویز,6,19
1428,TOY-1428,ماشین فلزی آبی کوچک,ماشین و رادیویی,ماشین کنترلی,آبی,کوچک,پیکولو,467728,898037,7,آریا اسباب‌بازی,34,22
1429,TOY-1429,قایق اسباب‌بازی سبز بزرگ,ماشین و رادیویی,ماشین ساده,سبز,بزرگ,پاندورا,439526,821913,7,آریا اسباب‌بازی,39,7
1430,TOY-1430,فیگور مرد عنکبوتی سفید کوچک,اکشن فیگور,ربات,سفید,کوچک,فانتزی,825645,1477904,1,اسباب‌بازی ایران,47,19
1431,TOY-1431,عروسک بامزی سبز کوچک,عروسک,پلاستیکی,سبز,کوچک,زرافه,298563,426945,7,آریا اسباب‌بازی,8,23
1432,TOY-1432,کاغذ رنگی نارنجی بزرگ,مهمانی و بادکنک,فشفشه,نارنجی,بزرگ,پلی‌تویز,670974,1241301,7,آریا اسباب‌بازی,21,9
1433,TOY-1433,ماشین کنترلی شارژی نارنجی خانواده,ماشین و رادیویی,هواپیما,نارنجی,خانواده,فانتزی,850283,1326441,4,کیان تویز,20,21
1434,TOY-1434,عروسک پارچه‌ای صورتی متوسط,نوزاد و خردسال,جغجغه,صورتی,متوسط,دنیای اسباب‌بازی,83090,126296,10,دنیای شادی,9,12
1435,TOY-1435,پازل سه‌بعدی برج مشکی خانواده,لگو و ساختنی,ماکت,مشکی,خانواده,زرافه,243045,340263,3,بازی و شادی,40,24
1436,TOY-1436,عروسک پولیشی زرد بزرگ,عروسک,فیگور,زرد,بزرگ,کیدزلند,848563,1569841,2,تویز لند,33,8
1437,TOY-1437,لگو ماشین مشکی کوچک,لگو و ساختنی,پازل سه‌بعدی,مشکی,کوچک,پلی‌تویز,740873,1429884,5,پارس اسباب‌بازی,11,3
1438,TOY-1438,ماشین کنترلی شارژی زرد کوچک,ماشین و رادیویی,ماشین کنترلی,زرد,کوچک,آسمان,254886,463892,4,کیان تویز,8,6
1439,TOY-1439,بازی فکری شطرنج سفید کوچک,فکری و آموزشی,پازل,سفید,کوچک,پیکولو,264909,381468,10,دنیای شادی,36,3
1440,TOY-1440,عروسک خرسی قرمز بزرگ,عروسک,پولیشی,قرمز,بزرگ,کیدزلند,727156,1068919,5,پارس اسباب‌بازی,40,8
1441,TOY-1441,عروسک سخنگو صورتی متوسط,عروسک,فیگور,صورتی,متوسط,شادی,134788,207573,7,آریا اسباب‌بازی,46,26
1442,TOY-1442,فیگور مرد عنکبوتی مشکی خانواده,اکشن فیگور,ابرقهرمان,مشکی,خانواده,دنیای اسباب‌بازی,67789,111173,2,تویز لند,22,24
1443,TOY-1443,ماشین سرعتی صورتی خانواده,ماشین و رادیویی,ماشین کنترلی,صورتی,خانواده,پیکولو,361007,602881,1,اسباب‌بازی ایران,43,12
1444,TOY-1444,دوچرخه کودک بنفش کوچک,بازی در فضای باز,دوچرخه,بنفش,کوچک,کیدزلند,881128,1638898,4,کیان تویز,34,28
1445,TOY-1445,بازی فکری شطرنج نارنجی بزرگ,فکری و آموزشی,بازی فکری,نارنجی,بزرگ,پاندورا,548917,779462,3,بازی و شادی,11,26
1446,TOY-1446,سرباز اسباب‌بازی چندرنگ خانواده,اکشن فیگور,سرباز,چندرنگ,خانواده,تویز,341102,593517,7,آریا اسباب‌بازی,10,24
1447,TOY-1447,پازل نقشه ایران چندرنگ کوچک,فکری و آموزشی,بازی فکری,چندرنگ,کوچک,فانتزی,789025,1522818,10,دنیای شادی,47,23
1448,TOY-1448,بادکنک رنگی سبز بزرگ,مهمانی و بادکنک,بادکنک,سبز,بزرگ,دنیای اسباب‌بازی,548621,1053352,2,تویز لند,16,12
1449,TOY-1449,ظروف مهمانی مشکی متوسط,مهمانی و بادکنک,بادکنک,مشکی,متوسط,آسمان,257711,487073,3,بازی و شادی,24,26
1450,TOY-1450,لگو ماشین مشکی بزرگ,لگو و ساختنی,پازل سه‌بعدی,مشکی,بزرگ,کیدزلند,96589,193178,2,تویز لند,28,17
1451,TOY-1451,هواپیمای کنترلی بنفش بزرگ,ماشین و رادیویی,قایق,بنفش,بزرگ,پاندورا,209372,347557,3,بازی و شادی,39,24
1452,TOY-1452,لگو پلیس مشکی بزرگ,لگو و ساختنی,ماکت,مشکی,بزرگ,زرافه,978171,1838961,7,آریا اسباب‌بازی,45,12
1453,TOY-1453,هواپیمای کنترلی نارنجی بزرگ,ماشین و رادیویی,قایق,نارنجی,بزرگ,شادی,133596,263184,2,تویز لند,22,25
1454,TOY-1454,موبایل موزیکال قرمز کوچک,نوزاد و خردسال,پازل چوبی,قرمز,کوچک,پلی‌تویز,993970,1580412,9,پویا تویز,27,27
1455,TOY-1455,عروسک خرسی سفید خانواده,عروسک,پلاستیکی,سفید,خانواده,فانتزی,848985,1655520,10,دنیای شادی,7,26
1456,TOY-1456,عروسک پارچه‌ای صورتی خانواده,نوزاد و خردسال,جغجغه,صورتی,خانواده,کیدزلند,305099,488158,6,نوین تویز,38,5
1457,TOY-1457,کاغذ رنگی بنفش کوچک,مهمانی و بادکنک,ظروف یکبارمصرف,بنفش,کوچک,کیدزلند,768059,1098324,3,بازی و شادی,25,8
1458,TOY-1458,پازل سه‌بعدی برج زرد خانواده,لگو و ساختنی,ماکت,زرد,خانواده,شادی,105520,207874,2,تویز لند,31,23
1459,TOY-1459,فیگور شرک بنفش متوسط,اکشن فیگور,سرباز,بنفش,متوسط,پاندورا,863855,1295782,2,تویز لند,44,28
1460,TOY-1460,توپ فوتبال نارنجی متوسط,بازی در فضای باز,استخر بادی,نارنجی,متوسط,پاندورا,526427,979154,3,بازی و شادی,14,13
1461,TOY-1461,پازل نقشه ایران قرمز خانواده,فکری و آموزشی,وسایل آموزشی,قرمز,خانواده,تویز,43949,82624,6,نوین تویز,11,14
1462,TOY-1462,عروسک پارچه‌ای قرمز متوسط,نوزاد و خردسال,پازل چوبی,قرمز,متوسط,تویز,617748,1050171,7,آریا اسباب‌بازی,38,16
1463,TOY-1463,دوچرخه کودک آبی متوسط,بازی در فضای باز,اسکوتر,آبی,متوسط,کیدزلند,953941,1764790,5,پارس اسباب‌بازی,20,9
1464,TOY-1464,موبایل موزیکال بنفش خانواده,نوزاد و خردسال,جغجغه,بنفش,خانواده,دنیای اسباب‌بازی,604454,1100106,4,کیان تویز,21,7
1465,TOY-1465,توپ فوتبال آبی خانواده,بازی در فضای باز,دوچرخه,آبی,خانواده,شادی,834926,1494517,5,پارس اسباب‌بازی,45,22
1466,TOY-1466,هواپیمای کنترلی صورتی خانواده,ماشین و رادیویی,ماشین ساده,صورتی,خانواده,پاندورا,673461,989987,9,پویا تویز,10,21
1467,TOY-1467,هواپیمای کنترلی چندرنگ خانواده,ماشین و رادیویی,قایق,چندرنگ,خانواده,تویز,396042,653469,9,پویا تویز,27,25
1468,TOY-1468,پازل نقشه ایران چندرنگ متوسط,فکری و آموزشی,پازل,چندرنگ,متوسط,شادی,295768,582662,6,نوین تویز,48,29
1469,TOY-1469,عروسک پولیشی سبز خانواده,عروسک,پلاستیکی,سبز,خانواده,شادی,371757,531612,2,تویز لند,49,25
1470,TOY-1470,دندانگیر قرمز خانواده,نوزاد و خردسال,موزیکال,قرمز,خانواده,فانتزی,410451,808588,8,ماهان تویز,6,25
1471,TOY-1471,لگو آتش‌نشانی زرد خانواده,لگو و ساختنی,لگو,زرد,خانواده,دنیای اسباب‌بازی,834276,1418269,3,بازی و شادی,42,25
1472,TOY-1472,موبایل موزیکال زرد متوسط,نوزاد و خردسال,عروسک پارچه‌ای,زرد,متوسط,پیکولو,493409,833861,1,اسباب‌بازی ایران,39,17
1473,TOY-1473,فیگور مرد عنکبوتی سفید بزرگ,اکشن فیگور,سرباز,سفید,بزرگ,دنیای اسباب‌بازی,639709,1138682,2,تویز لند,37,11
1474,TOY-1474,ظروف مهمانی صورتی بزرگ,مهمانی و بادکنک,ظروف یکبارمصرف,صورتی,بزرگ,شادی,545176,1008575,9,پویا تویز,36,20
1475,TOY-1475,جغجغه سبز خانواده,نوزاد و خردسال,موزیکال,سبز,خانواده,زرافه,926350,1750801,6,نوین تویز,18,22
1476,TOY-1476,ماشین سرعتی صورتی خانواده,ماشین و رادیویی,ماشین ساده,صورتی,خانواده,آسمان,646575,1040985,7,آریا اسباب‌بازی,11,28
1477,TOY-1477,توپ فوتبال آبی کوچک,بازی در فضای باز,توپ,آبی,کوچک,تویز,608573,1150202,10,دنیای شادی,21,3
1478,TOY-1478,پازل چوبی چندرنگ کوچک,نوزاد و خردسال,جغجغه,چندرنگ,کوچک,پاندورا,220787,340011,9,پویا تویز,46,21
1479,TOY-1479,عروسک پولیشی زرد متوسط,عروسک,فیگور,زرد,متوسط,پاندورا,653511,1150179,9,پویا تویز,45,17
1480,TOY-1480,عروسک پارچه‌ای بنفش کوچک,نوزاد و خردسال,جغجغه,بنفش,کوچک,شادی,766531,1402751,8,ماهان تویز,6,6
1481,TOY-1481,جغجغه مشکی متوسط,نوزاد و خردسال,پازل چوبی,مشکی,متوسط,دنیای اسباب‌بازی,531774,877427,5,پارس اسباب‌بازی,29,25
1482,TOY-1482,اسکوتر صورتی متوسط,بازی در فضای باز,اسکوتر,صورتی,متوسط,تویز,429995,619192,7,آریا اسباب‌بازی,30,3
1483,TOY-1483,عروسک خرسی سبز بزرگ,عروسک,پارچه‌ای,سبز,بزرگ,دنیای اسباب‌بازی,858044,1578800,10,دنیای شادی,47,23
1484,TOY-1484,فیگور بتمن چندرنگ خانواده,اکشن فیگور,سرباز,چندرنگ,خانواده,پلی‌تویز,405203,587544,9,پویا تویز,44,16
1485,TOY-1485,دندانگیر صورتی کوچک,نوزاد و خردسال,عروسک پارچه‌ای,صورتی,کوچک,پیکولو,319037,462603,7,آریا اسباب‌بازی,41,27
1486,TOY-1486,ماشین فلزی صورتی بزرگ,ماشین و رادیویی,قایق,صورتی,بزرگ,دنیای اسباب‌بازی,35865,60611,3,بازی و شادی,28,11
1487,TOY-1487,جغجغه سبز کوچک,نوزاد و خردسال,عروسک پارچه‌ای,سبز,کوچک,پیکولو,362553,532952,7,آریا اسباب‌بازی,34,10
1488,TOY-1488,اسکوتر زرد کوچک,بازی در فضای باز,دوچرخه,زرد,کوچک,کیدزلند,723254,1113811,1,اسباب‌بازی ایران,22,25
1489,TOY-1489,دندانگیر سبز کوچک,نوزاد و خردسال,جغجغه,سبز,کوچک,پیکولو,303896,440649,9,پویا تویز,21,20
1490,TOY-1490,لگو پلیس سبز خانواده,لگو و ساختنی,ماکت,سبز,خانواده,شادی,737003,1164464,3,بازی و شادی,49,20
1491,TOY-1491,چرتکه آموزشی زرد متوسط,فکری و آموزشی,بازی فکری,زرد,متوسط,زرافه,225225,434684,5,پارس اسباب‌بازی,33,6
1492,TOY-1492,عروسک خرسی سبز کوچک,عروسک,فیگور,سبز,کوچک,پیکولو,953500,1754440,2,تویز لند,47,14
1493,TOY-1493,لگو ماشین آبی کوچک,لگو و ساختنی,ماکت,آبی,کوچک,فانتزی,78117,121081,5,پارس اسباب‌بازی,19,7
1494,TOY-1494,توپ فوتبال آبی خانواده,بازی در فضای باز,دوچرخه,آبی,خانواده,شادی,876447,1270848,4,کیان تویز,30,27
1495,TOY-1495,پازل چوبی قرمز خانواده,نوزاد و خردسال,جغجغه,قرمز,خانواده,کیدزلند,700673,1093049,8,ماهان تویز,22,23
1496,TOY-1496,پازل سه‌بعدی برج صورتی بزرگ,لگو و ساختنی,بلوک ساختمانی,صورتی,بزرگ,پاندورا,214626,418520,3,بازی و شادی,23,19
1497,TOY-1497,ماشین کنترلی شارژی سبز کوچک,ماشین و رادیویی,هواپیما,سبز,کوچک,کیدزلند,320255,531623,6,نوین تویز,7,13
1498,TOY-1498,فیگور شرک چندرنگ کوچک,اکشن فیگور,ربات,چندرنگ,کوچک,فانتزی,802411,1524580,9,پویا تویز,12,22
1499,TOY-1499,دوچرخه کودک چندرنگ کوچک,بازی در فضای باز,توپ,چندرنگ,کوچک,دنیای اسباب‌بازی,797545,1403679,1,اسباب‌بازی ایران,40,18
1500,TOY-1500,هواپیمای کنترلی آبی متوسط,ماشین و رادیویی,ماشین ساده,آبی,متوسط,تویز,69836,129196,6,نوین تویز,5,19
1501,TOY-1501,ماشین کنترلی شارژی سبز بزرگ,ماشین و رادیویی,ماشین ساده,سبز,بزرگ,آسمان,49422,71167,8,ماهان تویز,20,28
1502,TOY-1502,چرتکه آموزشی نارنجی بزرگ,فکری و آموزشی,پازل,نارنجی,بزرگ,پاندورا,595918,1001142,8,ماهان تویز,10,18
1503,TOY-1503,عروسک پارچه‌ای سفید متوسط,نوزاد و خردسال,پازل چوبی,سفید,متوسط,پلی‌تویز,495885,892593,5,پارس اسباب‌بازی,18,13
1504,TOY-1504,دندانگیر چندرنگ بزرگ,نوزاد و خردسال,جغجغه,چندرنگ,بزرگ,فانتزی,139457,245444,4,کیان تویز,37,28
1505,TOY-1505,ظروف مهمانی صورتی بزرگ,مهمانی و بادکنک,ظروف یکبارمصرف,صورتی,بزرگ,شادی,56061,91379,10,دنیای شادی,7,22
1506,TOY-1506,پازل سه‌بعدی برج زرد بزرگ,لگو و ساختنی,ماکت,زرد,بزرگ,شادی,545416,894482,2,تویز لند,6,16
1507,TOY-1507,بادکنک رنگی نارنجی بزرگ,مهمانی و بادکنک,کلاه تولد,نارنجی,بزرگ,پیکولو,811434,1282065,7,آریا اسباب‌بازی,30,14
1508,TOY-1508,استخر بادی قرمز کوچک,بازی در فضای باز,اسکوتر,قرمز,کوچک,فانتزی,549565,972730,6,نوین تویز,38,14
1509,TOY-1509,موبایل موزیکال زرد کوچک,نوزاد و خردسال,عروسک پارچه‌ای,زرد,کوچک,پلی‌تویز,149746,227613,6,نوین تویز,40,10
1510,TOY-1510,سرباز اسباب‌بازی آبی کوچک,اکشن فیگور,ابرقهرمان,آبی,کوچک,شادی,68087,135493,1,اسباب‌بازی ایران,19,15
1511,TOY-1511,ربات جنگجو چندرنگ بزرگ,اکشن فیگور,ابرقهرمان,چندرنگ,بزرگ,پلی‌تویز,673411,1279480,9,پویا تویز,6,22
1512,TOY-1512,بلوک‌های خانه چندرنگ متوسط,لگو و ساختنی,ماکت,چندرنگ,متوسط,دنیای اسباب‌بازی,861255,1688059,4,کیان تویز,16,10
1513,TOY-1513,لگو ماشین آبی خانواده,لگو و ساختنی,پازل سه‌بعدی,آبی,خانواده,زرافه,776654,1545541,6,نوین تویز,20,21
1514,TOY-1514,فیگور بتمن قرمز خانواده,اکشن فیگور,ابرقهرمان,قرمز,خانواده,پاندورا,361391,646889,1,اسباب‌بازی ایران,10,15
1515,TOY-1515,توپ فوتبال آبی خانواده,بازی در فضای باز,استخر بادی,آبی,خانواده,فانتزی,900475,1323698,10,دنیای شادی,16,22
1516,TOY-1516,فیگور بتمن چندرنگ کوچک,اکشن فیگور,ربات,چندرنگ,کوچک,آسمان,821273,1445440,1,اسباب‌بازی ایران,44,9
1517,TOY-1517,عروسک سخنگو سبز خانواده,عروسک,پولیشی,سبز,خانواده,تویز,568832,995456,9,پویا تویز,24,29
1518,TOY-1518,عروسک خرسی آبی خانواده,عروسک,فیگور,آبی,خانواده,کیدزلند,855863,1241001,7,آریا اسباب‌بازی,11,29
1519,TOY-1519,اسکوتر مشکی خانواده,بازی در فضای باز,اسکوتر,مشکی,خانواده,کیدزلند,689972,1076356,9,پویا تویز,7,28
1520,TOY-1520,فیگور شرک قرمز خانواده,اکشن فیگور,ربات,قرمز,خانواده,آسمان,747671,1398144,8,ماهان تویز,13,17
1521,TOY-1521,فشفشه چندرنگ کوچک,مهمانی و بادکنک,بادکنک,چندرنگ,کوچک,تویز,166330,261138,4,کیان تویز,30,23
1522,TOY-1522,عروسک باربی آبی بزرگ,عروسک,پارچه‌ای,آبی,بزرگ,زرافه,755575,1435592,4,کیان تویز,42,10
1523,TOY-1523,ماشین فلزی مشکی کوچک,ماشین و رادیویی,ماشین کنترلی,مشکی,کوچک,تویز,930738,1712557,5,پارس اسباب‌بازی,18,25
1524,TOY-1524,عروسک خرسی سفید کوچک,عروسک,پارچه‌ای,سفید,کوچک,آسمان,727667,1426227,6,نوین تویز,48,25
1525,TOY-1525,عروسک پارچه‌ای سبز خانواده,نوزاد و خردسال,موزیکال,سبز,خانواده,کیدزلند,281137,402025,3,بازی و شادی,21,19
1526,TOY-1526,فیگور شرک صورتی خانواده,اکشن فیگور,ابرقهرمان,صورتی,خانواده,کیدزلند,798134,1508473,9,پویا تویز,5,14
1527,TOY-1527,کتاب قصه‌های کهن سفید بزرگ,فکری و آموزشی,کتاب داستان,سفید,بزرگ,پاندورا,85591,128386,4,کیان تویز,38,12
1528,TOY-1528,بلوک‌های خانه آبی بزرگ,لگو و ساختنی,پازل سه‌بعدی,آبی,بزرگ,دنیای اسباب‌بازی,720424,1397622,4,کیان تویز,22,7
1529,TOY-1529,پازل ۱۰۰ تکه بنفش کوچک,فکری و آموزشی,پازل,بنفش,کوچک,پلی‌تویز,150384,221064,1,اسباب‌بازی ایران,14,4
1530,TOY-1530,کتاب قصه‌های کهن زرد خانواده,فکری و آموزشی,کتاب داستان,زرد,خانواده,کیدزلند,208271,333233,6,نوین تویز,15,27
1531,TOY-1531,چرتکه آموزشی بنفش متوسط,فکری و آموزشی,وسایل آموزشی,بنفش,متوسط,دنیای اسباب‌بازی,614395,1038327,2,تویز لند,12,28
1532,TOY-1532,هواپیمای کنترلی صورتی خانواده,ماشین و رادیویی,ماشین ساده,صورتی,خانواده,پیکولو,354409,606039,9,پویا تویز,14,23
1533,TOY-1533,بازی فکری شطرنج آبی بزرگ,فکری و آموزشی,کتاب داستان,آبی,بزرگ,زرافه,811019,1224638,3,بازی و شادی,33,12
1534,TOY-1534,دوچرخه کودک بنفش کوچک,بازی در فضای باز,توپ,بنفش,کوچک,کیدزلند,453158,811152,4,کیان تویز,25,24
1535,TOY-1535,عروسک باربی سفید کوچک,عروسک,پولیشی,سفید,کوچک,پاندورا,571426,919995,9,پویا تویز,43,22
1536,TOY-1536,فشفشه آبی کوچک,مهمانی و بادکنک,فشفشه,آبی,کوچک,شادی,924965,1572440,7,آریا اسباب‌بازی,5,28
1537,TOY-1537,کتاب قصه‌های کهن نارنجی خانواده,فکری و آموزشی,بازی فکری,نارنجی,خانواده,دنیای اسباب‌بازی,745018,1057925,6,نوین تویز,48,24
1538,TOY-1538,عروسک سخنگو مشکی کوچک,عروسک,پولیشی,مشکی,کوچک,تویز,356233,694654,7,آریا اسباب‌بازی,10,19
1539,TOY-1539,موبایل موزیکال زرد خانواده,نوزاد و خردسال,عروسک پارچه‌ای,زرد,خانواده,فانتزی,634813,914130,10,دنیای شادی,14,26
1540,TOY-1540,توپ بسکتبال صورتی کوچک,بازی در فضای باز,استخر بادی,صورتی,کوچک,تویز,973287,1664320,4,کیان تویز,25,27
1541,TOY-1541,لگو پلیس قرمز کوچک,لگو و ساختنی,بلوک ساختمانی,قرمز,کوچک,پیکولو,259511,438573,5,پارس اسباب‌بازی,22,26
1542,TOY-1542,پازل نقشه ایران آبی بزرگ,فکری و آموزشی,پازل,آبی,بزرگ,پلی‌تویز,757648,1265272,10,دنیای شادی,16,18
1543,TOY-1543,پازل چوبی آبی متوسط,نوزاد و خردسال,پازل چوبی,آبی,متوسط,آسمان,140810,218255,8,ماهان تویز,46,12
1544,TOY-1544,بازی فکری شطرنج مشکی بزرگ,فکری و آموزشی,بازی فکری,مشکی,بزرگ,پیکولو,589503,866569,5,پارس اسباب‌بازی,38,27
1545,TOY-1545,عروسک باربی نارنجی خانواده,عروسک,پارچه‌ای,نارنجی,خانواده,آسمان,81161,154205,4,کیان تویز,33,9
1546,TOY-1546,ماشین کنترلی شارژی سبز متوسط,ماشین و رادیویی,هواپیما,سبز,متوسط,شادی,454762,868595,8,ماهان تویز,22,17
1547,TOY-1547,قایق اسباب‌بازی صورتی بزرگ,ماشین و رادیویی,ماشین کنترلی,صورتی,بزرگ,تویز,439061,623466,3,بازی و شادی,39,21
1548,TOY-1548,دوچرخه کودک قرمز بزرگ,بازی در فضای باز,توپ,قرمز,بزرگ,پاندورا,590284,1027094,10,دنیای شادی,28,10
1549,TOY-1549,عروسک باربی بنفش کوچک,عروسک,پولیشی,بنفش,کوچک,تویز,133424,216146,1,اسباب‌بازی ایران,14,25
1550,TOY-1550,توپ بسکتبال نارنجی متوسط,بازی در فضای باز,دوچرخه,نارنجی,متوسط,فانتزی,773598,1531724,2,تویز لند,30,6
1551,TOY-1551,بلوک‌های خانه بنفش خانواده,لگو و ساختنی,پازل سه‌بعدی,بنفش,خانواده,شادی,531128,833870,9,پویا تویز,29,6
1552,TOY-1552,اسکوتر مشکی خانواده,بازی در فضای باز,استخر بادی,مشکی,خانواده,تویز,852736,1543452,6,نوین تویز,34,21
1553,TOY-1553,توپ بسکتبال چندرنگ خانواده,بازی در فضای باز,اسکوتر,چندرنگ,خانواده,کیدزلند,225420,351655,5,پارس اسباب‌بازی,20,3
1554,TOY-1554,عروسک پولیشی زرد متوسط,عروسک,پلاستیکی,زرد,متوسط,شادی,122771,202572,8,ماهان تویز,12,20
1555,TOY-1555,عروسک بامزی صورتی بزرگ,عروسک,پلاستیکی,صورتی,بزرگ,پلی‌تویز,915416,1620286,2,تویز لند,34,24
1556,TOY-1556,پازل ۱۰۰ تکه سفید خانواده,فکری و آموزشی,کتاب داستان,سفید,خانواده,دنیای اسباب‌بازی,272251,438324,3,بازی و شادی,30,10
1557,TOY-1557,اسکوتر صورتی خانواده,بازی در فضای باز,اسکوتر,صورتی,خانواده,آسمان,572441,978874,5,پارس اسباب‌بازی,16,4
1558,TOY-1558,پازل نقشه ایران نارنجی بزرگ,فکری و آموزشی,پازل,نارنجی,بزرگ,پیکولو,45547,90183,2,تویز لند,17,7
1559,TOY-1559,دندانگیر مشکی بزرگ,نوزاد و خردسال,پازل چوبی,مشکی,بزرگ,کیدزلند,615116,891918,1,اسباب‌بازی ایران,41,9
1560,TOY-1560,ظروف مهمانی سبز بزرگ,مهمانی و بادکنک,کلاه تولد,سبز,بزرگ,پیکولو,934589,1635530,9,پویا تویز,20,25
1561,TOY-1561,قایق اسباب‌بازی سفید کوچک,ماشین و رادیویی,هواپیما,سفید,کوچک,آسمان,594269,1105340,1,اسباب‌بازی ایران,36,17
1562,TOY-1562,کلاه جشن تولد سفید کوچک,مهمانی و بادکنک,بادکنک,سفید,کوچک,تویز,883442,1581361,8,ماهان تویز,14,22
1563,TOY-1563,استخر بادی مشکی کوچک,بازی در فضای باز,توپ,مشکی,کوچک,تویز,634800,939504,5,پارس اسباب‌بازی,19,12
1564,TOY-1564,هواپیمای کنترلی نارنجی متوسط,ماشین و رادیویی,هواپیما,نارنجی,متوسط,کیدزلند,492032,885657,5,پارس اسباب‌بازی,32,5
1565,TOY-1565,قایق اسباب‌بازی چندرنگ کوچک,ماشین و رادیویی,ماشین ساده,چندرنگ,کوچک,آسمان,321937,486124,4,کیان تویز,25,8
1566,TOY-1566,عروسک سخنگو زرد خانواده,عروسک,پولیشی,زرد,خانواده,زرافه,489933,754496,7,آریا اسباب‌بازی,30,7
1567,TOY-1567,بلوک‌های خانه چندرنگ بزرگ,لگو و ساختنی,پازل سه‌بعدی,چندرنگ,بزرگ,فانتزی,995645,1662727,10,دنیای شادی,49,15
1568,TOY-1568,دندانگیر سبز متوسط,نوزاد و خردسال,موزیکال,سبز,متوسط,آسمان,459544,877729,3,بازی و شادی,17,25
1569,TOY-1569,موبایل موزیکال سفید کوچک,نوزاد و خردسال,عروسک پارچه‌ای,سفید,کوچک,آسمان,953532,1535186,10,دنیای شادی,8,10
1570,TOY-1570,ظروف مهمانی صورتی کوچک,مهمانی و بادکنک,کلاه تولد,صورتی,کوچک,فانتزی,578453,815618,9,پویا تویز,29,14
1571,TOY-1571,کاغذ رنگی مشکی خانواده,مهمانی و بادکنک,فشفشه,مشکی,خانواده,شادی,462450,874030,7,آریا اسباب‌بازی,37,11
1572,TOY-1572,ظروف مهمانی بنفش کوچک,مهمانی و بادکنک,ظروف یکبارمصرف,بنفش,کوچک,دنیای اسباب‌بازی,552212,1076813,1,اسباب‌بازی ایران,32,26
1573,TOY-1573,عروسک پارچه‌ای چندرنگ بزرگ,نوزاد و خردسال,جغجغه,چندرنگ,بزرگ,پلی‌تویز,147124,292776,10,دنیای شادی,38,15
1574,TOY-1574,فیگور شرک نارنجی بزرگ,اکشن فیگور,ابرقهرمان,نارنجی,بزرگ,تویز,461915,780636,7,آریا اسباب‌بازی,18,13
1575,TOY-1575,ماشین کنترلی شارژی بنفش خانواده,ماشین و رادیویی,قایق,بنفش,خانواده,تویز,940035,1475854,2,تویز لند,37,9
1576,TOY-1576,عروسک خرسی مشکی کوچک,عروسک,فیگور,مشکی,کوچک,آسمان,709784,1320198,10,دنیای شادی,14,13
1577,TOY-1577,بادکنک رنگی آبی کوچک,مهمانی و بادکنک,فشفشه,آبی,کوچک,پلی‌تویز,804058,1479466,9,پویا تویز,9,21
1578,TOY-1578,ماشین فلزی زرد متوسط,ماشین و رادیویی,قایق,زرد,متوسط,آسمان,264989,402783,5,پارس اسباب‌بازی,8,20
1579,TOY-1579,عروسک بامزی زرد کوچک,عروسک,پولیشی,زرد,کوچک,کیدزلند,75582,120931,1,اسباب‌بازی ایران,27,14
1580,TOY-1580,ماشین سرعتی آبی متوسط,ماشین و رادیویی,ماشین کنترلی,آبی,متوسط,پلی‌تویز,261844,466082,2,تویز لند,13,23
1581,TOY-1581,کاغذ رنگی بنفش خانواده,مهمانی و بادکنک,بادکنک,بنفش,خانواده,تویز,205237,404316,2,تویز لند,38,11
1582,TOY-1582,استخر بادی سبز متوسط,بازی در فضای باز,استخر بادی,سبز,متوسط,دنیای اسباب‌بازی,605264,1022896,5,پارس اسباب‌بازی,49,20
1583,TOY-1583,ظروف مهمانی سبز کوچک,مهمانی و بادکنک,بادکنک,سبز,کوچک,فانتزی,750098,1155150,3,بازی و شادی,16,22
1584,TOY-1584,پازل نقشه ایران نارنجی متوسط,فکری و آموزشی,بازی فکری,نارنجی,متوسط,پاندورا,320931,539164,8,ماهان تویز,43,28
1585,TOY-1585,توپ فوتبال چندرنگ خانواده,بازی در فضای باز,اسکوتر,چندرنگ,خانواده,شادی,144691,285041,5,پارس اسباب‌بازی,28,5
1586,TOY-1586,جغجغه بنفش خانواده,نوزاد و خردسال,پازل چوبی,بنفش,خانواده,زرافه,589899,1061818,3,بازی و شادی,30,19
1587,TOY-1587,عروسک پولیشی آبی خانواده,عروسک,فیگور,آبی,خانواده,تویز,358776,674498,10,دنیای شادی,8,19
1588,TOY-1588,توپ بسکتبال بنفش کوچک,بازی در فضای باز,توپ,بنفش,کوچک,شادی,303844,531727,3,بازی و شادی,27,4
1589,TOY-1589,فشفشه قرمز متوسط,مهمانی و بادکنک,ظروف یکبارمصرف,قرمز,متوسط,شادی,935958,1385217,9,پویا تویز,35,17
1590,TOY-1590,پازل نقشه ایران صورتی کوچک,فکری و آموزشی,وسایل آموزشی,صورتی,کوچک,فانتزی,387202,770531,3,بازی و شادی,47,4
1591,TOY-1591,ربات جنگجو سبز بزرگ,اکشن فیگور,سرباز,سبز,بزرگ,آسمان,861130,1446698,7,آریا اسباب‌بازی,30,18
1592,TOY-1592,پازل سه‌بعدی برج بنفش متوسط,لگو و ساختنی,ماکت,بنفش,متوسط,پیکولو,550070,1006628,9,پویا تویز,31,6
1593,TOY-1593,اسکوتر چندرنگ بزرگ,بازی در فضای باز,دوچرخه,چندرنگ,بزرگ,پیکولو,940710,1486321,10,دنیای شادی,34,6
1594,TOY-1594,جغجغه قرمز متوسط,نوزاد و خردسال,جغجغه,قرمز,متوسط,پلی‌تویز,764219,1383236,2,تویز لند,16,25
1595,TOY-1595,پازل سه‌بعدی برج مشکی متوسط,لگو و ساختنی,ماکت,مشکی,متوسط,پلی‌تویز,59503,109485,2,تویز لند,48,28
1596,TOY-1596,قایق اسباب‌بازی آبی کوچک,ماشین و رادیویی,قایق,آبی,کوچک,پیکولو,831670,1438789,5,پارس اسباب‌بازی,19,25
1597,TOY-1597,لگو پلیس بنفش بزرگ,لگو و ساختنی,لگو,بنفش,بزرگ,پیکولو,972689,1663298,1,اسباب‌بازی ایران,19,19
1598,TOY-1598,ماشین کنترلی شارژی بنفش خانواده,ماشین و رادیویی,هواپیما,بنفش,خانواده,فانتزی,485324,926968,10,دنیای شادی,34,15
1599,TOY-1599,چرتکه آموزشی بنفش خانواده,فکری و آموزشی,بازی فکری,بنفش,خانواده,آسمان,216896,321006,4,کیان تویز,40,22
1600,TOY-1600,کتاب قصه‌های کهن نارنجی متوسط,فکری و آموزشی,بازی فکری,نارنجی,متوسط,کیدزلند,786646,1321565,10,دنیای شادی,11,27
1601,TOY-1601,عروسک باربی قرمز متوسط,عروسک,پارچه‌ای,قرمز,متوسط,تویز,191199,305918,6,نوین تویز,38,4
1602,TOY-1602,موبایل موزیکال سبز خانواده,نوزاد و خردسال,جغجغه,سبز,خانواده,پلی‌تویز,362735,721842,4,کیان تویز,46,11
1603,TOY-1603,فشفشه چندرنگ متوسط,مهمانی و بادکنک,فشفشه,چندرنگ,متوسط,کیدزلند,203789,393312,8,ماهان تویز,14,12
1604,TOY-1604,جغجغه چندرنگ کوچک,نوزاد و خردسال,پازل چوبی,چندرنگ,کوچک,فانتزی,718381,1429578,9,پویا تویز,25,10
1605,TOY-1605,توپ فوتبال بنفش متوسط,بازی در فضای باز,توپ,بنفش,متوسط,تویز,150908,298797,10,دنیای شادی,18,23
1606,TOY-1606,فیگور بتمن سفید بزرگ,اکشن فیگور,شخصیت کارتونی,سفید,بزرگ,زرافه,772892,1120693,6,نوین تویز,21,7
1607,TOY-1607,بلوک‌های خانه آبی متوسط,لگو و ساختنی,بلوک ساختمانی,آبی,متوسط,دنیای اسباب‌بازی,48864,73784,10,دنیای شادی,44,8
1608,TOY-1608,توپ بسکتبال قرمز کوچک,بازی در فضای باز,استخر بادی,قرمز,کوچک,پیکولو,473347,743154,8,ماهان تویز,37,15
1609,TOY-1609,توپ فوتبال مشکی خانواده,بازی در فضای باز,توپ,مشکی,خانواده,آسمان,769033,1491924,4,کیان تویز,33,13
1610,TOY-1610,فیگور بتمن زرد بزرگ,اکشن فیگور,شخصیت کارتونی,زرد,بزرگ,تویز,549476,928614,4,کیان تویز,14,8
1611,TOY-1611,کاغذ رنگی چندرنگ کوچک,مهمانی و بادکنک,بادکنک,چندرنگ,کوچک,شادی,911599,1704690,2,تویز لند,31,23
1612,TOY-1612,دندانگیر بنفش متوسط,نوزاد و خردسال,جغجغه,بنفش,متوسط,آسمان,947010,1354224,1,اسباب‌بازی ایران,27,22
1613,TOY-1613,پازل سه‌بعدی برج نارنجی متوسط,لگو و ساختنی,لگو,نارنجی,متوسط,شادی,469240,736706,7,آریا اسباب‌بازی,32,7
1614,TOY-1614,کلاه جشن تولد قرمز کوچک,مهمانی و بادکنک,فشفشه,قرمز,کوچک,تویز,168529,294925,4,کیان تویز,10,27
1615,TOY-1615,دندانگیر بنفش کوچک,نوزاد و خردسال,جغجغه,بنفش,کوچک,زرافه,300638,493046,7,آریا اسباب‌بازی,5,15
1616,TOY-1616,قایق اسباب‌بازی نارنجی متوسط,ماشین و رادیویی,قایق,نارنجی,متوسط,کیدزلند,83317,145804,8,ماهان تویز,45,10
1617,TOY-1617,بلوک‌های خانه زرد بزرگ,لگو و ساختنی,پازل سه‌بعدی,زرد,بزرگ,زرافه,179885,298609,1,اسباب‌بازی ایران,42,15
1618,TOY-1618,پازل ۱۰۰ تکه چندرنگ کوچک,فکری و آموزشی,بازی فکری,چندرنگ,کوچک,پلی‌تویز,281028,446834,7,آریا اسباب‌بازی,49,4
1619,TOY-1619,عروسک باربی قرمز کوچک,عروسک,پارچه‌ای,قرمز,کوچک,تویز,324123,641763,3,بازی و شادی,27,8
1620,TOY-1620,فشفشه قرمز بزرگ,مهمانی و بادکنک,کلاه تولد,قرمز,بزرگ,شادی,354831,617405,10,دنیای شادی,27,11
1621,TOY-1621,بازی فکری شطرنج چندرنگ خانواده,فکری و آموزشی,وسایل آموزشی,چندرنگ,خانواده,پاندورا,35998,68036,2,تویز لند,23,26
1622,TOY-1622,بلوک‌های خانه نارنجی متوسط,لگو و ساختنی,لگو,نارنجی,متوسط,پاندورا,118585,177877,6,نوین تویز,46,29
1623,TOY-1623,چرتکه آموزشی مشکی بزرگ,فکری و آموزشی,کتاب داستان,مشکی,بزرگ,پلی‌تویز,551413,777492,9,پویا تویز,6,6
1624,TOY-1624,توپ بسکتبال نارنجی کوچک,بازی در فضای باز,اسکوتر,نارنجی,کوچک,تویز,756237,1157042,6,نوین تویز,22,23
1625,TOY-1625,موبایل موزیکال آبی متوسط,نوزاد و خردسال,پازل چوبی,آبی,متوسط,فانتزی,957167,1474037,9,پویا تویز,43,6
1626,TOY-1626,پازل نقشه ایران زرد کوچک,فکری و آموزشی,وسایل آموزشی,زرد,کوچک,شادی,124069,177418,3,بازی و شادی,29,7
1627,TOY-1627,عروسک پولیشی بنفش کوچک,عروسک,پلاستیکی,بنفش,کوچک,تویز,86008,164275,8,ماهان تویز,33,11
1628,TOY-1628,عروسک سخنگو چندرنگ خانواده,عروسک,فیگور,چندرنگ,خانواده,آسمان,293514,428530,2,تویز لند,9,20
1629,TOY-1629,عروسک بامزی صورتی خانواده,عروسک,فیگور,صورتی,خانواده,تویز,117842,212115,7,آریا اسباب‌بازی,22,19
1630,TOY-1630,جغجغه زرد متوسط,نوزاد و خردسال,پازل چوبی,زرد,متوسط,زرافه,856290,1618388,3,بازی و شادی,27,19
1631,TOY-1631,موبایل موزیکال قرمز بزرگ,نوزاد و خردسال,جغجغه,قرمز,بزرگ,تویز,898854,1276372,10,دنیای شادی,13,17
1632,TOY-1632,فیگور شرک زرد کوچک,اکشن فیگور,سرباز,زرد,کوچک,شادی,61417,98267,10,دنیای شادی,39,24
1633,TOY-1633,جغجغه آبی خانواده,نوزاد و خردسال,پازل چوبی,آبی,خانواده,آسمان,802745,1284392,9,پویا تویز,24,3
1634,TOY-1634,کاغذ رنگی چندرنگ بزرگ,مهمانی و بادکنک,ظروف یکبارمصرف,چندرنگ,بزرگ,فانتزی,211879,391976,7,آریا اسباب‌بازی,14,17
1635,TOY-1635,کلاه جشن تولد قرمز بزرگ,مهمانی و بادکنک,کلاه تولد,قرمز,بزرگ,آسمان,169238,255549,2,تویز لند,43,24
1636,TOY-1636,چرتکه آموزشی چندرنگ خانواده,فکری و آموزشی,وسایل آموزشی,چندرنگ,خانواده,تویز,462152,915060,10,دنیای شادی,31,20
1637,TOY-1637,اسکوتر سفید کوچک,بازی در فضای باز,اسکوتر,سفید,کوچک,کیدزلند,664716,1276254,5,پارس اسباب‌بازی,22,14
1638,TOY-1638,فیگور بتمن بنفش خانواده,اکشن فیگور,سرباز,بنفش,خانواده,تویز,466606,914547,8,ماهان تویز,38,9
1639,TOY-1639,عروسک خرسی مشکی خانواده,عروسک,پولیشی,مشکی,خانواده,دنیای اسباب‌بازی,407105,602515,4,کیان تویز,13,29
1640,TOY-1640,دندانگیر آبی بزرگ,نوزاد و خردسال,جغجغه,آبی,بزرگ,پیکولو,726622,1068134,9,پویا تویز,39,20
1641,TOY-1641,ربات جنگجو سبز بزرگ,اکشن فیگور,شخصیت کارتونی,سبز,بزرگ,آسمان,270202,435025,5,پارس اسباب‌بازی,8,9
1642,TOY-1642,کلاه جشن تولد سبز متوسط,مهمانی و بادکنک,کلاه تولد,سبز,متوسط,پیکولو,967623,1615930,1,اسباب‌بازی ایران,16,4
1643,TOY-1643,پازل ۱۰۰ تکه سبز خانواده,فکری و آموزشی,پازل,سبز,خانواده,پیکولو,540311,977962,6,نوین تویز,27,18
1644,TOY-1644,عروسک خرسی سفید بزرگ,عروسک,پلاستیکی,سفید,بزرگ,تویز,744378,1064460,6,نوین تویز,8,17
1645,TOY-1645,عروسک سخنگو آبی کوچک,عروسک,پلاستیکی,آبی,کوچک,دنیای اسباب‌بازی,404699,651565,8,ماهان تویز,35,14
1646,TOY-1646,لگو آتش‌نشانی زرد بزرگ,لگو و ساختنی,لگو,زرد,بزرگ,پیکولو,950064,1738617,6,نوین تویز,46,8
1647,TOY-1647,پازل چوبی سفید متوسط,نوزاد و خردسال,جغجغه,سفید,متوسط,تویز,770940,1318307,6,نوین تویز,6,12
1648,TOY-1648,ربات جنگجو مشکی خانواده,اکشن فیگور,سرباز,مشکی,خانواده,آسمان,536821,955541,10,دنیای شادی,21,6
1649,TOY-1649,عروسک سخنگو قرمز بزرگ,عروسک,پلاستیکی,قرمز,بزرگ,فانتزی,422954,592135,10,دنیای شادی,43,25
1650,TOY-1650,عروسک بامزی زرد بزرگ,عروسک,پارچه‌ای,زرد,بزرگ,دنیای اسباب‌بازی,37533,63806,9,پویا تویز,49,28
1651,TOY-1651,ربات جنگجو چندرنگ کوچک,اکشن فیگور,ابرقهرمان,چندرنگ,کوچک,فانتزی,299919,491867,7,آریا اسباب‌بازی,19,16
1652,TOY-1652,لگو آتش‌نشانی چندرنگ خانواده,لگو و ساختنی,لگو,چندرنگ,خانواده,دنیای اسباب‌بازی,820349,1353575,2,تویز لند,36,5
1653,TOY-1653,عروسک بامزی نارنجی خانواده,عروسک,پولیشی,نارنجی,خانواده,شادی,939691,1700840,5,پارس اسباب‌بازی,7,14
1654,TOY-1654,بازی فکری شطرنج مشکی متوسط,فکری و آموزشی,وسایل آموزشی,مشکی,متوسط,شادی,499043,763535,4,کیان تویز,17,26
1655,TOY-1655,بادکنک رنگی زرد خانواده,مهمانی و بادکنک,فشفشه,زرد,خانواده,زرافه,881361,1277973,6,نوین تویز,28,19
1656,TOY-1656,لگو ماشین نارنجی کوچک,لگو و ساختنی,پازل سه‌بعدی,نارنجی,کوچک,شادی,293007,544993,8,ماهان تویز,36,12
1657,TOY-1657,کتاب قصه‌های کهن زرد متوسط,فکری و آموزشی,کتاب داستان,زرد,متوسط,دنیای اسباب‌بازی,37170,63560,4,کیان تویز,25,26
1658,TOY-1658,دندانگیر سفید بزرگ,نوزاد و خردسال,عروسک پارچه‌ای,سفید,بزرگ,شادی,870240,1670860,6,نوین تویز,39,5
1659,TOY-1659,پازل سه‌بعدی برج صورتی متوسط,لگو و ساختنی,لگو,صورتی,متوسط,پیکولو,461063,728479,8,ماهان تویز,39,26
1660,TOY-1660,کتاب قصه‌های کهن قرمز متوسط,فکری و آموزشی,بازی فکری,قرمز,متوسط,کیدزلند,520748,973798,7,آریا اسباب‌بازی,8,16
1661,TOY-1661,توپ فوتبال سبز کوچک,بازی در فضای باز,استخر بادی,سبز,کوچک,زرافه,849518,1376219,1,اسباب‌بازی ایران,21,6
1662,TOY-1662,ماشین فلزی نارنجی خانواده,ماشین و رادیویی,ماشین کنترلی,نارنجی,خانواده,زرافه,333449,480166,6,نوین تویز,45,4
1663,TOY-1663,ماشین سرعتی زرد بزرگ,ماشین و رادیویی,قایق,زرد,بزرگ,کیدزلند,39532,65227,6,نوین تویز,32,13
1664,TOY-1664,فیگور مرد عنکبوتی آبی بزرگ,اکشن فیگور,شخصیت کارتونی,آبی,بزرگ,پاندورا,870245,1453309,7,آریا اسباب‌بازی,47,25
1665,TOY-1665,فشفشه بنفش متوسط,مهمانی و بادکنک,ظروف یکبارمصرف,بنفش,متوسط,فانتزی,866345,1637392,10,دنیای شادی,16,26
1666,TOY-1666,لگو پلیس چندرنگ بزرگ,لگو و ساختنی,بلوک ساختمانی,چندرنگ,بزرگ,پاندورا,912451,1742781,7,آریا اسباب‌بازی,17,11
1667,TOY-1667,فیگور بتمن نارنجی بزرگ,اکشن فیگور,ربات,نارنجی,بزرگ,کیدزلند,131282,228430,4,کیان تویز,17,26
1668,TOY-1668,اسکوتر قرمز خانواده,بازی در فضای باز,استخر بادی,قرمز,خانواده,آسمان,474224,777727,6,نوین تویز,20,15
1669,TOY-1669,عروسک پارچه‌ای سبز کوچک,نوزاد و خردسال,موزیکال,سبز,کوچک,پلی‌تویز,32014,49941,7,آریا اسباب‌بازی,30,13
1670,TOY-1670,توپ فوتبال مشکی بزرگ,بازی در فضای باز,اسکوتر,مشکی,بزرگ,فانتزی,730549,1095823,2,تویز لند,14,12
1671,TOY-1671,استخر بادی بنفش متوسط,بازی در فضای باز,اسکوتر,بنفش,متوسط,فانتزی,723025,1207451,5,پارس اسباب‌بازی,35,13
1672,TOY-1672,دوچرخه کودک سفید متوسط,بازی در فضای باز,توپ,سفید,متوسط,کیدزلند,465790,735948,4,کیان تویز,10,11
1673,TOY-1673,ماشین سرعتی قرمز متوسط,ماشین و رادیویی,ماشین کنترلی,قرمز,متوسط,تویز,150874,270064,8,ماهان تویز,38,20
1674,TOY-1674,عروسک باربی سفید خانواده,عروسک,فیگور,سفید,خانواده,پاندورا,462785,800618,9,پویا تویز,43,19
1675,TOY-1675,هواپیمای کنترلی آبی کوچک,ماشین و رادیویی,قایق,آبی,کوچک,پاندورا,471423,707134,7,آریا اسباب‌بازی,27,29
1676,TOY-1676,بادکنک رنگی سبز بزرگ,مهمانی و بادکنک,فشفشه,سبز,بزرگ,کیدزلند,632473,999307,6,نوین تویز,26,22
1677,TOY-1677,لگو پلیس مشکی متوسط,لگو و ساختنی,بلوک ساختمانی,مشکی,متوسط,دنیای اسباب‌بازی,140546,251577,6,نوین تویز,33,10
1678,TOY-1678,توپ بسکتبال آبی بزرگ,بازی در فضای باز,استخر بادی,آبی,بزرگ,تویز,590032,1056157,7,آریا اسباب‌بازی,26,20
1679,TOY-1679,لگو آتش‌نشانی نارنجی کوچک,لگو و ساختنی,پازل سه‌بعدی,نارنجی,کوچک,تویز,542846,770841,4,کیان تویز,42,24
1680,TOY-1680,ماشین فلزی زرد بزرگ,ماشین و رادیویی,قایق,زرد,بزرگ,پاندورا,109003,180944,3,بازی و شادی,35,12
1681,TOY-1681,ظروف مهمانی سفید متوسط,مهمانی و بادکنک,کلاه تولد,سفید,متوسط,پلی‌تویز,287159,476683,2,تویز لند,48,20
1682,TOY-1682,کتاب قصه‌های کهن آبی خانواده,فکری و آموزشی,پازل,آبی,خانواده,دنیای اسباب‌بازی,243717,355826,10,دنیای شادی,42,5
1683,TOY-1683,پازل ۱۰۰ تکه صورتی بزرگ,فکری و آموزشی,بازی فکری,صورتی,بزرگ,پیکولو,503886,861645,7,آریا اسباب‌بازی,17,11
1684,TOY-1684,کتاب قصه‌های کهن نارنجی متوسط,فکری و آموزشی,وسایل آموزشی,نارنجی,متوسط,آسمان,289129,563801,4,کیان تویز,32,23
1685,TOY-1685,استخر بادی صورتی بزرگ,بازی در فضای باز,استخر بادی,صورتی,بزرگ,دنیای اسباب‌بازی,155213,287144,8,ماهان تویز,31,28
1686,TOY-1686,دوچرخه کودک آبی بزرگ,بازی در فضای باز,توپ,آبی,بزرگ,زرافه,632873,968295,8,ماهان تویز,11,12
1687,TOY-1687,ربات جنگجو آبی متوسط,اکشن فیگور,ابرقهرمان,آبی,متوسط,پاندورا,902430,1335596,6,نوین تویز,9,25
1688,TOY-1688,پازل سه‌بعدی برج سبز خانواده,لگو و ساختنی,پازل سه‌بعدی,سبز,خانواده,پاندورا,826508,1636485,10,دنیای شادی,36,28
1689,TOY-1689,جغجغه سفید بزرگ,نوزاد و خردسال,عروسک پارچه‌ای,سفید,بزرگ,دنیای اسباب‌بازی,521789,907912,4,کیان تویز,33,24
1690,TOY-1690,دندانگیر مشکی بزرگ,نوزاد و خردسال,جغجغه,مشکی,بزرگ,شادی,649934,1039894,7,آریا اسباب‌بازی,8,5
1691,TOY-1691,پازل چوبی صورتی بزرگ,نوزاد و خردسال,پازل چوبی,صورتی,بزرگ,تویز,795423,1399944,5,پارس اسباب‌بازی,15,3
1692,TOY-1692,فشفشه قرمز بزرگ,مهمانی و بادکنک,کلاه تولد,قرمز,بزرگ,پاندورا,998253,1437484,7,آریا اسباب‌بازی,37,23
1693,TOY-1693,پازل نقشه ایران زرد کوچک,فکری و آموزشی,بازی فکری,زرد,کوچک,پیکولو,425659,685310,10,دنیای شادی,6,29
1694,TOY-1694,فیگور شرک نارنجی کوچک,اکشن فیگور,ابرقهرمان,نارنجی,کوچک,تویز,119024,215433,7,آریا اسباب‌بازی,5,5
1695,TOY-1695,بلوک‌های خانه نارنجی کوچک,لگو و ساختنی,پازل سه‌بعدی,نارنجی,کوچک,تویز,553015,857173,9,پویا تویز,5,27
1696,TOY-1696,پازل نقشه ایران زرد متوسط,فکری و آموزشی,وسایل آموزشی,زرد,متوسط,دنیای اسباب‌بازی,759240,1328670,7,آریا اسباب‌بازی,6,20
1697,TOY-1697,بازی فکری شطرنج مشکی بزرگ,فکری و آموزشی,وسایل آموزشی,مشکی,بزرگ,زرافه,92311,162467,4,کیان تویز,14,7
1698,TOY-1698,پازل ۱۰۰ تکه قرمز کوچک,فکری و آموزشی,پازل,قرمز,کوچک,دنیای اسباب‌بازی,862580,1449134,7,آریا اسباب‌بازی,42,12
1699,TOY-1699,کلاه جشن تولد سفید بزرگ,مهمانی و بادکنک,بادکنک,سفید,بزرگ,تویز,296915,486940,4,کیان تویز,25,19
1700,TOY-1700,چرتکه آموزشی آبی خانواده,فکری و آموزشی,پازل,آبی,خانواده,زرافه,358084,698263,3,بازی و شادی,7,12
1701,TOY-1701,توپ فوتبال آبی خانواده,بازی در فضای باز,توپ,آبی,خانواده,تویز,671956,1269996,1,اسباب‌بازی ایران,25,15
1702,TOY-1702,ماشین سرعتی صورتی متوسط,ماشین و رادیویی,ماشین کنترلی,صورتی,متوسط,پیکولو,708548,1119505,5,پارس اسباب‌بازی,30,10
1703,TOY-1703,فیگور شرک قرمز بزرگ,اکشن فیگور,ربات,قرمز,بزرگ,آسمان,362760,652968,8,ماهان تویز,20,3
1704,TOY-1704,چرتکه آموزشی چندرنگ خانواده,فکری و آموزشی,پازل,چندرنگ,خانواده,زرافه,41560,61508,5,پارس اسباب‌بازی,35,15
1705,TOY-1705,عروسک پارچه‌ای صورتی بزرگ,نوزاد و خردسال,جغجغه,صورتی,بزرگ,پاندورا,465566,782150,5,پارس اسباب‌بازی,25,4
1706,TOY-1706,پازل ۱۰۰ تکه بنفش خانواده,فکری و آموزشی,کتاب داستان,بنفش,خانواده,شادی,680642,1286413,9,پویا تویز,42,16
1707,TOY-1707,لگو آتش‌نشانی چندرنگ کوچک,لگو و ساختنی,ماکت,چندرنگ,کوچک,زرافه,939531,1512644,4,کیان تویز,37,23
1708,TOY-1708,ظروف مهمانی چندرنگ کوچک,مهمانی و بادکنک,فشفشه,چندرنگ,کوچک,آسمان,681510,1090416,6,نوین تویز,12,21
1709,TOY-1709,ماشین کنترلی شارژی نارنجی متوسط,ماشین و رادیویی,ماشین کنترلی,نارنجی,متوسط,پلی‌تویز,642117,905384,8,ماهان تویز,24,10
1710,TOY-1710,بازی فکری شطرنج صورتی خانواده,فکری و آموزشی,پازل,صورتی,خانواده,دنیای اسباب‌بازی,848416,1408370,10,دنیای شادی,33,18
1711,TOY-1711,کتاب قصه‌های کهن سفید خانواده,فکری و آموزشی,پازل,سفید,خانواده,آسمان,595057,1077053,6,نوین تویز,14,24
1712,TOY-1712,هواپیمای کنترلی چندرنگ خانواده,ماشین و رادیویی,ماشین کنترلی,چندرنگ,خانواده,تویز,210992,318597,5,پارس اسباب‌بازی,41,24
1713,TOY-1713,پازل نقشه ایران بنفش بزرگ,فکری و آموزشی,کتاب داستان,بنفش,بزرگ,پلی‌تویز,949362,1556953,6,نوین تویز,33,18
1714,TOY-1714,کاغذ رنگی نارنجی کوچک,مهمانی و بادکنک,ظروف یکبارمصرف,نارنجی,کوچک,کیدزلند,539681,793331,7,آریا اسباب‌بازی,35,16
1715,TOY-1715,لگو آتش‌نشانی قرمز متوسط,لگو و ساختنی,ماکت,قرمز,متوسط,دنیای اسباب‌بازی,998369,1717194,2,تویز لند,31,26
1716,TOY-1716,قایق اسباب‌بازی آبی کوچک,ماشین و رادیویی,ماشین ساده,آبی,کوچک,زرافه,967562,1606152,8,ماهان تویز,47,10
1717,TOY-1717,ماشین فلزی نارنجی خانواده,ماشین و رادیویی,قایق,نارنجی,خانواده,زرافه,749433,1356473,1,اسباب‌بازی ایران,11,12
1718,TOY-1718,استخر بادی سفید بزرگ,بازی در فضای باز,توپ,سفید,بزرگ,دنیای اسباب‌بازی,371906,550420,6,نوین تویز,6,27
1719,TOY-1719,فیگور بتمن سفید متوسط,اکشن فیگور,ابرقهرمان,سفید,متوسط,پیکولو,766461,1356635,6,نوین تویز,27,12
1720,TOY-1720,استخر بادی زرد بزرگ,بازی در فضای باز,استخر بادی,زرد,بزرگ,فانتزی,527450,849194,3,بازی و شادی,7,8
1721,TOY-1721,فشفشه صورتی متوسط,مهمانی و بادکنک,بادکنک,صورتی,متوسط,فانتزی,591393,1046765,8,ماهان تویز,6,28
1722,TOY-1722,بلوک‌های خانه زرد متوسط,لگو و ساختنی,لگو,زرد,متوسط,کیدزلند,712178,1353138,9,پویا تویز,16,24
1723,TOY-1723,بادکنک رنگی قرمز خانواده,مهمانی و بادکنک,فشفشه,قرمز,خانواده,پیکولو,755095,1442231,3,بازی و شادی,24,3
1724,TOY-1724,لگو ماشین زرد بزرگ,لگو و ساختنی,پازل سه‌بعدی,زرد,بزرگ,تویز,48592,80662,4,کیان تویز,49,11
1725,TOY-1725,استخر بادی چندرنگ بزرگ,بازی در فضای باز,اسکوتر,چندرنگ,بزرگ,شادی,191508,350459,10,دنیای شادی,15,26
1726,TOY-1726,دندانگیر نارنجی متوسط,نوزاد و خردسال,موزیکال,نارنجی,متوسط,کیدزلند,258321,439145,10,دنیای شادی,30,15
1727,TOY-1727,ماشین فلزی سفید متوسط,ماشین و رادیویی,ماشین کنترلی,سفید,متوسط,آسمان,235362,350689,10,دنیای شادی,39,26
1728,TOY-1728,لگو ماشین چندرنگ خانواده,لگو و ساختنی,بلوک ساختمانی,چندرنگ,خانواده,شادی,515600,1005420,10,دنیای شادی,20,29
1729,TOY-1729,دوچرخه کودک سبز کوچک,بازی در فضای باز,استخر بادی,سبز,کوچک,پلی‌تویز,656550,1011087,4,کیان تویز,20,17
1730,TOY-1730,لگو آتش‌نشانی سبز خانواده,لگو و ساختنی,بلوک ساختمانی,سبز,خانواده,تویز,692926,1219549,6,نوین تویز,19,28
1731,TOY-1731,لگو آتش‌نشانی نارنجی خانواده,لگو و ساختنی,لگو,نارنجی,خانواده,زرافه,330178,551397,8,ماهان تویز,39,15
1732,TOY-1732,فیگور شرک آبی متوسط,اکشن فیگور,سرباز,آبی,متوسط,دنیای اسباب‌بازی,984566,1555614,7,آریا اسباب‌بازی,43,11
1733,TOY-1733,پازل چوبی مشکی بزرگ,نوزاد و خردسال,پازل چوبی,مشکی,بزرگ,دنیای اسباب‌بازی,373911,650605,6,نوین تویز,43,5
1734,TOY-1734,لگو آتش‌نشانی سفید متوسط,لگو و ساختنی,بلوک ساختمانی,سفید,متوسط,زرافه,281192,542700,9,پویا تویز,37,7
1735,TOY-1735,فشفشه آبی خانواده,مهمانی و بادکنک,ظروف یکبارمصرف,آبی,خانواده,شادی,948880,1442297,3,بازی و شادی,11,6
1736,TOY-1736,عروسک پولیشی مشکی خانواده,عروسک,فیگور,مشکی,خانواده,پلی‌تویز,559298,1012329,10,دنیای شادی,36,15
1737,TOY-1737,چرتکه آموزشی سبز کوچک,فکری و آموزشی,کتاب داستان,سبز,کوچک,پلی‌تویز,322539,487033,8,ماهان تویز,34,24
1738,TOY-1738,فیگور مرد عنکبوتی چندرنگ بزرگ,اکشن فیگور,ابرقهرمان,چندرنگ,بزرگ,شادی,355611,618763,2,تویز لند,20,28
1739,TOY-1739,فیگور شرک قرمز بزرگ,اکشن فیگور,سرباز,قرمز,بزرگ,تویز,527862,770678,5,پارس اسباب‌بازی,26,26
1740,TOY-1740,بادکنک رنگی سفید بزرگ,مهمانی و بادکنک,ظروف یکبارمصرف,سفید,بزرگ,تویز,654126,994271,10,دنیای شادی,40,6
1741,TOY-1741,عروسک بامزی بنفش خانواده,عروسک,پولیشی,بنفش,خانواده,فانتزی,114179,175835,8,ماهان تویز,22,20
1742,TOY-1742,بلوک‌های خانه قرمز متوسط,لگو و ساختنی,لگو,قرمز,متوسط,فانتزی,150876,244419,3,بازی و شادی,6,23
1743,TOY-1743,لگو پلیس قرمز خانواده,لگو و ساختنی,ماکت,قرمز,خانواده,تویز,241754,345708,6,نوین تویز,43,24
1744,TOY-1744,لگو آتش‌نشانی چندرنگ کوچک,لگو و ساختنی,پازل سه‌بعدی,چندرنگ,کوچک,شادی,197031,327071,6,نوین تویز,35,21
1745,TOY-1745,ماشین سرعتی قرمز خانواده,ماشین و رادیویی,هواپیما,قرمز,خانواده,زرافه,837419,1666463,1,اسباب‌بازی ایران,41,4
1746,TOY-1746,لگو ماشین سبز بزرگ,لگو و ساختنی,بلوک ساختمانی,سبز,بزرگ,کیدزلند,701024,1261843,3,بازی و شادی,37,5
1747,TOY-1747,فشفشه چندرنگ متوسط,مهمانی و بادکنک,بادکنک,چندرنگ,متوسط,دنیای اسباب‌بازی,249489,369243,7,آریا اسباب‌بازی,24,4
1748,TOY-1748,هواپیمای کنترلی سفید بزرگ,ماشین و رادیویی,ماشین کنترلی,سفید,بزرگ,کیدزلند,133818,250239,6,نوین تویز,41,20
1749,TOY-1749,کاغذ رنگی بنفش کوچک,مهمانی و بادکنک,بادکنک,بنفش,کوچک,کیدزلند,401348,714399,2,تویز لند,11,16
1750,TOY-1750,ماشین فلزی مشکی کوچک,ماشین و رادیویی,ماشین کنترلی,مشکی,کوچک,فانتزی,454632,722864,1,اسباب‌بازی ایران,21,28
1751,TOY-1751,کتاب قصه‌های کهن آبی متوسط,فکری و آموزشی,وسایل آموزشی,آبی,متوسط,آسمان,938091,1838658,4,کیان تویز,21,7
1752,TOY-1752,ماشین کنترلی شارژی صورتی بزرگ,ماشین و رادیویی,هواپیما,صورتی,بزرگ,فانتزی,878501,1616441,5,پارس اسباب‌بازی,37,6
1753,TOY-1753,قایق اسباب‌بازی زرد متوسط,ماشین و رادیویی,هواپیما,زرد,متوسط,آسمان,95266,148614,4,کیان تویز,33,20
1754,TOY-1754,هواپیمای کنترلی بنفش بزرگ,ماشین و رادیویی,هواپیما,بنفش,بزرگ,کیدزلند,729423,1130605,8,ماهان تویز,46,17
1755,TOY-1755,سرباز اسباب‌بازی نارنجی خانواده,اکشن فیگور,سرباز,نارنجی,خانواده,فانتزی,394061,701428,1,اسباب‌بازی ایران,48,9
1756,TOY-1756,دندانگیر چندرنگ متوسط,نوزاد و خردسال,عروسک پارچه‌ای,چندرنگ,متوسط,زرافه,257980,461784,6,نوین تویز,46,8
1757,TOY-1757,اسکوتر نارنجی بزرگ,بازی در فضای باز,دوچرخه,نارنجی,بزرگ,کیدزلند,46405,90489,9,پویا تویز,24,28
1758,TOY-1758,بازی فکری شطرنج بنفش بزرگ,فکری و آموزشی,وسایل آموزشی,بنفش,بزرگ,تویز,36831,69242,2,تویز لند,17,6
1759,TOY-1759,ماشین فلزی بنفش بزرگ,ماشین و رادیویی,قایق,بنفش,بزرگ,شادی,431294,780642,10,دنیای شادی,41,10
1760,TOY-1760,موبایل موزیکال آبی بزرگ,نوزاد و خردسال,جغجغه,آبی,بزرگ,تویز,517789,973443,3,بازی و شادی,9,15
1761,TOY-1761,موبایل موزیکال مشکی کوچک,نوزاد و خردسال,پازل چوبی,مشکی,کوچک,فانتزی,965422,1448133,6,نوین تویز,7,20
1762,TOY-1762,استخر بادی نارنجی متوسط,بازی در فضای باز,دوچرخه,نارنجی,متوسط,تویز,293566,554839,8,ماهان تویز,34,11
1763,TOY-1763,ظروف مهمانی بنفش متوسط,مهمانی و بادکنک,ظروف یکبارمصرف,بنفش,متوسط,آسمان,361958,720296,6,نوین تویز,8,27
1764,TOY-1764,ربات جنگجو سفید کوچک,اکشن فیگور,ربات,سفید,کوچک,پلی‌تویز,717695,1392328,9,پویا تویز,39,25
1765,TOY-1765,پازل سه‌بعدی برج سفید خانواده,لگو و ساختنی,ماکت,سفید,خانواده,پیکولو,82717,116630,1,اسباب‌بازی ایران,45,14
1766,TOY-1766,هواپیمای کنترلی چندرنگ متوسط,ماشین و رادیویی,ماشین ساده,چندرنگ,متوسط,پیکولو,146766,256840,3,بازی و شادی,6,20
1767,TOY-1767,ماشین کنترلی شارژی آبی بزرگ,ماشین و رادیویی,هواپیما,آبی,بزرگ,فانتزی,326717,552151,6,نوین تویز,46,14
1768,TOY-1768,کلاه جشن تولد بنفش کوچک,مهمانی و بادکنک,ظروف یکبارمصرف,بنفش,کوچک,فانتزی,622807,1239385,4,کیان تویز,29,4
1769,TOY-1769,هواپیمای کنترلی آبی متوسط,ماشین و رادیویی,هواپیما,آبی,متوسط,پلی‌تویز,648183,933383,4,کیان تویز,10,24
1770,TOY-1770,عروسک پارچه‌ای سبز بزرگ,نوزاد و خردسال,جغجغه,سبز,بزرگ,تویز,548755,1097510,8,ماهان تویز,30,27
1771,TOY-1771,ماشین کنترلی شارژی بنفش خانواده,ماشین و رادیویی,هواپیما,بنفش,خانواده,پلی‌تویز,821575,1363814,8,ماهان تویز,47,28
1772,TOY-1772,عروسک پارچه‌ای آبی خانواده,نوزاد و خردسال,پازل چوبی,آبی,خانواده,فانتزی,894291,1690209,6,نوین تویز,40,4
1773,TOY-1773,هواپیمای کنترلی سفید خانواده,ماشین و رادیویی,قایق,سفید,خانواده,پیکولو,271333,529099,7,آریا اسباب‌بازی,22,23
1774,TOY-1774,پازل سه‌بعدی برج چندرنگ کوچک,لگو و ساختنی,پازل سه‌بعدی,چندرنگ,کوچک,پلی‌تویز,637967,905913,10,دنیای شادی,48,24
1775,TOY-1775,هواپیمای کنترلی مشکی بزرگ,ماشین و رادیویی,ماشین ساده,مشکی,بزرگ,دنیای اسباب‌بازی,298830,499046,1,اسباب‌بازی ایران,47,10
1776,TOY-1776,عروسک پارچه‌ای سبز خانواده,نوزاد و خردسال,جغجغه,سبز,خانواده,پلی‌تویز,885516,1753321,1,اسباب‌بازی ایران,24,10
1777,TOY-1777,کتاب قصه‌های کهن آبی بزرگ,فکری و آموزشی,وسایل آموزشی,آبی,بزرگ,زرافه,867875,1423315,3,بازی و شادی,19,10
1778,TOY-1778,موبایل موزیکال سفید خانواده,نوزاد و خردسال,عروسک پارچه‌ای,سفید,خانواده,پاندورا,699097,1377221,1,اسباب‌بازی ایران,36,28
1779,TOY-1779,دوچرخه کودک سبز خانواده,بازی در فضای باز,استخر بادی,سبز,خانواده,دنیای اسباب‌بازی,452233,777840,2,تویز لند,46,9
1780,TOY-1780,فشفشه آبی خانواده,مهمانی و بادکنک,بادکنک,آبی,خانواده,تویز,754027,1123500,3,بازی و شادی,41,21
1781,TOY-1781,فیگور شرک نارنجی خانواده,اکشن فیگور,ابرقهرمان,نارنجی,خانواده,پاندورا,291114,579316,1,اسباب‌بازی ایران,11,28
1782,TOY-1782,ظروف مهمانی قرمز بزرگ,مهمانی و بادکنک,ظروف یکبارمصرف,قرمز,بزرگ,زرافه,202547,326100,5,پارس اسباب‌بازی,46,23
1783,TOY-1783,لگو ماشین مشکی خانواده,لگو و ساختنی,ماکت,مشکی,خانواده,شادی,835041,1377817,9,پویا تویز,26,17
1784,TOY-1784,فیگور بتمن صورتی خانواده,اکشن فیگور,شخصیت کارتونی,صورتی,خانواده,کیدزلند,871001,1567801,3,بازی و شادی,27,3
1785,TOY-1785,عروسک بامزی سفید متوسط,عروسک,فیگور,سفید,متوسط,دنیای اسباب‌بازی,503263,764959,10,دنیای شادی,34,28
1786,TOY-1786,بادکنک رنگی بنفش بزرگ,مهمانی و بادکنک,ظروف یکبارمصرف,بنفش,بزرگ,تویز,377980,755960,2,تویز لند,30,18
1787,TOY-1787,فشفشه قرمز بزرگ,مهمانی و بادکنک,ظروف یکبارمصرف,قرمز,بزرگ,آسمان,501309,872277,7,آریا اسباب‌بازی,10,16
1788,TOY-1788,فیگور مرد عنکبوتی نارنجی بزرگ,اکشن فیگور,سرباز,نارنجی,بزرگ,فانتزی,907319,1270246,5,پارس اسباب‌بازی,22,29
1789,TOY-1789,فیگور مرد عنکبوتی بنفش بزرگ,اکشن فیگور,ربات,بنفش,بزرگ,آسمان,727721,1288066,1,اسباب‌بازی ایران,21,25
1790,TOY-1790,لگو پلیس نارنجی خانواده,لگو و ساختنی,پازل سه‌بعدی,نارنجی,خانواده,پلی‌تویز,241193,373849,3,بازی و شادی,18,24
1791,TOY-1791,لگو آتش‌نشانی سبز خانواده,لگو و ساختنی,لگو,سبز,خانواده,زرافه,479303,810022,5,پارس اسباب‌بازی,16,5
1792,TOY-1792,فیگور شرک زرد خانواده,اکشن فیگور,ربات,زرد,خانواده,تویز,647973,1257067,2,تویز لند,11,10
1793,TOY-1793,فیگور مرد عنکبوتی سبز کوچک,اکشن فیگور,سرباز,سبز,کوچک,زرافه,126171,223322,9,پویا تویز,45,12
1794,TOY-1794,بلوک‌های خانه صورتی خانواده,لگو و ساختنی,پازل سه‌بعدی,صورتی,خانواده,تویز,784645,1200506,3,بازی و شادی,19,22
1795,TOY-1795,استخر بادی آبی متوسط,بازی در فضای باز,توپ,آبی,متوسط,پیکولو,424142,831318,5,پارس اسباب‌بازی,38,5
1796,TOY-1796,توپ فوتبال مشکی خانواده,بازی در فضای باز,دوچرخه,مشکی,خانواده,پلی‌تویز,531754,771043,7,آریا اسباب‌بازی,10,25
1797,TOY-1797,اسکوتر نارنجی کوچک,بازی در فضای باز,دوچرخه,نارنجی,کوچک,پیکولو,306841,536971,7,آریا اسباب‌بازی,7,20
1798,TOY-1798,هواپیمای کنترلی قرمز خانواده,ماشین و رادیویی,هواپیما,قرمز,خانواده,پلی‌تویز,966861,1450291,1,اسباب‌بازی ایران,9,5
1799,TOY-1799,موبایل موزیکال سفید خانواده,نوزاد و خردسال,عروسک پارچه‌ای,سفید,خانواده,پیکولو,268090,490604,6,نوین تویز,9,3
1800,TOY-1800,لگو آتش‌نشانی قرمز بزرگ,لگو و ساختنی,بلوک ساختمانی,قرمز,بزرگ,پلی‌تویز,683217,1209294,2,تویز لند,22,14
1801,TOY-1801,توپ بسکتبال صورتی بزرگ,بازی در فضای باز,استخر بادی,صورتی,بزرگ,دنیای اسباب‌بازی,106267,170027,7,آریا اسباب‌بازی,49,18
1802,TOY-1802,فشفشه مشکی بزرگ,مهمانی و بادکنک,بادکنک,مشکی,بزرگ,شادی,988373,1611047,8,ماهان تویز,40,13
1803,TOY-1803,قایق اسباب‌بازی زرد متوسط,ماشین و رادیویی,قایق,زرد,متوسط,زرافه,694183,1062099,5,پارس اسباب‌بازی,39,18
1804,TOY-1804,دندانگیر آبی خانواده,نوزاد و خردسال,جغجغه,آبی,خانواده,دنیای اسباب‌بازی,302846,499695,6,نوین تویز,46,11
1805,TOY-1805,لگو ماشین مشکی بزرگ,لگو و ساختنی,بلوک ساختمانی,مشکی,بزرگ,آسمان,49061,94687,6,نوین تویز,36,21
1806,TOY-1806,بادکنک رنگی سبز متوسط,مهمانی و بادکنک,ظروف یکبارمصرف,سبز,متوسط,پیکولو,358351,501691,6,نوین تویز,42,21
1807,TOY-1807,جغجغه سفید خانواده,نوزاد و خردسال,پازل چوبی,سفید,خانواده,پلی‌تویز,425699,847141,7,آریا اسباب‌بازی,18,27
1808,TOY-1808,ماشین سرعتی آبی کوچک,ماشین و رادیویی,قایق,آبی,کوچک,زرافه,60567,89033,4,کیان تویز,30,20
1809,TOY-1809,پازل نقشه ایران سفید متوسط,فکری و آموزشی,پازل,سفید,متوسط,فانتزی,387663,721053,7,آریا اسباب‌بازی,5,23
1810,TOY-1810,عروسک پارچه‌ای صورتی بزرگ,نوزاد و خردسال,موزیکال,صورتی,بزرگ,شادی,848860,1256312,6,نوین تویز,48,6
1811,TOY-1811,لگو ماشین نارنجی خانواده,لگو و ساختنی,پازل سه‌بعدی,نارنجی,خانواده,پلی‌تویز,108249,194848,7,آریا اسباب‌بازی,44,28
1812,TOY-1812,فشفشه بنفش متوسط,مهمانی و بادکنک,ظروف یکبارمصرف,بنفش,متوسط,فانتزی,938398,1782956,7,آریا اسباب‌بازی,16,4
1813,TOY-1813,توپ بسکتبال مشکی خانواده,بازی در فضای باز,توپ,مشکی,خانواده,فانتزی,224883,422780,2,تویز لند,34,7
1814,TOY-1814,پازل چوبی صورتی متوسط,نوزاد و خردسال,پازل چوبی,صورتی,متوسط,تویز,310475,611635,10,دنیای شادی,39,29
1815,TOY-1815,پازل نقشه ایران چندرنگ کوچک,فکری و آموزشی,بازی فکری,چندرنگ,کوچک,پیکولو,175411,301706,10,دنیای شادی,37,9
1816,TOY-1816,موبایل موزیکال چندرنگ متوسط,نوزاد و خردسال,جغجغه,چندرنگ,متوسط,فانتزی,655795,924670,10,دنیای شادی,32,13
1817,TOY-1817,فشفشه قرمز خانواده,مهمانی و بادکنک,بادکنک,قرمز,خانواده,دنیای اسباب‌بازی,168770,237965,9,پویا تویز,45,29
1818,TOY-1818,کتاب قصه‌های کهن مشکی متوسط,فکری و آموزشی,بازی فکری,مشکی,متوسط,فانتزی,934298,1681736,8,ماهان تویز,25,28
1819,TOY-1819,بازی فکری شطرنج سفید کوچک,فکری و آموزشی,وسایل آموزشی,سفید,کوچک,تویز,42882,74185,4,کیان تویز,33,22
1820,TOY-1820,کلاه جشن تولد چندرنگ خانواده,مهمانی و بادکنک,ظروف یکبارمصرف,چندرنگ,خانواده,پلی‌تویز,513998,740157,3,بازی و شادی,29,4
1821,TOY-1821,کاغذ رنگی مشکی متوسط,مهمانی و بادکنک,بادکنک,مشکی,متوسط,پلی‌تویز,772577,1182042,8,ماهان تویز,45,27
1822,TOY-1822,لگو پلیس صورتی خانواده,لگو و ساختنی,لگو,صورتی,خانواده,زرافه,824657,1418410,2,تویز لند,9,15
1823,TOY-1823,دندانگیر آبی کوچک,نوزاد و خردسال,موزیکال,آبی,کوچک,پاندورا,236644,416493,8,ماهان تویز,39,14
1824,TOY-1824,عروسک پولیشی قرمز بزرگ,عروسک,فیگور,قرمز,بزرگ,زرافه,769658,1346901,9,پویا تویز,43,15
1825,TOY-1825,بادکنک رنگی آبی متوسط,مهمانی و بادکنک,ظروف یکبارمصرف,آبی,متوسط,آسمان,60402,88790,10,دنیای شادی,24,7
1826,TOY-1826,بلوک‌های خانه صورتی بزرگ,لگو و ساختنی,بلوک ساختمانی,صورتی,بزرگ,فانتزی,471308,871919,4,کیان تویز,12,26
1827,TOY-1827,فشفشه آبی بزرگ,مهمانی و بادکنک,کلاه تولد,آبی,بزرگ,کیدزلند,560508,969678,8,ماهان تویز,16,15
1828,TOY-1828,فشفشه مشکی بزرگ,مهمانی و بادکنک,کلاه تولد,مشکی,بزرگ,پاندورا,857686,1638180,6,نوین تویز,36,26
1829,TOY-1829,کاغذ رنگی سفید کوچک,مهمانی و بادکنک,فشفشه,سفید,کوچک,فانتزی,106703,178194,3,بازی و شادی,44,20
1830,TOY-1830,دوچرخه کودک مشکی بزرگ,بازی در فضای باز,توپ,مشکی,بزرگ,آسمان,45442,80432,5,پارس اسباب‌بازی,36,20
1831,TOY-1831,قایق اسباب‌بازی بنفش بزرگ,ماشین و رادیویی,هواپیما,بنفش,بزرگ,فانتزی,705852,1030543,3,بازی و شادی,9,24
1832,TOY-1832,قایق اسباب‌بازی سفید متوسط,ماشین و رادیویی,هواپیما,سفید,متوسط,تویز,340455,633246,4,کیان تویز,22,19
1833,TOY-1833,توپ بسکتبال قرمز بزرگ,بازی در فضای باز,دوچرخه,قرمز,بزرگ,شادی,403552,665860,9,پویا تویز,9,25
1834,TOY-1834,دندانگیر سبز بزرگ,نوزاد و خردسال,پازل چوبی,سبز,بزرگ,فانتزی,444715,667072,10,دنیای شادی,22,25
1835,TOY-1835,ربات جنگجو بنفش متوسط,اکشن فیگور,سرباز,بنفش,متوسط,دنیای اسباب‌بازی,857580,1500765,8,ماهان تویز,37,27
1836,TOY-1836,قایق اسباب‌بازی قرمز کوچک,ماشین و رادیویی,قایق,قرمز,کوچک,شادی,215921,362747,4,کیان تویز,47,19
1837,TOY-1837,دوچرخه کودک سبز بزرگ,بازی در فضای باز,دوچرخه,سبز,بزرگ,پیکولو,377965,650099,2,تویز لند,34,21
1838,TOY-1838,کتاب قصه‌های کهن بنفش کوچک,فکری و آموزشی,وسایل آموزشی,بنفش,کوچک,دنیای اسباب‌بازی,802955,1284728,4,کیان تویز,22,25
1839,TOY-1839,پازل ۱۰۰ تکه صورتی کوچک,فکری و آموزشی,وسایل آموزشی,صورتی,کوچک,شادی,358452,512586,9,پویا تویز,44,20
1840,TOY-1840,لگو ماشین نارنجی کوچک,لگو و ساختنی,پازل سه‌بعدی,نارنجی,کوچک,تویز,600265,1176519,8,ماهان تویز,21,21
1841,TOY-1841,چرتکه آموزشی سبز متوسط,فکری و آموزشی,بازی فکری,سبز,متوسط,پلی‌تویز,261187,491031,8,ماهان تویز,41,4
1842,TOY-1842,ماشین سرعتی سفید بزرگ,ماشین و رادیویی,ماشین کنترلی,سفید,بزرگ,کیدزلند,354024,516875,4,کیان تویز,14,26
1843,TOY-1843,لگو ماشین سفید کوچک,لگو و ساختنی,بلوک ساختمانی,سفید,کوچک,پلی‌تویز,950802,1502267,4,کیان تویز,30,19
1844,TOY-1844,کتاب قصه‌های کهن آبی کوچک,فکری و آموزشی,کتاب داستان,آبی,کوچک,شادی,64104,101925,2,تویز لند,20,10
1845,TOY-1845,پازل ۱۰۰ تکه بنفش کوچک,فکری و آموزشی,کتاب داستان,بنفش,کوچک,پاندورا,109550,173089,4,کیان تویز,25,20
1846,TOY-1846,لگو ماشین بنفش بزرگ,لگو و ساختنی,بلوک ساختمانی,بنفش,بزرگ,پیکولو,348897,547768,1,اسباب‌بازی ایران,36,11
1847,TOY-1847,پازل چوبی زرد خانواده,نوزاد و خردسال,جغجغه,زرد,خانواده,تویز,512590,804766,5,پارس اسباب‌بازی,29,4
1848,TOY-1848,پازل چوبی سبز بزرگ,نوزاد و خردسال,موزیکال,سبز,بزرگ,دنیای اسباب‌بازی,104323,187781,8,ماهان تویز,42,5
1849,TOY-1849,اسکوتر نارنجی متوسط,بازی در فضای باز,اسکوتر,نارنجی,متوسط,شادی,504600,792222,5,پارس اسباب‌بازی,5,7
1850,TOY-1850,توپ فوتبال سبز خانواده,بازی در فضای باز,استخر بادی,سبز,خانواده,تویز,228829,423333,6,نوین تویز,19,15
1851,TOY-1851,کلاه جشن تولد سبز کوچک,مهمانی و بادکنک,ظروف یکبارمصرف,سبز,کوچک,زرافه,856966,1302588,5,پارس اسباب‌بازی,11,16
1852,TOY-1852,بلوک‌های خانه نارنجی متوسط,لگو و ساختنی,ماکت,نارنجی,متوسط,پلی‌تویز,826291,1371643,2,تویز لند,35,12
1853,TOY-1853,چرتکه آموزشی نارنجی بزرگ,فکری و آموزشی,بازی فکری,نارنجی,بزرگ,شادی,289501,495046,9,پویا تویز,40,28
1854,TOY-1854,فشفشه چندرنگ متوسط,مهمانی و بادکنک,بادکنک,چندرنگ,متوسط,پیکولو,220100,433597,3,بازی و شادی,31,27
1855,TOY-1855,فیگور بتمن صورتی متوسط,اکشن فیگور,ابرقهرمان,صورتی,متوسط,فانتزی,341887,485479,10,دنیای شادی,22,7
1856,TOY-1856,ماشین سرعتی بنفش خانواده,ماشین و رادیویی,هواپیما,بنفش,خانواده,آسمان,711326,1280386,4,کیان تویز,12,22
1857,TOY-1857,اسکوتر مشکی متوسط,بازی در فضای باز,استخر بادی,مشکی,متوسط,آسمان,736777,1267256,6,نوین تویز,34,23
1858,TOY-1858,ربات جنگجو سفید خانواده,اکشن فیگور,سرباز,سفید,خانواده,پیکولو,136771,222936,7,آریا اسباب‌بازی,15,19
1859,TOY-1859,پازل چوبی قرمز خانواده,نوزاد و خردسال,جغجغه,قرمز,خانواده,شادی,793121,1356236,3,بازی و شادی,27,21
1860,TOY-1860,بادکنک رنگی زرد متوسط,مهمانی و بادکنک,فشفشه,زرد,متوسط,آسمان,176726,277459,5,پارس اسباب‌بازی,41,7
1861,TOY-1861,سرباز اسباب‌بازی صورتی خانواده,اکشن فیگور,شخصیت کارتونی,صورتی,خانواده,شادی,763620,1313426,9,پویا تویز,30,14
1862,TOY-1862,پازل نقشه ایران نارنجی خانواده,فکری و آموزشی,بازی فکری,نارنجی,خانواده,آسمان,47488,69332,2,تویز لند,8,24
1863,TOY-1863,لگو آتش‌نشانی مشکی خانواده,لگو و ساختنی,بلوک ساختمانی,مشکی,خانواده,پیکولو,935197,1664650,8,ماهان تویز,30,21
1864,TOY-1864,عروسک پولیشی زرد بزرگ,عروسک,پولیشی,زرد,بزرگ,پیکولو,482383,781460,10,دنیای شادی,12,13
1865,TOY-1865,جغجغه قرمز بزرگ,نوزاد و خردسال,جغجغه,قرمز,بزرگ,آسمان,789665,1184497,9,پویا تویز,18,24
1866,TOY-1866,سرباز اسباب‌بازی آبی خانواده,اکشن فیگور,ربات,آبی,خانواده,فانتزی,421517,843034,2,تویز لند,15,14
1867,TOY-1867,فیگور بتمن سبز بزرگ,اکشن فیگور,ربات,سبز,بزرگ,پیکولو,554010,792234,4,کیان تویز,18,26
1868,TOY-1868,لگو آتش‌نشانی مشکی بزرگ,لگو و ساختنی,ماکت,مشکی,بزرگ,دنیای اسباب‌بازی,211726,300650,9,پویا تویز,25,12
1869,TOY-1869,دوچرخه کودک آبی بزرگ,بازی در فضای باز,توپ,آبی,بزرگ,شادی,731630,1082812,8,ماهان تویز,26,23
1870,TOY-1870,چرتکه آموزشی بنفش متوسط,فکری و آموزشی,بازی فکری,بنفش,متوسط,پاندورا,180142,284624,6,نوین تویز,27,15
1871,TOY-1871,سرباز اسباب‌بازی سفید کوچک,اکشن فیگور,ابرقهرمان,سفید,کوچک,فانتزی,892084,1284600,2,تویز لند,12,11
1872,TOY-1872,پازل چوبی بنفش کوچک,نوزاد و خردسال,پازل چوبی,بنفش,کوچک,دنیای اسباب‌بازی,228577,397723,1,اسباب‌بازی ایران,25,28
1873,TOY-1873,فیگور شرک صورتی کوچک,اکشن فیگور,شخصیت کارتونی,صورتی,کوچک,دنیای اسباب‌بازی,323544,543553,6,نوین تویز,21,13
1874,TOY-1874,کاغذ رنگی مشکی کوچک,مهمانی و بادکنک,فشفشه,مشکی,کوچک,کیدزلند,184753,356573,10,دنیای شادی,18,5
1875,TOY-1875,لگو ماشین سبز کوچک,لگو و ساختنی,لگو,سبز,کوچک,پیکولو,885936,1541528,8,ماهان تویز,6,4
1876,TOY-1876,کتاب قصه‌های کهن سفید خانواده,فکری و آموزشی,پازل,سفید,خانواده,پاندورا,731365,1243320,3,بازی و شادی,36,9
1877,TOY-1877,فیگور بتمن چندرنگ بزرگ,اکشن فیگور,شخصیت کارتونی,چندرنگ,بزرگ,پاندورا,136838,223045,9,پویا تویز,34,19
1878,TOY-1878,پازل چوبی چندرنگ بزرگ,نوزاد و خردسال,جغجغه,چندرنگ,بزرگ,تویز,45225,73264,10,دنیای شادی,28,8
1879,TOY-1879,جغجغه زرد بزرگ,نوزاد و خردسال,جغجغه,زرد,بزرگ,زرافه,279125,407522,3,بازی و شادی,28,8
1880,TOY-1880,توپ بسکتبال مشکی خانواده,بازی در فضای باز,دوچرخه,مشکی,خانواده,پلی‌تویز,789263,1546955,10,دنیای شادی,15,24
1881,TOY-1881,فیگور بتمن سبز متوسط,اکشن فیگور,ابرقهرمان,سبز,متوسط,آسمان,181175,280821,3,بازی و شادی,48,14
1882,TOY-1882,لگو ماشین چندرنگ کوچک,لگو و ساختنی,لگو,چندرنگ,کوچک,فانتزی,233026,335557,9,پویا تویز,11,25
1883,TOY-1883,سرباز اسباب‌بازی مشکی متوسط,اکشن فیگور,شخصیت کارتونی,مشکی,متوسط,پلی‌تویز,897186,1534188,4,کیان تویز,46,5
1884,TOY-1884,استخر بادی سفید متوسط,بازی در فضای باز,دوچرخه,سفید,متوسط,پلی‌تویز,774260,1517549,6,نوین تویز,22,16
1885,TOY-1885,عروسک پولیشی آبی خانواده,عروسک,پلاستیکی,آبی,خانواده,تویز,420192,600874,8,ماهان تویز,46,24
1886,TOY-1886,پازل ۱۰۰ تکه بنفش خانواده,فکری و آموزشی,کتاب داستان,بنفش,خانواده,زرافه,149618,245373,4,کیان تویز,31,6
1887,TOY-1887,پازل نقشه ایران آبی کوچک,فکری و آموزشی,کتاب داستان,آبی,کوچک,فانتزی,779654,1465749,9,پویا تویز,34,10
1888,TOY-1888,لگو آتش‌نشانی آبی خانواده,لگو و ساختنی,بلوک ساختمانی,آبی,خانواده,پیکولو,385554,624597,6,نوین تویز,41,4
1889,TOY-1889,فیگور بتمن زرد کوچک,اکشن فیگور,ربات,زرد,کوچک,دنیای اسباب‌بازی,380759,624444,6,نوین تویز,43,9
1890,TOY-1890,کاغذ رنگی آبی خانواده,مهمانی و بادکنک,فشفشه,آبی,خانواده,تویز,132630,236081,1,اسباب‌بازی ایران,42,6
1891,TOY-1891,پازل چوبی آبی بزرگ,نوزاد و خردسال,پازل چوبی,آبی,بزرگ,شادی,98293,158251,5,پارس اسباب‌بازی,29,9
1892,TOY-1892,بلوک‌های خانه زرد کوچک,لگو و ساختنی,ماکت,زرد,کوچک,زرافه,508482,711874,8,ماهان تویز,48,17
1893,TOY-1893,عروسک سخنگو قرمز متوسط,عروسک,فیگور,قرمز,متوسط,پلی‌تویز,397342,758923,3,بازی و شادی,15,10
1894,TOY-1894,عروسک بامزی سبز متوسط,عروسک,پلاستیکی,سبز,متوسط,پاندورا,870816,1689383,1,اسباب‌بازی ایران,11,16
1895,TOY-1895,عروسک سخنگو مشکی خانواده,عروسک,پلاستیکی,مشکی,خانواده,فانتزی,244439,449767,7,آریا اسباب‌بازی,13,18
1896,TOY-1896,ماشین سرعتی سبز متوسط,ماشین و رادیویی,ماشین ساده,سبز,متوسط,شادی,432701,649051,2,تویز لند,49,12
1897,TOY-1897,قایق اسباب‌بازی زرد بزرگ,ماشین و رادیویی,ماشین کنترلی,زرد,بزرگ,زرافه,40235,58340,6,نوین تویز,29,21
1898,TOY-1898,توپ فوتبال قرمز بزرگ,بازی در فضای باز,اسکوتر,قرمز,بزرگ,تویز,895116,1405332,8,ماهان تویز,31,10
1899,TOY-1899,عروسک پولیشی قرمز خانواده,عروسک,پلاستیکی,قرمز,خانواده,پیکولو,142137,231683,9,پویا تویز,23,23
1900,TOY-1900,ماشین کنترلی شارژی قرمز بزرگ,ماشین و رادیویی,ماشین ساده,قرمز,بزرگ,پلی‌تویز,682918,1359006,2,تویز لند,14,21
1901,TOY-1901,جغجغه بنفش خانواده,نوزاد و خردسال,جغجغه,بنفش,خانواده,زرافه,855991,1275426,9,پویا تویز,45,20
1902,TOY-1902,کاغذ رنگی قرمز بزرگ,مهمانی و بادکنک,کلاه تولد,قرمز,بزرگ,پاندورا,847262,1440345,8,ماهان تویز,10,13
1903,TOY-1903,اسکوتر نارنجی بزرگ,بازی در فضای باز,دوچرخه,نارنجی,بزرگ,پیکولو,360719,699794,2,تویز لند,34,4
1904,TOY-1904,کاغذ رنگی زرد متوسط,مهمانی و بادکنک,ظروف یکبارمصرف,زرد,متوسط,پلی‌تویز,930521,1339950,9,پویا تویز,37,12
1905,TOY-1905,ماشین فلزی آبی کوچک,ماشین و رادیویی,ماشین ساده,آبی,کوچک,زرافه,603140,1079620,5,پارس اسباب‌بازی,41,24
1906,TOY-1906,لگو آتش‌نشانی سفید متوسط,لگو و ساختنی,بلوک ساختمانی,سفید,متوسط,آسمان,383629,732731,6,نوین تویز,48,10
1907,TOY-1907,کلاه جشن تولد مشکی خانواده,مهمانی و بادکنک,فشفشه,مشکی,خانواده,شادی,809744,1384662,3,بازی و شادی,5,13
1908,TOY-1908,عروسک خرسی زرد متوسط,عروسک,پولیشی,زرد,متوسط,تویز,402428,672054,3,بازی و شادی,36,7
1909,TOY-1909,عروسک باربی صورتی بزرگ,عروسک,پلاستیکی,صورتی,بزرگ,تویز,129421,222604,10,دنیای شادی,46,4
1910,TOY-1910,فشفشه زرد خانواده,مهمانی و بادکنک,ظروف یکبارمصرف,زرد,خانواده,پاندورا,323856,599133,4,کیان تویز,11,17
1911,TOY-1911,کاغذ رنگی بنفش کوچک,مهمانی و بادکنک,فشفشه,بنفش,کوچک,آسمان,340129,653047,9,پویا تویز,29,5
1912,TOY-1912,فیگور بتمن سفید بزرگ,اکشن فیگور,سرباز,سفید,بزرگ,پاندورا,369680,536036,9,پویا تویز,28,4
1913,TOY-1913,فشفشه نارنجی بزرگ,مهمانی و بادکنک,بادکنک,نارنجی,بزرگ,کیدزلند,332166,621150,6,نوین تویز,12,9
1914,TOY-1914,دندانگیر سبز کوچک,نوزاد و خردسال,جغجغه,سبز,کوچک,پلی‌تویز,500708,936323,8,ماهان تویز,42,10
1915,TOY-1915,لگو ماشین سفید متوسط,لگو و ساختنی,لگو,سفید,متوسط,شادی,459833,749527,5,پارس اسباب‌بازی,44,4
1916,TOY-1916,کاغذ رنگی آبی متوسط,مهمانی و بادکنک,ظروف یکبارمصرف,آبی,متوسط,زرافه,540168,1020917,9,پویا تویز,21,3
1917,TOY-1917,بازی فکری شطرنج قرمز متوسط,فکری و آموزشی,بازی فکری,قرمز,متوسط,شادی,538527,969348,9,پویا تویز,20,11
1918,TOY-1918,ماشین سرعتی مشکی متوسط,ماشین و رادیویی,ماشین کنترلی,مشکی,متوسط,دنیای اسباب‌بازی,361920,550118,3,بازی و شادی,17,23
1919,TOY-1919,فیگور مرد عنکبوتی سبز متوسط,اکشن فیگور,ابرقهرمان,سبز,متوسط,فانتزی,335127,485934,9,پویا تویز,10,26
1920,TOY-1920,موبایل موزیکال قرمز خانواده,نوزاد و خردسال,عروسک پارچه‌ای,قرمز,خانواده,آسمان,716520,1160762,7,آریا اسباب‌بازی,24,27
1921,TOY-1921,پازل چوبی مشکی متوسط,نوزاد و خردسال,پازل چوبی,مشکی,متوسط,آسمان,443508,740658,1,اسباب‌بازی ایران,13,19
1922,TOY-1922,لگو ماشین سفید متوسط,لگو و ساختنی,پازل سه‌بعدی,سفید,متوسط,پیکولو,335953,608074,10,دنیای شادی,14,27
1923,TOY-1923,پازل سه‌بعدی برج سبز متوسط,لگو و ساختنی,لگو,سبز,متوسط,پاندورا,260361,518118,3,بازی و شادی,40,9
1924,TOY-1924,بازی فکری شطرنج صورتی خانواده,فکری و آموزشی,کتاب داستان,صورتی,خانواده,پیکولو,438865,640742,4,کیان تویز,44,3
1925,TOY-1925,پازل ۱۰۰ تکه زرد بزرگ,فکری و آموزشی,وسایل آموزشی,زرد,بزرگ,فانتزی,214236,359916,7,آریا اسباب‌بازی,34,14
1926,TOY-1926,لگو آتش‌نشانی بنفش متوسط,لگو و ساختنی,بلوک ساختمانی,بنفش,متوسط,آسمان,270039,483369,6,نوین تویز,35,8
1927,TOY-1927,عروسک بامزی سفید کوچک,عروسک,پارچه‌ای,سفید,کوچک,پیکولو,829781,1369138,8,ماهان تویز,20,9
1928,TOY-1928,چرتکه آموزشی آبی خانواده,فکری و آموزشی,کتاب داستان,آبی,خانواده,فانتزی,295456,587957,2,تویز لند,37,28
1929,TOY-1929,فیگور مرد عنکبوتی صورتی بزرگ,اکشن فیگور,سرباز,صورتی,بزرگ,کیدزلند,718444,1005821,8,ماهان تویز,16,9
1930,TOY-1930,پازل چوبی سفید متوسط,نوزاد و خردسال,عروسک پارچه‌ای,سفید,متوسط,دنیای اسباب‌بازی,66402,115539,2,تویز لند,46,18
1931,TOY-1931,لگو آتش‌نشانی بنفش خانواده,لگو و ساختنی,پازل سه‌بعدی,بنفش,خانواده,زرافه,464075,914227,1,اسباب‌بازی ایران,38,15
1932,TOY-1932,بلوک‌های خانه سفید بزرگ,لگو و ساختنی,پازل سه‌بعدی,سفید,بزرگ,زرافه,331858,507742,5,پارس اسباب‌بازی,29,26
1933,TOY-1933,فیگور مرد عنکبوتی آبی خانواده,اکشن فیگور,شخصیت کارتونی,آبی,خانواده,پلی‌تویز,908838,1563201,10,دنیای شادی,35,20
1934,TOY-1934,کاغذ رنگی صورتی بزرگ,مهمانی و بادکنک,کلاه تولد,صورتی,بزرگ,کیدزلند,594680,957434,8,ماهان تویز,35,10
1935,TOY-1935,جغجغه چندرنگ کوچک,نوزاد و خردسال,پازل چوبی,چندرنگ,کوچک,پیکولو,518607,985353,2,تویز لند,16,7
1936,TOY-1936,لگو آتش‌نشانی مشکی خانواده,لگو و ساختنی,لگو,مشکی,خانواده,زرافه,358216,702103,1,اسباب‌بازی ایران,18,29
1937,TOY-1937,ربات جنگجو چندرنگ کوچک,اکشن فیگور,ربات,چندرنگ,کوچک,زرافه,539997,988194,7,آریا اسباب‌بازی,49,7
1938,TOY-1938,عروسک بامزی سبز کوچک,عروسک,پلاستیکی,سبز,کوچک,شادی,968828,1869838,2,تویز لند,9,15
1939,TOY-1939,توپ فوتبال بنفش بزرگ,بازی در فضای باز,استخر بادی,بنفش,بزرگ,شادی,544150,772693,6,نوین تویز,39,17
1940,TOY-1940,سرباز اسباب‌بازی بنفش کوچک,اکشن فیگور,ابرقهرمان,بنفش,کوچک,شادی,475826,846970,8,ماهان تویز,7,15
1941,TOY-1941,دوچرخه کودک نارنجی بزرگ,بازی در فضای باز,دوچرخه,نارنجی,بزرگ,زرافه,288124,547435,6,نوین تویز,26,10
1942,TOY-1942,ماشین کنترلی شارژی مشکی بزرگ,ماشین و رادیویی,قایق,مشکی,بزرگ,پیکولو,431255,797821,9,پویا تویز,21,12
1943,TOY-1943,چرتکه آموزشی آبی کوچک,فکری و آموزشی,وسایل آموزشی,آبی,کوچک,زرافه,459662,799811,6,نوین تویز,31,18
1944,TOY-1944,ظروف مهمانی زرد بزرگ,مهمانی و بادکنک,کلاه تولد,زرد,بزرگ,پاندورا,460336,897655,6,نوین تویز,33,20
1945,TOY-1945,سرباز اسباب‌بازی سبز متوسط,اکشن فیگور,ربات,سبز,متوسط,شادی,877160,1263110,1,اسباب‌بازی ایران,23,26
1946,TOY-1946,لگو ماشین سفید بزرگ,لگو و ساختنی,بلوک ساختمانی,سفید,بزرگ,دنیای اسباب‌بازی,349201,555229,9,پویا تویز,33,11
1947,TOY-1947,ماشین سرعتی آبی متوسط,ماشین و رادیویی,قایق,آبی,متوسط,کیدزلند,755662,1148606,2,تویز لند,16,25
1948,TOY-1948,عروسک پارچه‌ای مشکی بزرگ,نوزاد و خردسال,موزیکال,مشکی,بزرگ,زرافه,414172,629541,3,بازی و شادی,46,18
1949,TOY-1949,موبایل موزیکال چندرنگ کوچک,نوزاد و خردسال,جغجغه,چندرنگ,کوچک,شادی,403985,787770,4,کیان تویز,22,17
1950,TOY-1950,کلاه جشن تولد نارنجی متوسط,مهمانی و بادکنک,بادکنک,نارنجی,متوسط,آسمان,519962,1034724,1,اسباب‌بازی ایران,47,22
1951,TOY-1951,کلاه جشن تولد زرد متوسط,مهمانی و بادکنک,کلاه تولد,زرد,متوسط,پاندورا,86490,134924,4,کیان تویز,9,20
1952,TOY-1952,هواپیمای کنترلی زرد کوچک,ماشین و رادیویی,ماشین کنترلی,زرد,کوچک,پیکولو,405628,758524,8,ماهان تویز,30,22
1953,TOY-1953,کاغذ رنگی نارنجی متوسط,مهمانی و بادکنک,ظروف یکبارمصرف,نارنجی,متوسط,زرافه,729805,1430417,3,بازی و شادی,16,23
1954,TOY-1954,موبایل موزیکال مشکی بزرگ,نوزاد و خردسال,پازل چوبی,مشکی,بزرگ,زرافه,781413,1359658,6,نوین تویز,9,25
1955,TOY-1955,سرباز اسباب‌بازی نارنجی بزرگ,اکشن فیگور,ابرقهرمان,نارنجی,بزرگ,کیدزلند,141299,209122,3,بازی و شادی,20,24
1956,TOY-1956,فیگور شرک چندرنگ متوسط,اکشن فیگور,ابرقهرمان,چندرنگ,متوسط,کیدزلند,290795,410020,9,پویا تویز,24,21
1957,TOY-1957,بادکنک رنگی چندرنگ متوسط,مهمانی و بادکنک,فشفشه,چندرنگ,متوسط,شادی,222260,331167,9,پویا تویز,38,13
1958,TOY-1958,چرتکه آموزشی چندرنگ کوچک,فکری و آموزشی,کتاب داستان,چندرنگ,کوچک,پاندورا,633704,1051948,10,دنیای شادی,48,4
1959,TOY-1959,کاغذ رنگی صورتی کوچک,مهمانی و بادکنک,ظروف یکبارمصرف,صورتی,کوچک,فانتزی,78105,114033,1,اسباب‌بازی ایران,27,16
1960,TOY-1960,فشفشه بنفش متوسط,مهمانی و بادکنک,بادکنک,بنفش,متوسط,کیدزلند,612588,882126,6,نوین تویز,7,29
1961,TOY-1961,لگو ماشین سفید کوچک,لگو و ساختنی,پازل سه‌بعدی,سفید,کوچک,پیکولو,69849,112456,8,ماهان تویز,48,14
1962,TOY-1962,پازل چوبی زرد خانواده,نوزاد و خردسال,عروسک پارچه‌ای,زرد,خانواده,آسمان,886697,1746793,9,پویا تویز,39,22
1963,TOY-1963,دوچرخه کودک چندرنگ خانواده,بازی در فضای باز,اسکوتر,چندرنگ,خانواده,فانتزی,711255,1358497,9,پویا تویز,31,29
1964,TOY-1964,فیگور شرک قرمز بزرگ,اکشن فیگور,شخصیت کارتونی,قرمز,بزرگ,پیکولو,283555,558603,2,تویز لند,27,12
1965,TOY-1965,لگو ماشین صورتی متوسط,لگو و ساختنی,لگو,صورتی,متوسط,پلی‌تویز,465610,875346,4,کیان تویز,45,17
1966,TOY-1966,ماشین کنترلی شارژی بنفش کوچک,ماشین و رادیویی,ماشین ساده,بنفش,کوچک,شادی,926918,1585029,2,تویز لند,44,10
1967,TOY-1967,لگو ماشین صورتی خانواده,لگو و ساختنی,ماکت,صورتی,خانواده,زرافه,542332,802651,8,ماهان تویز,23,5
1968,TOY-1968,ماشین فلزی آبی بزرگ,ماشین و رادیویی,هواپیما,آبی,بزرگ,شادی,498018,881491,3,بازی و شادی,23,17
1969,TOY-1969,پازل چوبی آبی متوسط,نوزاد و خردسال,موزیکال,آبی,متوسط,آسمان,218995,370101,7,آریا اسباب‌بازی,22,22
1970,TOY-1970,چرتکه آموزشی آبی بزرگ,فکری و آموزشی,بازی فکری,آبی,بزرگ,پاندورا,402100,663465,2,تویز لند,16,15
1971,TOY-1971,توپ بسکتبال قرمز کوچک,بازی در فضای باز,توپ,قرمز,کوچک,شادی,319958,527930,2,تویز لند,5,19
1972,TOY-1972,ماشین سرعتی قرمز کوچک,ماشین و رادیویی,ماشین کنترلی,قرمز,کوچک,شادی,967040,1431219,7,آریا اسباب‌بازی,28,25
1973,TOY-1973,توپ بسکتبال چندرنگ بزرگ,بازی در فضای باز,توپ,چندرنگ,بزرگ,کیدزلند,55063,84246,3,بازی و شادی,21,9
1974,TOY-1974,بازی فکری شطرنج نارنجی متوسط,فکری و آموزشی,کتاب داستان,نارنجی,متوسط,شادی,107661,180870,2,تویز لند,15,11
1975,TOY-1975,ماشین سرعتی سبز خانواده,ماشین و رادیویی,هواپیما,سبز,خانواده,فانتزی,112223,210979,9,پویا تویز,40,27
1976,TOY-1976,ماشین کنترلی شارژی چندرنگ کوچک,ماشین و رادیویی,قایق,چندرنگ,کوچک,دنیای اسباب‌بازی,300964,484552,2,تویز لند,41,9
1977,TOY-1977,توپ فوتبال مشکی متوسط,بازی در فضای باز,اسکوتر,مشکی,متوسط,پیکولو,230443,442450,9,پویا تویز,38,9
1978,TOY-1978,قایق اسباب‌بازی زرد متوسط,ماشین و رادیویی,ماشین کنترلی,زرد,متوسط,پیکولو,118150,225666,6,نوین تویز,17,4
1979,TOY-1979,ظروف مهمانی آبی کوچک,مهمانی و بادکنک,ظروف یکبارمصرف,آبی,کوچک,شادی,233135,400992,4,کیان تویز,38,9
1980,TOY-1980,فیگور بتمن بنفش متوسط,اکشن فیگور,ابرقهرمان,بنفش,متوسط,زرافه,638494,1072669,1,اسباب‌بازی ایران,20,9
1981,TOY-1981,ربات جنگجو چندرنگ کوچک,اکشن فیگور,شخصیت کارتونی,چندرنگ,کوچک,دنیای اسباب‌بازی,94660,189320,2,تویز لند,48,21
1982,TOY-1982,فیگور شرک زرد بزرگ,اکشن فیگور,ربات,زرد,بزرگ,شادی,107617,174339,3,بازی و شادی,41,4
1983,TOY-1983,فشفشه صورتی خانواده,مهمانی و بادکنک,کلاه تولد,صورتی,خانواده,زرافه,255625,375768,7,آریا اسباب‌بازی,10,28
1984,TOY-1984,لگو پلیس بنفش کوچک,لگو و ساختنی,ماکت,بنفش,کوچک,شادی,103149,159880,9,پویا تویز,10,13
1985,TOY-1985,فشفشه بنفش بزرگ,مهمانی و بادکنک,ظروف یکبارمصرف,بنفش,بزرگ,تویز,891624,1497928,9,پویا تویز,23,6
1986,TOY-1986,عروسک خرسی سفید متوسط,عروسک,پلاستیکی,سفید,متوسط,شادی,212844,400146,1,اسباب‌بازی ایران,41,9
1987,TOY-1987,عروسک سخنگو صورتی متوسط,عروسک,پارچه‌ای,صورتی,متوسط,شادی,979885,1783390,9,پویا تویز,5,21
1988,TOY-1988,عروسک بامزی نارنجی متوسط,عروسک,پولیشی,نارنجی,متوسط,دنیای اسباب‌بازی,263461,487402,6,نوین تویز,15,3
1989,TOY-1989,عروسک خرسی بنفش متوسط,عروسک,پلاستیکی,بنفش,متوسط,پلی‌تویز,337770,570831,6,نوین تویز,5,22
1990,TOY-1990,پازل سه‌بعدی برج زرد کوچک,لگو و ساختنی,بلوک ساختمانی,زرد,کوچک,تویز,280943,398939,7,آریا اسباب‌بازی,35,29
1991,TOY-1991,چرتکه آموزشی قرمز متوسط,فکری و آموزشی,پازل,قرمز,متوسط,شادی,567350,794290,3,بازی و شادی,40,7
1992,TOY-1992,موبایل موزیکال صورتی کوچک,نوزاد و خردسال,عروسک پارچه‌ای,صورتی,کوچک,فانتزی,884968,1557543,3,بازی و شادی,29,4
1993,TOY-1993,کتاب قصه‌های کهن چندرنگ بزرگ,فکری و آموزشی,وسایل آموزشی,چندرنگ,بزرگ,پلی‌تویز,589628,878545,5,پارس اسباب‌بازی,40,8
1994,TOY-1994,پازل چوبی صورتی خانواده,نوزاد و خردسال,جغجغه,صورتی,خانواده,آسمان,706102,1228617,4,کیان تویز,41,25
1995,TOY-1995,کاغذ رنگی قرمز خانواده,مهمانی و بادکنک,فشفشه,قرمز,خانواده,تویز,437642,761497,8,ماهان تویز,24,3
1996,TOY-1996,ماشین کنترلی شارژی آبی کوچک,ماشین و رادیویی,ماشین ساده,آبی,کوچک,فانتزی,106154,204877,8,ماهان تویز,25,16
1997,TOY-1997,لگو ماشین مشکی متوسط,لگو و ساختنی,بلوک ساختمانی,مشکی,متوسط,آسمان,715599,1395418,7,آریا اسباب‌بازی,24,10
1998,TOY-1998,اسکوتر چندرنگ بزرگ,بازی در فضای باز,اسکوتر,چندرنگ,بزرگ,کیدزلند,581853,1122976,2,تویز لند,37,4
1999,TOY-1999,جغجغه نارنجی خانواده,نوزاد و خردسال,عروسک پارچه‌ای,نارنجی,خانواده,پلی‌تویز,747376,1083695,3,بازی و شادی,22,24
2000,TOY-2000,عروسک پولیشی آبی کوچک,عروسک,پولیشی,آبی,کوچک,پلی‌تویز,427994,719029,1,اسباب‌بازی ایران,37,7
2001,TOY-2001,جغجغه آبی متوسط,نوزاد و خردسال,عروسک پارچه‌ای,آبی,متوسط,زرافه,215330,402667,10,دنیای شادی,18,26
2002,TOY-2002,فیگور بتمن بنفش کوچک,اکشن فیگور,ربات,بنفش,کوچک,دنیای اسباب‌بازی,704266,1246550,4,کیان تویز,34,5
2003,TOY-2003,پازل ۱۰۰ تکه چندرنگ کوچک,فکری و آموزشی,وسایل آموزشی,چندرنگ,کوچک,فانتزی,294145,432393,6,نوین تویز,32,14
2004,TOY-2004,اسکوتر بنفش متوسط,بازی در فضای باز,دوچرخه,بنفش,متوسط,تویز,923133,1615482,7,آریا اسباب‌بازی,25,27
2005,TOY-2005,موبایل موزیکال نارنجی کوچک,نوزاد و خردسال,عروسک پارچه‌ای,نارنجی,کوچک,پلی‌تویز,946129,1447577,3,بازی و شادی,38,12
2006,TOY-2006,کتاب قصه‌های کهن قرمز خانواده,فکری و آموزشی,وسایل آموزشی,قرمز,خانواده,کیدزلند,280640,530409,4,کیان تویز,40,26
2007,TOY-2007,دوچرخه کودک نارنجی بزرگ,بازی در فضای باز,دوچرخه,نارنجی,بزرگ,تویز,788474,1198480,2,تویز لند,31,28
2008,TOY-2008,لگو ماشین نارنجی کوچک,لگو و ساختنی,ماکت,نارنجی,کوچک,پیکولو,617281,882711,3,بازی و شادی,5,8
2009,TOY-2009,فیگور مرد عنکبوتی سبز کوچک,اکشن فیگور,سرباز,سبز,کوچک,پلی‌تویز,544511,980119,1,اسباب‌بازی ایران,29,17
2010,TOY-2010,دندانگیر قرمز خانواده,نوزاد و خردسال,جغجغه,قرمز,خانواده,پیکولو,516648,950632,2,تویز لند,42,8
2011,TOY-2011,پازل نقشه ایران نارنجی کوچک,فکری و آموزشی,پازل,نارنجی,کوچک,تویز,500520,860894,8,ماهان تویز,40,28
2012,TOY-2012,دندانگیر صورتی خانواده,نوزاد و خردسال,موزیکال,صورتی,خانواده,پلی‌تویز,813596,1480744,8,ماهان تویز,46,20
2013,TOY-2013,استخر بادی بنفش متوسط,بازی در فضای باز,اسکوتر,بنفش,متوسط,پاندورا,708542,1169094,9,پویا تویز,35,3
2014,TOY-2014,فیگور بتمن سفید متوسط,اکشن فیگور,ابرقهرمان,سفید,متوسط,زرافه,931897,1835837,5,پارس اسباب‌بازی,28,11
2015,TOY-2015,ماشین کنترلی شارژی صورتی بزرگ,ماشین و رادیویی,هواپیما,صورتی,بزرگ,فانتزی,909660,1591905,1,اسباب‌بازی ایران,45,12
2016,TOY-2016,کاغذ رنگی زرد خانواده,مهمانی و بادکنک,ظروف یکبارمصرف,زرد,خانواده,فانتزی,466309,862671,6,نوین تویز,7,13
2017,TOY-2017,کتاب قصه‌های کهن صورتی خانواده,فکری و آموزشی,کتاب داستان,صورتی,خانواده,پاندورا,509759,988932,8,ماهان تویز,15,17
2018,TOY-2018,موبایل موزیکال مشکی بزرگ,نوزاد و خردسال,پازل چوبی,مشکی,بزرگ,زرافه,285187,521892,3,بازی و شادی,42,17
2019,TOY-2019,بازی فکری شطرنج زرد متوسط,فکری و آموزشی,بازی فکری,زرد,متوسط,پیکولو,895470,1486480,6,نوین تویز,19,20
2020,TOY-2020,فشفشه سفید متوسط,مهمانی و بادکنک,ظروف یکبارمصرف,سفید,متوسط,زرافه,454881,750553,3,بازی و شادی,6,10
2021,TOY-2021,کاغذ رنگی بنفش بزرگ,مهمانی و بادکنک,بادکنک,بنفش,بزرگ,پیکولو,597994,1022569,7,آریا اسباب‌بازی,11,8
2022,TOY-2022,عروسک باربی مشکی متوسط,عروسک,پلاستیکی,مشکی,متوسط,زرافه,93611,172244,9,پویا تویز,5,4
2023,TOY-2023,پازل چوبی قرمز متوسط,نوزاد و خردسال,عروسک پارچه‌ای,قرمز,متوسط,زرافه,378230,714854,10,دنیای شادی,25,22
2024,TOY-2024,ماشین سرعتی سبز خانواده,ماشین و رادیویی,هواپیما,سبز,خانواده,پیکولو,802086,1267295,4,کیان تویز,8,14
2025,TOY-2025,هواپیمای کنترلی بنفش متوسط,ماشین و رادیویی,قایق,بنفش,متوسط,فانتزی,752108,1120640,8,ماهان تویز,34,3
2026,TOY-2026,فیگور مرد عنکبوتی آبی کوچک,اکشن فیگور,شخصیت کارتونی,آبی,کوچک,تویز,656974,1261390,1,اسباب‌بازی ایران,15,26
2027,TOY-2027,عروسک خرسی مشکی بزرگ,عروسک,فیگور,مشکی,بزرگ,پلی‌تویز,835716,1454145,3,بازی و شادی,20,26
2028,TOY-2028,پازل ۱۰۰ تکه مشکی بزرگ,فکری و آموزشی,وسایل آموزشی,مشکی,بزرگ,پیکولو,537463,1031928,8,ماهان تویز,6,18
2029,TOY-2029,کلاه جشن تولد سفید بزرگ,مهمانی و بادکنک,فشفشه,سفید,بزرگ,کیدزلند,283197,546570,9,پویا تویز,15,21
2030,TOY-2030,ماشین فلزی صورتی کوچک,ماشین و رادیویی,ماشین ساده,صورتی,کوچک,دنیای اسباب‌بازی,47115,80566,10,دنیای شادی,21,28
2031,TOY-2031,دندانگیر نارنجی خانواده,نوزاد و خردسال,عروسک پارچه‌ای,نارنجی,خانواده,آسمان,418855,661790,4,کیان تویز,33,13
2032,TOY-2032,پازل سه‌بعدی برج آبی کوچک,لگو و ساختنی,بلوک ساختمانی,آبی,کوچک,فانتزی,231556,435325,7,آریا اسباب‌بازی,46,16
2033,TOY-2033,ظروف مهمانی سبز کوچک,مهمانی و بادکنک,ظروف یکبارمصرف,سبز,کوچک,پیکولو,432803,679500,6,نوین تویز,36,12
2034,TOY-2034,ظروف مهمانی قرمز خانواده,مهمانی و بادکنک,کلاه تولد,قرمز,خانواده,پیکولو,748656,1347580,6,نوین تویز,46,4
2035,TOY-2035,سرباز اسباب‌بازی آبی متوسط,اکشن فیگور,شخصیت کارتونی,آبی,متوسط,فانتزی,325387,458795,10,دنیای شادی,11,22
2036,TOY-2036,دوچرخه کودک آبی متوسط,بازی در فضای باز,استخر بادی,آبی,متوسط,شادی,250391,410641,5,پارس اسباب‌بازی,5,11
2037,TOY-2037,لگو ماشین بنفش کوچک,لگو و ساختنی,پازل سه‌بعدی,بنفش,کوچک,پیکولو,289150,448182,10,دنیای شادی,44,15
2038,TOY-2038,موبایل موزیکال سفید متوسط,نوزاد و خردسال,عروسک پارچه‌ای,سفید,متوسط,دنیای اسباب‌بازی,125590,193408,5,پارس اسباب‌بازی,26,20
2039,TOY-2039,عروسک سخنگو سبز کوچک,عروسک,پولیشی,سبز,کوچک,پلی‌تویز,829032,1583451,5,پارس اسباب‌بازی,13,8
2040,TOY-2040,استخر بادی مشکی کوچک,بازی در فضای باز,استخر بادی,مشکی,کوچک,آسمان,116659,193653,8,ماهان تویز,11,18
2041,TOY-2041,لگو ماشین قرمز متوسط,لگو و ساختنی,پازل سه‌بعدی,قرمز,متوسط,پیکولو,312460,581175,1,اسباب‌بازی ایران,41,9
2042,TOY-2042,عروسک پولیشی زرد خانواده,عروسک,فیگور,زرد,خانواده,زرافه,832753,1382369,7,آریا اسباب‌بازی,21,28
2043,TOY-2043,عروسک پولیشی مشکی بزرگ,عروسک,فیگور,مشکی,بزرگ,دنیای اسباب‌بازی,792985,1118108,7,آریا اسباب‌بازی,37,4
2044,TOY-2044,عروسک پارچه‌ای مشکی بزرگ,نوزاد و خردسال,موزیکال,مشکی,بزرگ,دنیای اسباب‌بازی,813043,1365912,4,کیان تویز,22,13
2045,TOY-2045,فشفشه آبی خانواده,مهمانی و بادکنک,فشفشه,آبی,خانواده,کیدزلند,935451,1506076,6,نوین تویز,8,7
2046,TOY-2046,لگو آتش‌نشانی آبی متوسط,لگو و ساختنی,لگو,آبی,متوسط,کیدزلند,576269,1135249,3,بازی و شادی,22,29
2047,TOY-2047,فیگور بتمن چندرنگ متوسط,اکشن فیگور,شخصیت کارتونی,چندرنگ,متوسط,کیدزلند,458650,683388,2,تویز لند,23,11
2048,TOY-2048,عروسک سخنگو چندرنگ کوچک,عروسک,پارچه‌ای,چندرنگ,کوچک,فانتزی,583081,1119515,10,دنیای شادی,14,3
2049,TOY-2049,بادکنک رنگی چندرنگ کوچک,مهمانی و بادکنک,فشفشه,چندرنگ,کوچک,تویز,885739,1470326,3,بازی و شادی,19,5
2050,TOY-2050,بازی فکری شطرنج آبی کوچک,فکری و آموزشی,پازل,آبی,کوچک,تویز,425657,668281,7,آریا اسباب‌بازی,26,11
2051,TOY-2051,پازل ۱۰۰ تکه آبی خانواده,فکری و آموزشی,بازی فکری,آبی,خانواده,شادی,599727,899590,9,پویا تویز,48,27
2052,TOY-2052,بازی فکری شطرنج بنفش متوسط,فکری و آموزشی,کتاب داستان,بنفش,متوسط,پاندورا,200312,302471,5,پارس اسباب‌بازی,38,11
2053,TOY-2053,عروسک باربی نارنجی کوچک,عروسک,پولیشی,نارنجی,کوچک,کیدزلند,308241,483938,3,بازی و شادی,10,7
2054,TOY-2054,بازی فکری شطرنج نارنجی متوسط,فکری و آموزشی,وسایل آموزشی,نارنجی,متوسط,کیدزلند,306630,576464,2,تویز لند,33,28
2055,TOY-2055,چرتکه آموزشی زرد متوسط,فکری و آموزشی,بازی فکری,زرد,متوسط,زرافه,975834,1502784,10,دنیای شادی,19,10
2056,TOY-2056,توپ بسکتبال سفید متوسط,بازی در فضای باز,استخر بادی,سفید,متوسط,زرافه,348407,512158,5,پارس اسباب‌بازی,32,6
2057,TOY-2057,فیگور شرک قرمز بزرگ,اکشن فیگور,ابرقهرمان,قرمز,بزرگ,آسمان,647022,970533,3,بازی و شادی,20,21
2058,TOY-2058,لگو پلیس بنفش بزرگ,لگو و ساختنی,لگو,بنفش,بزرگ,تویز,308639,567895,10,دنیای شادی,33,20
2059,TOY-2059,پازل چوبی قرمز کوچک,نوزاد و خردسال,جغجغه,قرمز,کوچک,شادی,600499,888738,10,دنیای شادی,5,9
2060,TOY-2060,فیگور شرک سفید بزرگ,اکشن فیگور,شخصیت کارتونی,سفید,بزرگ,پاندورا,565751,995721,6,نوین تویز,24,12
2061,TOY-2061,ظروف مهمانی سفید خانواده,مهمانی و بادکنک,فشفشه,سفید,خانواده,شادی,784989,1538578,9,پویا تویز,37,4
2062,TOY-2062,پازل نقشه ایران سبز کوچک,فکری و آموزشی,بازی فکری,سبز,کوچک,شادی,427984,684774,7,آریا اسباب‌بازی,24,3
2063,TOY-2063,فشفشه صورتی خانواده,مهمانی و بادکنک,ظروف یکبارمصرف,صورتی,خانواده,پاندورا,133354,241370,8,ماهان تویز,19,19
2064,TOY-2064,قایق اسباب‌بازی صورتی کوچک,ماشین و رادیویی,ماشین ساده,صورتی,کوچک,فانتزی,277021,554042,6,نوین تویز,49,13
2065,TOY-2065,پازل چوبی مشکی کوچک,نوزاد و خردسال,عروسک پارچه‌ای,مشکی,کوچک,زرافه,173617,253480,3,بازی و شادی,18,13
2066,TOY-2066,ماشین فلزی آبی کوچک,ماشین و رادیویی,ماشین ساده,آبی,کوچک,زرافه,639027,1035223,8,ماهان تویز,35,19
2067,TOY-2067,هواپیمای کنترلی زرد کوچک,ماشین و رادیویی,هواپیما,زرد,کوچک,پاندورا,747290,1240501,7,آریا اسباب‌بازی,25,15
2068,TOY-2068,ماشین سرعتی سفید متوسط,ماشین و رادیویی,هواپیما,سفید,متوسط,پلی‌تویز,336974,626771,8,ماهان تویز,34,19
2069,TOY-2069,ظروف مهمانی سبز خانواده,مهمانی و بادکنک,ظروف یکبارمصرف,سبز,خانواده,تویز,676530,1271876,6,نوین تویز,6,7
2070,TOY-2070,بلوک‌های خانه بنفش بزرگ,لگو و ساختنی,لگو,بنفش,بزرگ,فانتزی,83072,142883,4,کیان تویز,29,5
2071,TOY-2071,ظروف مهمانی بنفش کوچک,مهمانی و بادکنک,کلاه تولد,بنفش,کوچک,آسمان,718491,1214249,3,بازی و شادی,14,4
2072,TOY-2072,فیگور شرک صورتی کوچک,اکشن فیگور,سرباز,صورتی,کوچک,پیکولو,975987,1932454,3,بازی و شادی,10,20
2073,TOY-2073,اسکوتر سبز بزرگ,بازی در فضای باز,اسکوتر,سبز,بزرگ,پیکولو,816771,1241491,8,ماهان تویز,46,18
2074,TOY-2074,پازل سه‌بعدی برج مشکی خانواده,لگو و ساختنی,لگو,مشکی,خانواده,پلی‌تویز,685810,1124728,4,کیان تویز,17,17
2075,TOY-2075,سرباز اسباب‌بازی بنفش بزرگ,اکشن فیگور,ابرقهرمان,بنفش,بزرگ,دنیای اسباب‌بازی,526179,1026049,6,نوین تویز,9,20
2076,TOY-2076,فیگور بتمن مشکی متوسط,اکشن فیگور,ابرقهرمان,مشکی,متوسط,پیکولو,408579,596525,10,دنیای شادی,15,23
2077,TOY-2077,کتاب قصه‌های کهن چندرنگ خانواده,فکری و آموزشی,بازی فکری,چندرنگ,خانواده,تویز,310174,542804,6,نوین تویز,22,27
2078,TOY-2078,لگو آتش‌نشانی چندرنگ بزرگ,لگو و ساختنی,ماکت,چندرنگ,بزرگ,کیدزلند,727623,1346102,9,پویا تویز,34,11
2079,TOY-2079,کاغذ رنگی سفید کوچک,مهمانی و بادکنک,ظروف یکبارمصرف,سفید,کوچک,پاندورا,351062,667017,7,آریا اسباب‌بازی,8,8
2080,TOY-2080,بازی فکری شطرنج مشکی کوچک,فکری و آموزشی,وسایل آموزشی,مشکی,کوچک,پاندورا,99583,153357,4,کیان تویز,43,19
2081,TOY-2081,چرتکه آموزشی مشکی خانواده,فکری و آموزشی,پازل,مشکی,خانواده,دنیای اسباب‌بازی,699128,1230465,3,بازی و شادی,10,13
2082,TOY-2082,استخر بادی مشکی متوسط,بازی در فضای باز,اسکوتر,مشکی,متوسط,پلی‌تویز,743414,1486828,10,دنیای شادی,15,9
2083,TOY-2083,لگو پلیس زرد بزرگ,لگو و ساختنی,پازل سه‌بعدی,زرد,بزرگ,پلی‌تویز,99749,194510,7,آریا اسباب‌بازی,23,28
2084,TOY-2084,موبایل موزیکال سفید متوسط,نوزاد و خردسال,جغجغه,سفید,متوسط,فانتزی,256905,390495,5,پارس اسباب‌بازی,17,27
2085,TOY-2085,عروسک پولیشی آبی بزرگ,عروسک,پارچه‌ای,آبی,بزرگ,پاندورا,204261,357456,3,بازی و شادی,32,15
2086,TOY-2086,کاغذ رنگی سبز خانواده,مهمانی و بادکنک,ظروف یکبارمصرف,سبز,خانواده,شادی,517980,751071,2,تویز لند,25,24
2087,TOY-2087,اسکوتر زرد خانواده,بازی در فضای باز,استخر بادی,زرد,خانواده,آسمان,348746,547531,3,بازی و شادی,6,8
2088,TOY-2088,ماشین کنترلی شارژی آبی کوچک,ماشین و رادیویی,هواپیما,آبی,کوچک,شادی,215372,400591,9,پویا تویز,32,7
2089,TOY-2089,کلاه جشن تولد مشکی خانواده,مهمانی و بادکنک,فشفشه,مشکی,خانواده,دنیای اسباب‌بازی,774216,1176808,1,اسباب‌بازی ایران,8,5
2090,TOY-2090,پازل چوبی سبز بزرگ,نوزاد و خردسال,موزیکال,سبز,بزرگ,پیکولو,858821,1202349,1,اسباب‌بازی ایران,18,8
2091,TOY-2091,توپ بسکتبال چندرنگ کوچک,بازی در فضای باز,اسکوتر,چندرنگ,کوچک,دنیای اسباب‌بازی,133090,254201,1,اسباب‌بازی ایران,39,4
2092,TOY-2092,ماشین کنترلی شارژی آبی متوسط,ماشین و رادیویی,قایق,آبی,متوسط,فانتزی,669576,1144974,2,تویز لند,33,20
2093,TOY-2093,ماشین کنترلی شارژی مشکی بزرگ,ماشین و رادیویی,ماشین ساده,مشکی,بزرگ,شادی,839852,1553726,2,تویز لند,35,28
2094,TOY-2094,جغجغه بنفش خانواده,نوزاد و خردسال,موزیکال,بنفش,خانواده,دنیای اسباب‌بازی,141940,266847,1,اسباب‌بازی ایران,22,27
2095,TOY-2095,عروسک پارچه‌ای نارنجی کوچک,نوزاد و خردسال,پازل چوبی,نارنجی,کوچک,پلی‌تویز,252824,384292,8,ماهان تویز,32,10
2096,TOY-2096,هواپیمای کنترلی زرد متوسط,ماشین و رادیویی,ماشین کنترلی,زرد,متوسط,تویز,654068,1020346,9,پویا تویز,26,19
2097,TOY-2097,عروسک باربی بنفش کوچک,عروسک,پارچه‌ای,بنفش,کوچک,تویز,295860,556216,4,کیان تویز,13,23
2098,TOY-2098,بازی فکری شطرنج نارنجی بزرگ,فکری و آموزشی,بازی فکری,نارنجی,بزرگ,شادی,97599,139566,7,آریا اسباب‌بازی,24,5
2099,TOY-2099,دندانگیر سفید خانواده,نوزاد و خردسال,جغجغه,سفید,خانواده,تویز,659001,1074171,7,آریا اسباب‌بازی,12,6
2100,TOY-2100,لگو آتش‌نشانی چندرنگ کوچک,لگو و ساختنی,لگو,چندرنگ,کوچک,پلی‌تویز,913509,1616910,4,کیان تویز,34,14
2101,TOY-2101,فشفشه آبی بزرگ,مهمانی و بادکنک,بادکنک,آبی,بزرگ,دنیای اسباب‌بازی,870042,1305063,3,بازی و شادی,24,6
2102,TOY-2102,عروسک پارچه‌ای نارنجی کوچک,نوزاد و خردسال,عروسک پارچه‌ای,نارنجی,کوچک,پیکولو,562945,1007671,5,پارس اسباب‌بازی,8,14
2103,TOY-2103,توپ بسکتبال صورتی متوسط,بازی در فضای باز,اسکوتر,صورتی,متوسط,پلی‌تویز,303337,555106,10,دنیای شادی,30,8
2104,TOY-2104,دوچرخه کودک مشکی بزرگ,بازی در فضای باز,اسکوتر,مشکی,بزرگ,زرافه,664455,1136218,2,تویز لند,23,26
2105,TOY-2105,توپ فوتبال بنفش خانواده,بازی در فضای باز,استخر بادی,بنفش,خانواده,پلی‌تویز,949194,1604137,3,بازی و شادی,32,23
2106,TOY-2106,پازل سه‌بعدی برج آبی متوسط,لگو و ساختنی,لگو,آبی,متوسط,پلی‌تویز,401247,742306,10,دنیای شادی,17,28
2107,TOY-2107,توپ بسکتبال سفید بزرگ,بازی در فضای باز,دوچرخه,سفید,بزرگ,پاندورا,605193,1040931,1,اسباب‌بازی ایران,24,17
2108,TOY-2108,بازی فکری شطرنج نارنجی کوچک,فکری و آموزشی,وسایل آموزشی,نارنجی,کوچک,آسمان,579333,1077559,1,اسباب‌بازی ایران,34,15
2109,TOY-2109,چرتکه آموزشی زرد خانواده,فکری و آموزشی,بازی فکری,زرد,خانواده,زرافه,719567,1424742,6,نوین تویز,20,4
2110,TOY-2110,کاغذ رنگی سبز خانواده,مهمانی و بادکنک,ظروف یکبارمصرف,سبز,خانواده,پاندورا,265657,518031,9,پویا تویز,7,14
2111,TOY-2111,توپ فوتبال چندرنگ کوچک,بازی در فضای باز,دوچرخه,چندرنگ,کوچک,تویز,890915,1585828,1,اسباب‌بازی ایران,47,19
2112,TOY-2112,عروسک سخنگو قرمز بزرگ,عروسک,پارچه‌ای,قرمز,بزرگ,پاندورا,545399,894454,7,آریا اسباب‌بازی,16,17
2113,TOY-2113,ماشین کنترلی شارژی مشکی متوسط,ماشین و رادیویی,ماشین کنترلی,مشکی,متوسط,پلی‌تویز,874551,1443009,7,آریا اسباب‌بازی,27,16
2114,TOY-2114,سرباز اسباب‌بازی صورتی کوچک,اکشن فیگور,شخصیت کارتونی,صورتی,کوچک,آسمان,905744,1729971,1,اسباب‌بازی ایران,19,9
2115,TOY-2115,لگو آتش‌نشانی سفید خانواده,لگو و ساختنی,پازل سه‌بعدی,سفید,خانواده,پلی‌تویز,139014,201570,2,تویز لند,42,16
2116,TOY-2116,عروسک باربی قرمز کوچک,عروسک,پولیشی,قرمز,کوچک,کیدزلند,430942,745529,4,کیان تویز,15,27
2117,TOY-2117,فشفشه قرمز خانواده,مهمانی و بادکنک,فشفشه,قرمز,خانواده,کیدزلند,372967,551991,3,بازی و شادی,23,4
2118,TOY-2118,کتاب قصه‌های کهن صورتی کوچک,فکری و آموزشی,پازل,صورتی,کوچک,تویز,523431,957878,8,ماهان تویز,29,16
2119,TOY-2119,پازل چوبی سبز کوچک,نوزاد و خردسال,پازل چوبی,سبز,کوچک,پیکولو,345931,581164,1,اسباب‌بازی ایران,9,25
2120,TOY-2120,بلوک‌های خانه بنفش متوسط,لگو و ساختنی,پازل سه‌بعدی,بنفش,متوسط,آسمان,69072,129855,1,اسباب‌بازی ایران,49,22
2121,TOY-2121,دوچرخه کودک بنفش کوچک,بازی در فضای باز,دوچرخه,بنفش,کوچک,تویز,808136,1301098,10,دنیای شادی,7,8
2122,TOY-2122,عروسک پارچه‌ای قرمز بزرگ,نوزاد و خردسال,پازل چوبی,قرمز,بزرگ,شادی,184843,358595,2,تویز لند,45,20
2123,TOY-2123,ربات جنگجو نارنجی متوسط,اکشن فیگور,ربات,نارنجی,متوسط,شادی,914229,1471908,6,نوین تویز,5,29
2124,TOY-2124,هواپیمای کنترلی صورتی متوسط,ماشین و رادیویی,هواپیما,صورتی,متوسط,پیکولو,671509,1101274,7,آریا اسباب‌بازی,9,9
2125,TOY-2125,سرباز اسباب‌بازی سفید متوسط,اکشن فیگور,ربات,سفید,متوسط,پاندورا,699325,1139899,9,پویا تویز,19,5
2126,TOY-2126,پازل چوبی آبی بزرگ,نوزاد و خردسال,موزیکال,آبی,بزرگ,فانتزی,840811,1227584,6,نوین تویز,34,22
2127,TOY-2127,ربات جنگجو نارنجی متوسط,اکشن فیگور,ربات,نارنجی,متوسط,تویز,271263,382480,6,نوین تویز,45,9
2128,TOY-2128,ماشین سرعتی سبز متوسط,ماشین و رادیویی,هواپیما,سبز,متوسط,پلی‌تویز,618461,1131783,7,آریا اسباب‌بازی,25,18
2129,TOY-2129,لگو پلیس نارنجی کوچک,لگو و ساختنی,ماکت,نارنجی,کوچک,دنیای اسباب‌بازی,264109,382958,2,تویز لند,21,8
2130,TOY-2130,عروسک بامزی سبز متوسط,عروسک,فیگور,سبز,متوسط,شادی,747817,1189029,8,ماهان تویز,13,15
2131,TOY-2131,بلوک‌های خانه نارنجی خانواده,لگو و ساختنی,پازل سه‌بعدی,نارنجی,خانواده,دنیای اسباب‌بازی,615688,1046669,7,آریا اسباب‌بازی,47,14
2132,TOY-2132,کتاب قصه‌های کهن آبی متوسط,فکری و آموزشی,وسایل آموزشی,آبی,متوسط,پاندورا,984792,1605210,3,بازی و شادی,40,21
2133,TOY-2133,پازل نقشه ایران آبی خانواده,فکری و آموزشی,پازل,آبی,خانواده,فانتزی,676707,1062429,2,تویز لند,24,11
2134,TOY-2134,استخر بادی سفید متوسط,بازی در فضای باز,دوچرخه,سفید,متوسط,دنیای اسباب‌بازی,470587,903527,2,تویز لند,22,14
2135,TOY-2135,پازل ۱۰۰ تکه قرمز بزرگ,فکری و آموزشی,پازل,قرمز,بزرگ,کیدزلند,179073,343820,4,کیان تویز,29,14
2136,TOY-2136,ماشین کنترلی شارژی سفید خانواده,ماشین و رادیویی,ماشین کنترلی,سفید,خانواده,کیدزلند,603091,1025254,7,آریا اسباب‌بازی,13,20
2137,TOY-2137,فیگور مرد عنکبوتی چندرنگ بزرگ,اکشن فیگور,ربات,چندرنگ,بزرگ,شادی,934668,1523508,7,آریا اسباب‌بازی,36,19
2138,TOY-2138,سرباز اسباب‌بازی صورتی خانواده,اکشن فیگور,ابرقهرمان,صورتی,خانواده,پیکولو,801429,1186114,10,دنیای شادی,12,7
2139,TOY-2139,عروسک خرسی بنفش بزرگ,عروسک,پولیشی,بنفش,بزرگ,شادی,541437,1061216,1,اسباب‌بازی ایران,27,11
2140,TOY-2140,استخر بادی نارنجی کوچک,بازی در فضای باز,استخر بادی,نارنجی,کوچک,زرافه,505735,743430,10,دنیای شادی,37,4
2141,TOY-2141,فیگور مرد عنکبوتی صورتی کوچک,اکشن فیگور,ربات,صورتی,کوچک,پاندورا,269556,522938,2,تویز لند,29,18
2142,TOY-2142,کاغذ رنگی آبی کوچک,مهمانی و بادکنک,فشفشه,آبی,کوچک,پلی‌تویز,44718,70207,2,تویز لند,20,16
2143,TOY-2143,فشفشه زرد خانواده,مهمانی و بادکنک,ظروف یکبارمصرف,زرد,خانواده,تویز,644783,1076787,6,نوین تویز,19,21
2144,TOY-2144,دوچرخه کودک چندرنگ خانواده,بازی در فضای باز,استخر بادی,چندرنگ,خانواده,کیدزلند,406455,630005,1,اسباب‌بازی ایران,14,5
2145,TOY-2145,ماشین سرعتی بنفش کوچک,ماشین و رادیویی,ماشین کنترلی,بنفش,کوچک,دنیای اسباب‌بازی,536090,755886,3,بازی و شادی,27,6
2146,TOY-2146,کاغذ رنگی صورتی کوچک,مهمانی و بادکنک,فشفشه,صورتی,کوچک,آسمان,973772,1489871,10,دنیای شادی,33,3
2147,TOY-2147,لگو آتش‌نشانی بنفش بزرگ,لگو و ساختنی,ماکت,بنفش,بزرگ,فانتزی,86527,168727,1,اسباب‌بازی ایران,37,19
2148,TOY-2148,استخر بادی آبی متوسط,بازی در فضای باز,اسکوتر,آبی,متوسط,کیدزلند,583960,823383,4,کیان تویز,36,22
2149,TOY-2149,کلاه جشن تولد قرمز خانواده,مهمانی و بادکنک,ظروف یکبارمصرف,قرمز,خانواده,فانتزی,449784,760134,7,آریا اسباب‌بازی,23,26
2150,TOY-2150,عروسک باربی زرد بزرگ,عروسک,فیگور,زرد,بزرگ,پیکولو,602423,1030143,8,ماهان تویز,26,17
2151,TOY-2151,پازل ۱۰۰ تکه آبی متوسط,فکری و آموزشی,کتاب داستان,آبی,متوسط,فانتزی,66836,133672,3,بازی و شادی,13,22
2152,TOY-2152,عروسک پولیشی مشکی خانواده,عروسک,پولیشی,مشکی,خانواده,تویز,763324,1274751,9,پویا تویز,35,14
2153,TOY-2153,ربات جنگجو بنفش کوچک,اکشن فیگور,شخصیت کارتونی,بنفش,کوچک,آسمان,330312,525196,7,آریا اسباب‌بازی,33,20
2154,TOY-2154,جغجغه آبی بزرگ,نوزاد و خردسال,جغجغه,آبی,بزرگ,شادی,664603,1043426,8,ماهان تویز,10,10
2155,TOY-2155,عروسک پارچه‌ای آبی کوچک,نوزاد و خردسال,عروسک پارچه‌ای,آبی,کوچک,فانتزی,341895,683790,2,تویز لند,14,24
2156,TOY-2156,قایق اسباب‌بازی نارنجی بزرگ,ماشین و رادیویی,ماشین ساده,نارنجی,بزرگ,دنیای اسباب‌بازی,283821,408702,5,پارس اسباب‌بازی,45,12
2157,TOY-2157,کلاه جشن تولد چندرنگ خانواده,مهمانی و بادکنک,بادکنک,چندرنگ,خانواده,کیدزلند,542206,1073567,9,پویا تویز,32,7
2158,TOY-2158,عروسک باربی سبز بزرگ,عروسک,پلاستیکی,سبز,بزرگ,فانتزی,920736,1510007,7,آریا اسباب‌بازی,19,23
2159,TOY-2159,عروسک خرسی نارنجی کوچک,عروسک,فیگور,نارنجی,کوچک,کیدزلند,531604,1031311,9,پویا تویز,8,17
2160,TOY-2160,اسکوتر سبز بزرگ,بازی در فضای باز,توپ,سبز,بزرگ,پلی‌تویز,93854,170814,8,ماهان تویز,32,25
2161,TOY-2161,کتاب قصه‌های کهن بنفش خانواده,فکری و آموزشی,بازی فکری,بنفش,خانواده,پلی‌تویز,910239,1338051,2,تویز لند,48,24
2162,TOY-2162,ماشین سرعتی نارنجی کوچک,ماشین و رادیویی,قایق,نارنجی,کوچک,فانتزی,883078,1457078,3,بازی و شادی,34,3
2163,TOY-2163,قایق اسباب‌بازی نارنجی کوچک,ماشین و رادیویی,ماشین کنترلی,نارنجی,کوچک,پیکولو,98346,154403,3,بازی و شادی,47,20
2164,TOY-2164,چرتکه آموزشی زرد بزرگ,فکری و آموزشی,کتاب داستان,زرد,بزرگ,زرافه,304187,511034,1,اسباب‌بازی ایران,10,9
2165,TOY-2165,موبایل موزیکال صورتی کوچک,نوزاد و خردسال,جغجغه,صورتی,کوچک,پلی‌تویز,771044,1079461,6,نوین تویز,47,27
2166,TOY-2166,دندانگیر زرد متوسط,نوزاد و خردسال,پازل چوبی,زرد,متوسط,پاندورا,221525,440834,10,دنیای شادی,13,15
2167,TOY-2167,عروسک پارچه‌ای چندرنگ بزرگ,نوزاد و خردسال,عروسک پارچه‌ای,چندرنگ,بزرگ,پاندورا,781023,1398031,2,تویز لند,25,22
2168,TOY-2168,پازل چوبی آبی کوچک,نوزاد و خردسال,جغجغه,آبی,کوچک,فانتزی,75010,132767,1,اسباب‌بازی ایران,19,26
2169,TOY-2169,ربات جنگجو سفید خانواده,اکشن فیگور,سرباز,سفید,خانواده,شادی,894464,1520588,5,پارس اسباب‌بازی,25,3
2170,TOY-2170,ربات جنگجو نارنجی خانواده,اکشن فیگور,سرباز,نارنجی,خانواده,زرافه,327010,585347,10,دنیای شادی,32,23
2171,TOY-2171,هواپیمای کنترلی آبی خانواده,ماشین و رادیویی,قایق,آبی,خانواده,شادی,893514,1393881,9,پویا تویز,18,21
2172,TOY-2172,بلوک‌های خانه سفید بزرگ,لگو و ساختنی,پازل سه‌بعدی,سفید,بزرگ,پیکولو,532774,895060,9,پویا تویز,13,7
2173,TOY-2173,چرتکه آموزشی زرد متوسط,فکری و آموزشی,وسایل آموزشی,زرد,متوسط,شادی,744951,1072729,5,پارس اسباب‌بازی,22,25
2174,TOY-2174,پازل نقشه ایران صورتی بزرگ,فکری و آموزشی,وسایل آموزشی,صورتی,بزرگ,آسمان,455352,805973,10,دنیای شادی,10,16
2175,TOY-2175,دندانگیر سبز بزرگ,نوزاد و خردسال,عروسک پارچه‌ای,سبز,بزرگ,پلی‌تویز,284543,441041,6,نوین تویز,17,13
2176,TOY-2176,ربات جنگجو چندرنگ متوسط,اکشن فیگور,ابرقهرمان,چندرنگ,متوسط,کیدزلند,890226,1451068,5,پارس اسباب‌بازی,31,28
2177,TOY-2177,پازل نقشه ایران مشکی متوسط,فکری و آموزشی,بازی فکری,مشکی,متوسط,پاندورا,123914,209414,6,نوین تویز,32,16
2178,TOY-2178,کتاب قصه‌های کهن سفید خانواده,فکری و آموزشی,کتاب داستان,سفید,خانواده,دنیای اسباب‌بازی,777324,1189305,6,نوین تویز,46,19
2179,TOY-2179,ماشین سرعتی آبی بزرگ,ماشین و رادیویی,هواپیما,آبی,بزرگ,کیدزلند,982004,1453365,7,آریا اسباب‌بازی,33,6
2180,TOY-2180,جغجغه زرد بزرگ,نوزاد و خردسال,جغجغه,زرد,بزرگ,پاندورا,251257,489951,8,ماهان تویز,6,27
2181,TOY-2181,دوچرخه کودک سفید کوچک,بازی در فضای باز,استخر بادی,سفید,کوچک,زرافه,170584,264405,8,ماهان تویز,12,5
2182,TOY-2182,پازل سه‌بعدی برج صورتی بزرگ,لگو و ساختنی,ماکت,صورتی,بزرگ,کیدزلند,139661,258372,3,بازی و شادی,5,18
2183,TOY-2183,هواپیمای کنترلی قرمز کوچک,ماشین و رادیویی,ماشین کنترلی,قرمز,کوچک,کیدزلند,818350,1415745,5,پارس اسباب‌بازی,45,7
2184,TOY-2184,لگو آتش‌نشانی آبی خانواده,لگو و ساختنی,پازل سه‌بعدی,آبی,خانواده,پلی‌تویز,773172,1515417,1,اسباب‌بازی ایران,23,26
2185,TOY-2185,عروسک خرسی مشکی بزرگ,عروسک,پارچه‌ای,مشکی,بزرگ,آسمان,646861,1241973,7,آریا اسباب‌بازی,42,16
2186,TOY-2186,بازی فکری شطرنج چندرنگ بزرگ,فکری و آموزشی,بازی فکری,چندرنگ,بزرگ,دنیای اسباب‌بازی,917630,1449855,6,نوین تویز,9,25
2187,TOY-2187,پازل ۱۰۰ تکه نارنجی بزرگ,فکری و آموزشی,بازی فکری,نارنجی,بزرگ,پلی‌تویز,455453,847142,3,بازی و شادی,43,26
2188,TOY-2188,دندانگیر چندرنگ کوچک,نوزاد و خردسال,عروسک پارچه‌ای,چندرنگ,کوچک,فانتزی,905457,1738477,2,تویز لند,49,10
2189,TOY-2189,توپ فوتبال آبی متوسط,بازی در فضای باز,استخر بادی,آبی,متوسط,زرافه,858630,1605638,4,کیان تویز,31,13
2190,TOY-2190,پازل نقشه ایران سبز متوسط,فکری و آموزشی,کتاب داستان,سبز,متوسط,پلی‌تویز,134191,195918,5,پارس اسباب‌بازی,11,29
2191,TOY-2191,لگو آتش‌نشانی سفید خانواده,لگو و ساختنی,لگو,سفید,خانواده,پیکولو,562175,1113106,10,دنیای شادی,17,13
2192,TOY-2192,عروسک پارچه‌ای زرد کوچک,نوزاد و خردسال,پازل چوبی,زرد,کوچک,کیدزلند,554534,1097977,7,آریا اسباب‌بازی,32,26
2193,TOY-2193,کلاه جشن تولد صورتی خانواده,مهمانی و بادکنک,ظروف یکبارمصرف,صورتی,خانواده,تویز,862716,1492498,9,پویا تویز,22,13
2194,TOY-2194,استخر بادی صورتی بزرگ,بازی در فضای باز,دوچرخه,صورتی,بزرگ,شادی,39030,65180,1,اسباب‌بازی ایران,14,11
2195,TOY-2195,ظروف مهمانی چندرنگ متوسط,مهمانی و بادکنک,ظروف یکبارمصرف,چندرنگ,متوسط,شادی,890980,1443387,3,بازی و شادی,7,24
2196,TOY-2196,لگو آتش‌نشانی صورتی متوسط,لگو و ساختنی,ماکت,صورتی,متوسط,پلی‌تویز,872737,1570926,6,نوین تویز,19,4
2197,TOY-2197,سرباز اسباب‌بازی زرد بزرگ,اکشن فیگور,ربات,زرد,بزرگ,پلی‌تویز,824845,1600199,7,آریا اسباب‌بازی,11,6
2198,TOY-2198,کاغذ رنگی زرد کوچک,مهمانی و بادکنک,بادکنک,زرد,کوچک,پاندورا,545974,857179,1,اسباب‌بازی ایران,42,29
2199,TOY-2199,موبایل موزیکال صورتی کوچک,نوزاد و خردسال,موزیکال,صورتی,کوچک,پاندورا,495704,852610,7,آریا اسباب‌بازی,5,26
2200,TOY-2200,بادکنک رنگی صورتی بزرگ,مهمانی و بادکنک,ظروف یکبارمصرف,صورتی,بزرگ,شادی,342776,569008,4,کیان تویز,47,20
2201,TOY-2201,اسکوتر بنفش متوسط,بازی در فضای باز,اسکوتر,بنفش,متوسط,فانتزی,931525,1658114,4,کیان تویز,21,6
2202,TOY-2202,کتاب قصه‌های کهن مشکی کوچک,فکری و آموزشی,پازل,مشکی,کوچک,پلی‌تویز,982671,1955515,2,تویز لند,25,15
2203,TOY-2203,ماشین سرعتی نارنجی کوچک,ماشین و رادیویی,ماشین کنترلی,نارنجی,کوچک,آسمان,792099,1267358,2,تویز لند,5,24
2204,TOY-2204,دوچرخه کودک سفید متوسط,بازی در فضای باز,استخر بادی,سفید,متوسط,زرافه,426529,682446,5,پارس اسباب‌بازی,35,24
2205,TOY-2205,قایق اسباب‌بازی سفید متوسط,ماشین و رادیویی,ماشین ساده,سفید,متوسط,دنیای اسباب‌بازی,107264,153387,2,تویز لند,18,17
2206,TOY-2206,پازل نقشه ایران قرمز متوسط,فکری و آموزشی,پازل,قرمز,متوسط,آسمان,898774,1330185,9,پویا تویز,36,4
2207,TOY-2207,کلاه جشن تولد زرد کوچک,مهمانی و بادکنک,ظروف یکبارمصرف,زرد,کوچک,پلی‌تویز,173029,245701,10,دنیای شادی,14,20
2208,TOY-2208,لگو پلیس سفید متوسط,لگو و ساختنی,لگو,سفید,متوسط,دنیای اسباب‌بازی,670073,1112321,2,تویز لند,17,3
2209,TOY-2209,کلاه جشن تولد سبز متوسط,مهمانی و بادکنک,فشفشه,سبز,متوسط,پلی‌تویز,992819,1787074,1,اسباب‌بازی ایران,29,28
2210,TOY-2210,سرباز اسباب‌بازی نارنجی کوچک,اکشن فیگور,ابرقهرمان,نارنجی,کوچک,دنیای اسباب‌بازی,131425,253650,9,پویا تویز,41,11
2211,TOY-2211,عروسک باربی سبز کوچک,عروسک,پولیشی,سبز,کوچک,پاندورا,518947,897778,3,بازی و شادی,12,19
2212,TOY-2212,ماشین سرعتی مشکی بزرگ,ماشین و رادیویی,ماشین ساده,مشکی,بزرگ,پاندورا,949972,1814446,4,کیان تویز,9,26
2213,TOY-2213,بادکنک رنگی زرد متوسط,مهمانی و بادکنک,کلاه تولد,زرد,متوسط,پیکولو,105654,154254,1,اسباب‌بازی ایران,29,3
2214,TOY-2214,لگو آتش‌نشانی قرمز بزرگ,لگو و ساختنی,ماکت,قرمز,بزرگ,پاندورا,185891,369923,9,پویا تویز,23,13
2215,TOY-2215,کاغذ رنگی نارنجی خانواده,مهمانی و بادکنک,ظروف یکبارمصرف,نارنجی,خانواده,دنیای اسباب‌بازی,383197,682090,8,ماهان تویز,21,16
2216,TOY-2216,سرباز اسباب‌بازی نارنجی خانواده,اکشن فیگور,ربات,نارنجی,خانواده,فانتزی,296463,572173,9,پویا تویز,16,22
2217,TOY-2217,بادکنک رنگی زرد کوچک,مهمانی و بادکنک,کلاه تولد,زرد,کوچک,پیکولو,278980,510533,6,نوین تویز,8,19
2218,TOY-2218,توپ بسکتبال صورتی خانواده,بازی در فضای باز,توپ,صورتی,خانواده,زرافه,60277,119348,5,پارس اسباب‌بازی,19,3
2219,TOY-2219,سرباز اسباب‌بازی بنفش متوسط,اکشن فیگور,شخصیت کارتونی,بنفش,متوسط,تویز,324182,525174,4,کیان تویز,42,26
2220,TOY-2220,پازل چوبی چندرنگ متوسط,نوزاد و خردسال,عروسک پارچه‌ای,چندرنگ,متوسط,آسمان,989669,1405329,7,آریا اسباب‌بازی,34,4
2221,TOY-2221,پازل ۱۰۰ تکه زرد خانواده,فکری و آموزشی,بازی فکری,زرد,خانواده,آسمان,459453,905122,8,ماهان تویز,26,14
2222,TOY-2222,پازل چوبی مشکی متوسط,نوزاد و خردسال,پازل چوبی,مشکی,متوسط,پاندورا,546124,922949,3,بازی و شادی,19,21
2223,TOY-2223,عروسک پارچه‌ای سبز کوچک,نوزاد و خردسال,جغجغه,سبز,کوچک,آسمان,217975,333501,6,نوین تویز,35,29
2224,TOY-2224,عروسک پولیشی صورتی خانواده,عروسک,فیگور,صورتی,خانواده,کیدزلند,124921,218611,10,دنیای شادی,36,11
2225,TOY-2225,توپ بسکتبال نارنجی خانواده,بازی در فضای باز,اسکوتر,نارنجی,خانواده,تویز,212733,304208,8,ماهان تویز,25,12
2226,TOY-2226,بلوک‌های خانه زرد بزرگ,لگو و ساختنی,پازل سه‌بعدی,زرد,بزرگ,دنیای اسباب‌بازی,790076,1540648,3,بازی و شادی,29,13
2227,TOY-2227,عروسک باربی نارنجی بزرگ,عروسک,پارچه‌ای,نارنجی,بزرگ,تویز,945720,1550980,1,اسباب‌بازی ایران,21,15
2228,TOY-2228,پازل ۱۰۰ تکه بنفش خانواده,فکری و آموزشی,وسایل آموزشی,بنفش,خانواده,شادی,154339,226878,10,دنیای شادی,42,24
2229,TOY-2229,کاغذ رنگی مشکی بزرگ,مهمانی و بادکنک,فشفشه,مشکی,بزرگ,شادی,685266,1281447,1,اسباب‌بازی ایران,31,7
2230,TOY-2230,پازل سه‌بعدی برج صورتی کوچک,لگو و ساختنی,ماکت,صورتی,کوچک,دنیای اسباب‌بازی,656386,925504,10,دنیای شادی,20,18
2231,TOY-2231,پازل سه‌بعدی برج مشکی خانواده,لگو و ساختنی,بلوک ساختمانی,مشکی,خانواده,آسمان,985367,1428782,3,بازی و شادی,23,28
2232,TOY-2232,ماشین کنترلی شارژی چندرنگ خانواده,ماشین و رادیویی,ماشین ساده,چندرنگ,خانواده,آسمان,200800,367464,7,آریا اسباب‌بازی,32,3
2233,TOY-2233,پازل ۱۰۰ تکه سفید کوچک,فکری و آموزشی,پازل,سفید,کوچک,فانتزی,665127,1084157,4,کیان تویز,6,19
2234,TOY-2234,پازل چوبی سبز خانواده,نوزاد و خردسال,عروسک پارچه‌ای,سبز,خانواده,دنیای اسباب‌بازی,739729,1102196,10,دنیای شادی,13,15
2235,TOY-2235,توپ فوتبال آبی متوسط,بازی در فضای باز,دوچرخه,آبی,متوسط,تویز,529229,772674,5,پارس اسباب‌بازی,6,12
2236,TOY-2236,کلاه جشن تولد بنفش متوسط,مهمانی و بادکنک,بادکنک,بنفش,متوسط,پاندورا,644270,940634,2,تویز لند,46,15
2237,TOY-2237,بلوک‌های خانه چندرنگ بزرگ,لگو و ساختنی,ماکت,چندرنگ,بزرگ,پاندورا,147331,213629,5,پارس اسباب‌بازی,7,22
2238,TOY-2238,فیگور شرک سبز بزرگ,اکشن فیگور,سرباز,سبز,بزرگ,پیکولو,273457,494957,4,کیان تویز,23,15
2239,TOY-2239,کتاب قصه‌های کهن بنفش بزرگ,فکری و آموزشی,پازل,بنفش,بزرگ,شادی,516785,966387,9,پویا تویز,27,4
2240,TOY-2240,استخر بادی قرمز بزرگ,بازی در فضای باز,استخر بادی,قرمز,بزرگ,آسمان,696813,1114900,2,تویز لند,37,16
2241,TOY-2241,ماشین فلزی زرد خانواده,ماشین و رادیویی,ماشین ساده,زرد,خانواده,فانتزی,976594,1533252,2,تویز لند,11,18
2242,TOY-2242,ربات جنگجو صورتی بزرگ,اکشن فیگور,ربات,صورتی,بزرگ,آسمان,815951,1403435,2,تویز لند,32,23
2243,TOY-2243,پازل نقشه ایران بنفش کوچک,فکری و آموزشی,بازی فکری,بنفش,کوچک,شادی,89759,134638,1,اسباب‌بازی ایران,30,8
2244,TOY-2244,پازل چوبی سبز خانواده,نوزاد و خردسال,پازل چوبی,سبز,خانواده,پاندورا,698949,1104339,1,اسباب‌بازی ایران,21,14
2245,TOY-2245,فیگور مرد عنکبوتی سفید متوسط,اکشن فیگور,سرباز,سفید,متوسط,پاندورا,585235,959785,8,ماهان تویز,9,13
2246,TOY-2246,پازل چوبی صورتی متوسط,نوزاد و خردسال,عروسک پارچه‌ای,صورتی,متوسط,آسمان,240309,432556,4,کیان تویز,28,25
2247,TOY-2247,ماشین فلزی چندرنگ بزرگ,ماشین و رادیویی,هواپیما,چندرنگ,بزرگ,پیکولو,99044,143613,7,آریا اسباب‌بازی,8,25
2248,TOY-2248,لگو پلیس آبی کوچک,لگو و ساختنی,لگو,آبی,کوچک,فانتزی,375119,641453,9,پویا تویز,23,23
2249,TOY-2249,جغجغه سبز کوچک,نوزاد و خردسال,پازل چوبی,سبز,کوچک,تویز,697272,1338762,8,ماهان تویز,7,19
2250,TOY-2250,ماشین فلزی سفید بزرگ,ماشین و رادیویی,ماشین کنترلی,سفید,بزرگ,شادی,113333,207399,10,دنیای شادی,44,17
2251,TOY-2251,لگو آتش‌نشانی سفید بزرگ,لگو و ساختنی,لگو,سفید,بزرگ,کیدزلند,699373,1139977,1,اسباب‌بازی ایران,8,17
2252,TOY-2252,لگو ماشین قرمز متوسط,لگو و ساختنی,لگو,قرمز,متوسط,فانتزی,127601,202885,7,آریا اسباب‌بازی,46,26
2253,TOY-2253,فشفشه چندرنگ بزرگ,مهمانی و بادکنک,بادکنک,چندرنگ,بزرگ,پیکولو,711901,1089208,9,پویا تویز,35,29
2254,TOY-2254,لگو آتش‌نشانی آبی خانواده,لگو و ساختنی,پازل سه‌بعدی,آبی,خانواده,پیکولو,52355,101568,5,پارس اسباب‌بازی,41,21
2255,TOY-2255,قایق اسباب‌بازی چندرنگ متوسط,ماشین و رادیویی,ماشین کنترلی,چندرنگ,متوسط,آسمان,250707,393609,1,اسباب‌بازی ایران,33,28
2256,TOY-2256,عروسک پارچه‌ای بنفش خانواده,نوزاد و خردسال,موزیکال,بنفش,خانواده,شادی,782071,1306058,9,پویا تویز,31,3
2257,TOY-2257,استخر بادی صورتی متوسط,بازی در فضای باز,اسکوتر,صورتی,متوسط,آسمان,359470,654235,6,نوین تویز,25,11
2258,TOY-2258,کتاب قصه‌های کهن سبز متوسط,فکری و آموزشی,بازی فکری,سبز,متوسط,تویز,278340,498228,2,تویز لند,47,23
2259,TOY-2259,عروسک باربی آبی خانواده,عروسک,پارچه‌ای,آبی,خانواده,فانتزی,895832,1504997,3,بازی و شادی,42,26
2260,TOY-2260,بلوک‌های خانه مشکی متوسط,لگو و ساختنی,پازل سه‌بعدی,مشکی,متوسط,پاندورا,512323,747991,7,آریا اسباب‌بازی,7,3
2261,TOY-2261,دندانگیر چندرنگ بزرگ,نوزاد و خردسال,جغجغه,چندرنگ,بزرگ,پلی‌تویز,961893,1529409,8,ماهان تویز,26,16
2262,TOY-2262,عروسک باربی صورتی متوسط,عروسک,فیگور,صورتی,متوسط,شادی,622630,884134,2,تویز لند,48,18
2263,TOY-2263,عروسک سخنگو صورتی متوسط,عروسک,پارچه‌ای,صورتی,متوسط,پاندورا,570706,1095755,8,ماهان تویز,16,25
2264,TOY-2264,پازل چوبی سبز بزرگ,نوزاد و خردسال,موزیکال,سبز,بزرگ,زرافه,838016,1525189,6,نوین تویز,37,7
2265,TOY-2265,ماشین فلزی سفید خانواده,ماشین و رادیویی,ماشین کنترلی,سفید,خانواده,کیدزلند,67212,129047,8,ماهان تویز,29,18
2266,TOY-2266,فیگور مرد عنکبوتی سبز متوسط,اکشن فیگور,ابرقهرمان,سبز,متوسط,دنیای اسباب‌بازی,416302,707713,10,دنیای شادی,14,26
2267,TOY-2267,کلاه جشن تولد سبز خانواده,مهمانی و بادکنک,فشفشه,سبز,خانواده,تویز,42382,81373,1,اسباب‌بازی ایران,7,29
2268,TOY-2268,فیگور شرک مشکی بزرگ,اکشن فیگور,سرباز,مشکی,بزرگ,تویز,362677,536761,2,تویز لند,32,21
2269,TOY-2269,کلاه جشن تولد سبز بزرگ,مهمانی و بادکنک,کلاه تولد,سبز,بزرگ,دنیای اسباب‌بازی,511433,838750,5,پارس اسباب‌بازی,37,4
2270,TOY-2270,پازل چوبی قرمز خانواده,نوزاد و خردسال,عروسک پارچه‌ای,قرمز,خانواده,پیکولو,438269,867772,9,پویا تویز,7,9
2271,TOY-2271,توپ فوتبال سفید بزرگ,بازی در فضای باز,استخر بادی,سفید,بزرگ,تویز,136075,223163,7,آریا اسباب‌بازی,27,20
2272,TOY-2272,پازل سه‌بعدی برج بنفش متوسط,لگو و ساختنی,ماکت,بنفش,متوسط,شادی,236345,415967,10,دنیای شادی,37,7
2273,TOY-2273,چرتکه آموزشی سفید کوچک,فکری و آموزشی,کتاب داستان,سفید,کوچک,پلی‌تویز,871067,1716001,10,دنیای شادی,19,22
2274,TOY-2274,اسکوتر قرمز متوسط,بازی در فضای باز,استخر بادی,قرمز,متوسط,تویز,521160,1031896,4,کیان تویز,9,8
2275,TOY-2275,ظروف مهمانی قرمز خانواده,مهمانی و بادکنک,کلاه تولد,قرمز,خانواده,تویز,570113,1123122,2,تویز لند,8,9
2276,TOY-2276,توپ فوتبال نارنجی بزرگ,بازی در فضای باز,استخر بادی,نارنجی,بزرگ,پیکولو,347133,610954,1,اسباب‌بازی ایران,37,10
2277,TOY-2277,کاغذ رنگی نارنجی بزرگ,مهمانی و بادکنک,کلاه تولد,نارنجی,بزرگ,کیدزلند,841819,1683638,4,کیان تویز,30,25
2278,TOY-2278,عروسک پارچه‌ای نارنجی متوسط,نوزاد و خردسال,موزیکال,نارنجی,متوسط,تویز,503660,805856,7,آریا اسباب‌بازی,46,14
2279,TOY-2279,لگو آتش‌نشانی بنفش کوچک,لگو و ساختنی,پازل سه‌بعدی,بنفش,کوچک,کیدزلند,755910,1413551,3,بازی و شادی,30,11
2280,TOY-2280,اسکوتر سفید خانواده,بازی در فضای باز,دوچرخه,سفید,خانواده,فانتزی,668055,1322748,7,آریا اسباب‌بازی,18,5
2281,TOY-2281,چرتکه آموزشی آبی بزرگ,فکری و آموزشی,بازی فکری,آبی,بزرگ,آسمان,731692,1141439,9,پویا تویز,13,15
2282,TOY-2282,لگو آتش‌نشانی آبی کوچک,لگو و ساختنی,لگو,آبی,کوچک,پلی‌تویز,444680,693700,2,تویز لند,25,21
2283,TOY-2283,توپ فوتبال بنفش بزرگ,بازی در فضای باز,دوچرخه,بنفش,بزرگ,کیدزلند,840857,1252876,9,پویا تویز,37,23
2284,TOY-2284,ظروف مهمانی چندرنگ بزرگ,مهمانی و بادکنک,بادکنک,چندرنگ,بزرگ,کیدزلند,795369,1280544,6,نوین تویز,46,7
2285,TOY-2285,لگو آتش‌نشانی صورتی متوسط,لگو و ساختنی,پازل سه‌بعدی,صورتی,متوسط,دنیای اسباب‌بازی,411871,626043,5,پارس اسباب‌بازی,6,21
2286,TOY-2286,عروسک خرسی سبز متوسط,عروسک,پارچه‌ای,سبز,متوسط,شادی,603188,1200344,3,بازی و شادی,46,8
2287,TOY-2287,چرتکه آموزشی قرمز بزرگ,فکری و آموزشی,کتاب داستان,قرمز,بزرگ,زرافه,475200,731808,7,آریا اسباب‌بازی,8,22
2288,TOY-2288,لگو آتش‌نشانی سبز متوسط,لگو و ساختنی,ماکت,سبز,متوسط,پیکولو,712818,1404251,8,ماهان تویز,30,26
2289,TOY-2289,پازل سه‌بعدی برج نارنجی خانواده,لگو و ساختنی,بلوک ساختمانی,نارنجی,خانواده,زرافه,672110,1129144,6,نوین تویز,35,7
2290,TOY-2290,فیگور مرد عنکبوتی قرمز خانواده,اکشن فیگور,ابرقهرمان,قرمز,خانواده,پلی‌تویز,466110,703826,1,اسباب‌بازی ایران,49,6
2291,TOY-2291,سرباز اسباب‌بازی مشکی خانواده,اکشن فیگور,شخصیت کارتونی,مشکی,خانواده,تویز,542726,1025752,6,نوین تویز,28,16
2292,TOY-2292,کلاه جشن تولد آبی کوچک,مهمانی و بادکنک,بادکنک,آبی,کوچک,پیکولو,673877,990599,3,بازی و شادی,37,25
2293,TOY-2293,کاغذ رنگی نارنجی بزرگ,مهمانی و بادکنک,ظروف یکبارمصرف,نارنجی,بزرگ,کیدزلند,410810,661404,10,دنیای شادی,12,27
2294,TOY-2294,عروسک باربی سفید خانواده,عروسک,فیگور,سفید,خانواده,آسمان,826022,1172951,1,اسباب‌بازی ایران,23,22
2295,TOY-2295,بلوک‌های خانه سبز بزرگ,لگو و ساختنی,لگو,سبز,بزرگ,زرافه,556030,828484,3,بازی و شادی,14,18
2296,TOY-2296,استخر بادی آبی بزرگ,بازی در فضای باز,اسکوتر,آبی,بزرگ,کیدزلند,38104,57156,8,ماهان تویز,31,13
2297,TOY-2297,استخر بادی قرمز کوچک,بازی در فضای باز,اسکوتر,قرمز,کوچک,آسمان,919143,1672840,6,نوین تویز,23,23
2298,TOY-2298,ماشین فلزی نارنجی کوچک,ماشین و رادیویی,ماشین کنترلی,نارنجی,کوچک,شادی,728498,1318581,2,تویز لند,31,19
2299,TOY-2299,بلوک‌های خانه مشکی کوچک,لگو و ساختنی,پازل سه‌بعدی,مشکی,کوچک,فانتزی,504553,822421,10,دنیای شادی,20,20
2300,TOY-2300,بازی فکری شطرنج قرمز بزرگ,فکری و آموزشی,پازل,قرمز,بزرگ,آسمان,829887,1468899,9,پویا تویز,16,8
2301,TOY-2301,لگو ماشین سفید کوچک,لگو و ساختنی,پازل سه‌بعدی,سفید,کوچک,زرافه,945676,1352316,1,اسباب‌بازی ایران,20,20
2302,TOY-2302,توپ فوتبال مشکی بزرگ,بازی در فضای باز,استخر بادی,مشکی,بزرگ,تویز,997655,1925474,3,بازی و شادی,12,5
2303,TOY-2303,لگو ماشین قرمز کوچک,لگو و ساختنی,لگو,قرمز,کوچک,پاندورا,254374,468048,1,اسباب‌بازی ایران,44,21
2304,TOY-2304,ظروف مهمانی نارنجی کوچک,مهمانی و بادکنک,فشفشه,نارنجی,کوچک,آسمان,201381,352416,3,بازی و شادی,37,17
2305,TOY-2305,چرتکه آموزشی سبز متوسط,فکری و آموزشی,پازل,سبز,متوسط,پیکولو,340575,613035,2,تویز لند,20,18
2306,TOY-2306,عروسک باربی سبز متوسط,عروسک,پولیشی,سبز,متوسط,دنیای اسباب‌بازی,884454,1662773,4,کیان تویز,18,13
2307,TOY-2307,دندانگیر سفید متوسط,نوزاد و خردسال,جغجغه,سفید,متوسط,پاندورا,316948,611709,9,پویا تویز,36,8
2308,TOY-2308,کتاب قصه‌های کهن زرد خانواده,فکری و آموزشی,پازل,زرد,خانواده,پلی‌تویز,488692,693942,9,پویا تویز,33,18
2309,TOY-2309,دوچرخه کودک صورتی خانواده,بازی در فضای باز,اسکوتر,صورتی,خانواده,پیکولو,79078,154992,5,پارس اسباب‌بازی,31,27
2310,TOY-2310,توپ بسکتبال آبی خانواده,بازی در فضای باز,دوچرخه,آبی,خانواده,آسمان,213805,386987,10,دنیای شادی,16,11
2311,TOY-2311,بادکنک رنگی صورتی متوسط,مهمانی و بادکنک,بادکنک,صورتی,متوسط,آسمان,737631,1187585,3,بازی و شادی,26,20
2312,TOY-2312,ماشین فلزی سبز کوچک,ماشین و رادیویی,ماشین کنترلی,سبز,کوچک,پلی‌تویز,391690,583618,4,کیان تویز,22,20
2313,TOY-2313,عروسک پولیشی سبز متوسط,عروسک,پارچه‌ای,سبز,متوسط,آسمان,139293,243762,2,تویز لند,49,19
2314,TOY-2314,عروسک خرسی قرمز خانواده,عروسک,پلاستیکی,قرمز,خانواده,کیدزلند,541500,1045095,6,نوین تویز,9,16
2315,TOY-2315,بازی فکری شطرنج سبز کوچک,فکری و آموزشی,کتاب داستان,سبز,کوچک,شادی,886298,1728281,6,نوین تویز,49,25
2316,TOY-2316,دندانگیر سفید خانواده,نوزاد و خردسال,پازل چوبی,سفید,خانواده,پلی‌تویز,570296,1106374,3,بازی و شادی,17,18
2317,TOY-2317,چرتکه آموزشی زرد متوسط,فکری و آموزشی,کتاب داستان,زرد,متوسط,پاندورا,74874,120547,8,ماهان تویز,41,24
2318,TOY-2318,توپ فوتبال سفید کوچک,بازی در فضای باز,استخر بادی,سفید,کوچک,زرافه,698469,1194381,8,ماهان تویز,40,19
2319,TOY-2319,ماشین کنترلی شارژی بنفش بزرگ,ماشین و رادیویی,ماشین کنترلی,بنفش,بزرگ,پلی‌تویز,340001,598401,7,آریا اسباب‌بازی,26,13
2320,TOY-2320,لگو آتش‌نشانی سفید بزرگ,لگو و ساختنی,پازل سه‌بعدی,سفید,بزرگ,فانتزی,817947,1513201,7,آریا اسباب‌بازی,21,14
2321,TOY-2321,عروسک بامزی آبی خانواده,عروسک,پولیشی,آبی,خانواده,شادی,724835,1304703,5,پارس اسباب‌بازی,45,29
2322,TOY-2322,بازی فکری شطرنج سفید خانواده,فکری و آموزشی,کتاب داستان,سفید,خانواده,زرافه,854439,1572167,5,پارس اسباب‌بازی,9,7
2323,TOY-2323,ماشین فلزی بنفش متوسط,ماشین و رادیویی,قایق,بنفش,متوسط,تویز,515347,829708,4,کیان تویز,29,21
2324,TOY-2324,کلاه جشن تولد نارنجی متوسط,مهمانی و بادکنک,ظروف یکبارمصرف,نارنجی,متوسط,کیدزلند,653517,1189400,5,پارس اسباب‌بازی,20,7
2325,TOY-2325,فیگور مرد عنکبوتی سفید بزرگ,اکشن فیگور,سرباز,سفید,بزرگ,زرافه,362064,673439,1,اسباب‌بازی ایران,49,17
2326,TOY-2326,لگو آتش‌نشانی سفید بزرگ,لگو و ساختنی,لگو,سفید,بزرگ,پلی‌تویز,886351,1524523,9,پویا تویز,40,28
2327,TOY-2327,ماشین سرعتی قرمز متوسط,ماشین و رادیویی,قایق,قرمز,متوسط,تویز,936241,1600972,6,نوین تویز,9,15
2328,TOY-2328,جغجغه بنفش متوسط,نوزاد و خردسال,موزیکال,بنفش,متوسط,فانتزی,288892,566228,2,تویز لند,7,9
2329,TOY-2329,اسکوتر سفید متوسط,بازی در فضای باز,استخر بادی,سفید,متوسط,زرافه,592243,1024580,10,دنیای شادی,7,9
2330,TOY-2330,ربات جنگجو بنفش متوسط,اکشن فیگور,شخصیت کارتونی,بنفش,متوسط,پلی‌تویز,294117,441175,6,نوین تویز,42,10
2331,TOY-2331,عروسک سخنگو بنفش متوسط,عروسک,فیگور,بنفش,متوسط,دنیای اسباب‌بازی,842706,1213496,6,نوین تویز,35,21
2332,TOY-2332,ظروف مهمانی نارنجی کوچک,مهمانی و بادکنک,کلاه تولد,نارنجی,کوچک,کیدزلند,885996,1550493,2,تویز لند,37,11
2333,TOY-2333,قایق اسباب‌بازی قرمز متوسط,ماشین و رادیویی,ماشین ساده,قرمز,متوسط,پاندورا,478067,913107,7,آریا اسباب‌بازی,20,6
2334,TOY-2334,لگو ماشین بنفش متوسط,لگو و ساختنی,لگو,بنفش,متوسط,پلی‌تویز,286710,524679,4,کیان تویز,9,7
2335,TOY-2335,پازل ۱۰۰ تکه قرمز بزرگ,فکری و آموزشی,وسایل آموزشی,قرمز,بزرگ,تویز,62539,108817,10,دنیای شادی,44,6
2336,TOY-2336,موبایل موزیکال چندرنگ خانواده,نوزاد و خردسال,جغجغه,چندرنگ,خانواده,پلی‌تویز,801913,1283060,2,تویز لند,8,21
2337,TOY-2337,فیگور شرک آبی کوچک,اکشن فیگور,ابرقهرمان,آبی,کوچک,آسمان,45377,66250,10,دنیای شادی,17,16
2338,TOY-2338,کتاب قصه‌های کهن سفید متوسط,فکری و آموزشی,پازل,سفید,متوسط,تویز,454056,712867,8,ماهان تویز,14,18
2339,TOY-2339,چرتکه آموزشی آبی کوچک,فکری و آموزشی,کتاب داستان,آبی,کوچک,دنیای اسباب‌بازی,83689,124696,10,دنیای شادی,10,28
2340,TOY-2340,پازل ۱۰۰ تکه صورتی بزرگ,فکری و آموزشی,وسایل آموزشی,صورتی,بزرگ,شادی,167876,298819,8,ماهان تویز,23,3
2341,TOY-2341,ماشین کنترلی شارژی چندرنگ کوچک,ماشین و رادیویی,ماشین کنترلی,چندرنگ,کوچک,آسمان,35188,65097,4,کیان تویز,33,4
2342,TOY-2342,ماشین فلزی قرمز متوسط,ماشین و رادیویی,ماشین ساده,قرمز,متوسط,پلی‌تویز,165528,241670,4,کیان تویز,15,19
2343,TOY-2343,چرتکه آموزشی بنفش کوچک,فکری و آموزشی,بازی فکری,بنفش,کوچک,پاندورا,935668,1618705,4,کیان تویز,12,24
2344,TOY-2344,ماشین کنترلی شارژی زرد بزرگ,ماشین و رادیویی,ماشین کنترلی,زرد,بزرگ,آسمان,166892,233648,7,آریا اسباب‌بازی,30,4
2345,TOY-2345,ماشین فلزی بنفش خانواده,ماشین و رادیویی,ماشین کنترلی,بنفش,خانواده,تویز,114947,204605,3,بازی و شادی,25,28
2346,TOY-2346,فیگور شرک سبز خانواده,اکشن فیگور,شخصیت کارتونی,سبز,خانواده,کیدزلند,232392,418305,2,تویز لند,18,26
2347,TOY-2347,ماشین کنترلی شارژی سبز خانواده,ماشین و رادیویی,ماشین ساده,سبز,خانواده,کیدزلند,615642,923463,7,آریا اسباب‌بازی,30,26
2348,TOY-2348,چرتکه آموزشی نارنجی بزرگ,فکری و آموزشی,بازی فکری,نارنجی,بزرگ,پاندورا,990044,1613771,3,بازی و شادی,6,27
2349,TOY-2349,کتاب قصه‌های کهن سبز خانواده,فکری و آموزشی,کتاب داستان,سبز,خانواده,آسمان,75040,105806,6,نوین تویز,46,3
2350,TOY-2350,توپ فوتبال زرد خانواده,بازی در فضای باز,دوچرخه,زرد,خانواده,آسمان,154765,258457,7,آریا اسباب‌بازی,40,11
2351,TOY-2351,کاغذ رنگی آبی متوسط,مهمانی و بادکنک,بادکنک,آبی,متوسط,تویز,892639,1526412,4,کیان تویز,46,16
2352,TOY-2352,پازل سه‌بعدی برج چندرنگ متوسط,لگو و ساختنی,ماکت,چندرنگ,متوسط,تویز,284173,548453,9,پویا تویز,10,20
2353,TOY-2353,ماشین فلزی زرد کوچک,ماشین و رادیویی,ماشین ساده,زرد,کوچک,دنیای اسباب‌بازی,220548,390369,10,دنیای شادی,12,15
2354,TOY-2354,لگو ماشین نارنجی کوچک,لگو و ساختنی,بلوک ساختمانی,نارنجی,کوچک,شادی,409790,749915,9,پویا تویز,11,19
2355,TOY-2355,بلوک‌های خانه مشکی متوسط,لگو و ساختنی,پازل سه‌بعدی,مشکی,متوسط,فانتزی,541999,1013538,1,اسباب‌بازی ایران,17,17
2356,TOY-2356,عروسک پارچه‌ای سبز متوسط,نوزاد و خردسال,پازل چوبی,سبز,متوسط,کیدزلند,358587,602426,9,پویا تویز,26,3
2357,TOY-2357,ماشین کنترلی شارژی صورتی کوچک,ماشین و رادیویی,قایق,صورتی,کوچک,شادی,319591,623202,8,ماهان تویز,39,25
2358,TOY-2358,هواپیمای کنترلی قرمز کوچک,ماشین و رادیویی,هواپیما,قرمز,کوچک,تویز,757030,1347513,1,اسباب‌بازی ایران,39,15
2359,TOY-2359,عروسک خرسی مشکی متوسط,عروسک,پارچه‌ای,مشکی,متوسط,پیکولو,532671,889560,2,تویز لند,12,6
2360,TOY-2360,پازل سه‌بعدی برج آبی خانواده,لگو و ساختنی,بلوک ساختمانی,آبی,خانواده,دنیای اسباب‌بازی,882828,1244787,6,نوین تویز,44,9
2361,TOY-2361,عروسک باربی مشکی بزرگ,عروسک,پارچه‌ای,مشکی,بزرگ,زرافه,504539,812307,2,تویز لند,26,15
2362,TOY-2362,اسکوتر سبز کوچک,بازی در فضای باز,اسکوتر,سبز,کوچک,دنیای اسباب‌بازی,53659,93903,3,بازی و شادی,23,3
2363,TOY-2363,ظروف مهمانی نارنجی کوچک,مهمانی و بادکنک,فشفشه,نارنجی,کوچک,فانتزی,446020,798375,3,بازی و شادی,45,5
2364,TOY-2364,اسکوتر صورتی خانواده,بازی در فضای باز,توپ,صورتی,خانواده,تویز,172487,329450,9,پویا تویز,48,25
2365,TOY-2365,جغجغه قرمز کوچک,نوزاد و خردسال,پازل چوبی,قرمز,کوچک,تویز,285569,405507,5,پارس اسباب‌بازی,28,7
2366,TOY-2366,چرتکه آموزشی مشکی کوچک,فکری و آموزشی,کتاب داستان,مشکی,کوچک,شادی,986759,1568946,9,پویا تویز,16,7
2367,TOY-2367,استخر بادی صورتی کوچک,بازی در فضای باز,دوچرخه,صورتی,کوچک,پلی‌تویز,133781,244819,7,آریا اسباب‌بازی,34,20
2368,TOY-2368,ماشین سرعتی زرد بزرگ,ماشین و رادیویی,هواپیما,زرد,بزرگ,شادی,279243,393732,1,اسباب‌بازی ایران,43,19
2369,TOY-2369,فیگور بتمن چندرنگ خانواده,اکشن فیگور,سرباز,چندرنگ,خانواده,تویز,626638,1059018,9,پویا تویز,29,26
2370,TOY-2370,عروسک خرسی صورتی متوسط,عروسک,پولیشی,صورتی,متوسط,پلی‌تویز,381634,667859,7,آریا اسباب‌بازی,6,3
2371,TOY-2371,بادکنک رنگی چندرنگ متوسط,مهمانی و بادکنک,فشفشه,چندرنگ,متوسط,فانتزی,663690,955713,2,تویز لند,36,20
2372,TOY-2372,عروسک خرسی آبی خانواده,عروسک,فیگور,آبی,خانواده,آسمان,399712,659524,9,پویا تویز,46,24
2373,TOY-2373,بلوک‌های خانه سفید متوسط,لگو و ساختنی,لگو,سفید,متوسط,دنیای اسباب‌بازی,468089,894049,8,ماهان تویز,39,13
2374,TOY-2374,کاغذ رنگی زرد خانواده,مهمانی و بادکنک,کلاه تولد,زرد,خانواده,پلی‌تویز,355867,619208,9,پویا تویز,29,18
2375,TOY-2375,بلوک‌های خانه زرد متوسط,لگو و ساختنی,ماکت,زرد,متوسط,کیدزلند,224454,370349,3,بازی و شادی,8,24
2376,TOY-2376,عروسک پارچه‌ای نارنجی بزرگ,نوزاد و خردسال,موزیکال,نارنجی,بزرگ,زرافه,880263,1311591,5,پارس اسباب‌بازی,5,5
2377,TOY-2377,ماشین فلزی صورتی متوسط,ماشین و رادیویی,ماشین کنترلی,صورتی,متوسط,شادی,617528,1123900,9,پویا تویز,21,16
2378,TOY-2378,جغجغه سفید بزرگ,نوزاد و خردسال,عروسک پارچه‌ای,سفید,بزرگ,کیدزلند,428814,660373,8,ماهان تویز,17,5
2379,TOY-2379,عروسک سخنگو صورتی متوسط,عروسک,پولیشی,صورتی,متوسط,شادی,157791,285601,6,نوین تویز,17,21
2380,TOY-2380,دوچرخه کودک صورتی متوسط,بازی در فضای باز,توپ,صورتی,متوسط,شادی,870434,1236016,6,نوین تویز,49,6
2381,TOY-2381,ماشین فلزی قرمز کوچک,ماشین و رادیویی,هواپیما,قرمز,کوچک,پاندورا,144811,259211,7,آریا اسباب‌بازی,11,17
2382,TOY-2382,اسکوتر سفید کوچک,بازی در فضای باز,استخر بادی,سفید,کوچک,پلی‌تویز,841455,1438888,2,تویز لند,41,4
2383,TOY-2383,فیگور شرک نارنجی متوسط,اکشن فیگور,ابرقهرمان,نارنجی,متوسط,آسمان,583861,957532,6,نوین تویز,44,11
2384,TOY-2384,ماشین سرعتی قرمز بزرگ,ماشین و رادیویی,قایق,قرمز,بزرگ,تویز,885446,1460985,5,پارس اسباب‌بازی,35,18
2385,TOY-2385,عروسک باربی زرد متوسط,عروسک,فیگور,زرد,متوسط,پلی‌تویز,44079,76697,6,نوین تویز,10,14
2386,TOY-2386,پازل نقشه ایران مشکی کوچک,فکری و آموزشی,وسایل آموزشی,مشکی,کوچک,زرافه,217905,350827,4,کیان تویز,13,9
2387,TOY-2387,ماشین کنترلی شارژی آبی خانواده,ماشین و رادیویی,ماشین کنترلی,آبی,خانواده,دنیای اسباب‌بازی,611713,1143903,8,ماهان تویز,11,11
2388,TOY-2388,لگو ماشین زرد متوسط,لگو و ساختنی,لگو,زرد,متوسط,پیکولو,348911,617572,2,تویز لند,19,16
2389,TOY-2389,بازی فکری شطرنج سبز خانواده,فکری و آموزشی,کتاب داستان,سبز,خانواده,شادی,44984,74673,4,کیان تویز,26,6
2390,TOY-2390,عروسک خرسی آبی کوچک,عروسک,پولیشی,آبی,کوچک,پیکولو,406973,671505,9,پویا تویز,30,13
2391,TOY-2391,ظروف مهمانی آبی خانواده,مهمانی و بادکنک,فشفشه,آبی,خانواده,دنیای اسباب‌بازی,121007,206921,7,آریا اسباب‌بازی,39,15
2392,TOY-2392,عروسک باربی زرد کوچک,عروسک,پارچه‌ای,زرد,کوچک,تویز,827968,1266791,10,دنیای شادی,47,20
2393,TOY-2393,پازل سه‌بعدی برج آبی متوسط,لگو و ساختنی,پازل سه‌بعدی,آبی,متوسط,پیکولو,337104,552850,9,پویا تویز,45,29
2394,TOY-2394,عروسک پولیشی مشکی خانواده,عروسک,پلاستیکی,مشکی,خانواده,پاندورا,807593,1340604,5,پارس اسباب‌بازی,39,9
2395,TOY-2395,استخر بادی قرمز متوسط,بازی در فضای باز,توپ,قرمز,متوسط,زرافه,714876,1208140,6,نوین تویز,19,23
2396,TOY-2396,فیگور مرد عنکبوتی آبی بزرگ,اکشن فیگور,ابرقهرمان,آبی,بزرگ,پیکولو,888378,1554661,2,تویز لند,23,25
2397,TOY-2397,لگو پلیس نارنجی بزرگ,لگو و ساختنی,پازل سه‌بعدی,نارنجی,بزرگ,پلی‌تویز,766225,1294920,4,کیان تویز,5,21
2398,TOY-2398,موبایل موزیکال قرمز متوسط,نوزاد و خردسال,پازل چوبی,قرمز,متوسط,زرافه,330272,521829,4,کیان تویز,27,17
2399,TOY-2399,ماشین فلزی چندرنگ متوسط,ماشین و رادیویی,ماشین ساده,چندرنگ,متوسط,کیدزلند,811505,1460709,4,کیان تویز,15,5
2400,TOY-2400,فشفشه مشکی خانواده,مهمانی و بادکنک,فشفشه,مشکی,خانواده,کیدزلند,449246,813135,2,تویز لند,36,11
2401,TOY-2401,اسکوتر سبز خانواده,بازی در فضای باز,توپ,سبز,خانواده,تویز,690165,1014542,6,نوین تویز,47,22
2402,TOY-2402,عروسک باربی بنفش خانواده,عروسک,فیگور,بنفش,خانواده,زرافه,134835,223826,7,آریا اسباب‌بازی,35,24
2403,TOY-2403,عروسک خرسی سبز خانواده,عروسک,پارچه‌ای,سبز,خانواده,تویز,107200,210112,1,اسباب‌بازی ایران,40,5
2404,TOY-2404,پازل نقشه ایران زرد بزرگ,فکری و آموزشی,پازل,زرد,بزرگ,زرافه,857746,1646872,7,آریا اسباب‌بازی,44,3
2405,TOY-2405,پازل سه‌بعدی برج سبز خانواده,لگو و ساختنی,لگو,سبز,خانواده,کیدزلند,122105,224673,6,نوین تویز,27,15
2406,TOY-2406,بازی فکری شطرنج زرد بزرگ,فکری و آموزشی,پازل,زرد,بزرگ,شادی,978100,1388902,6,نوین تویز,37,25
2407,TOY-2407,عروسک بامزی نارنجی متوسط,عروسک,پولیشی,نارنجی,متوسط,زرافه,139741,224983,10,دنیای شادی,10,17
2408,TOY-2408,پازل سه‌بعدی برج صورتی متوسط,لگو و ساختنی,ماکت,صورتی,متوسط,پیکولو,491098,795578,4,کیان تویز,14,24
2409,TOY-2409,توپ فوتبال آبی متوسط,بازی در فضای باز,اسکوتر,آبی,متوسط,آسمان,904221,1356331,9,پویا تویز,48,15
2410,TOY-2410,عروسک باربی مشکی بزرگ,عروسک,پولیشی,مشکی,بزرگ,پلی‌تویز,636195,1170598,8,ماهان تویز,23,4
2411,TOY-2411,ماشین کنترلی شارژی زرد متوسط,ماشین و رادیویی,قایق,زرد,متوسط,شادی,951704,1370453,10,دنیای شادی,19,17
2412,TOY-2412,لگو پلیس مشکی خانواده,لگو و ساختنی,لگو,مشکی,خانواده,تویز,85418,165710,10,دنیای شادی,20,4
2413,TOY-2413,عروسک بامزی چندرنگ کوچک,عروسک,فیگور,چندرنگ,کوچک,آسمان,883531,1767062,5,پارس اسباب‌بازی,47,28
2414,TOY-2414,قایق اسباب‌بازی سفید متوسط,ماشین و رادیویی,ماشین کنترلی,سفید,متوسط,زرافه,770408,1348214,10,دنیای شادی,28,22
2415,TOY-2415,موبایل موزیکال نارنجی خانواده,نوزاد و خردسال,پازل چوبی,نارنجی,خانواده,کیدزلند,982448,1905949,9,پویا تویز,48,7
2416,TOY-2416,توپ بسکتبال مشکی خانواده,بازی در فضای باز,دوچرخه,مشکی,خانواده,پیکولو,55373,100225,4,کیان تویز,33,28
2417,TOY-2417,ماشین سرعتی آبی بزرگ,ماشین و رادیویی,هواپیما,آبی,بزرگ,تویز,937741,1444121,9,پویا تویز,34,21
2418,TOY-2418,دوچرخه کودک زرد کوچک,بازی در فضای باز,دوچرخه,زرد,کوچک,فانتزی,281438,396827,4,کیان تویز,47,9
2419,TOY-2419,استخر بادی صورتی کوچک,بازی در فضای باز,دوچرخه,صورتی,کوچک,زرافه,179136,349315,10,دنیای شادی,45,12
2420,TOY-2420,عروسک باربی صورتی کوچک,عروسک,پولیشی,صورتی,کوچک,پاندورا,292406,549723,7,آریا اسباب‌بازی,9,5
2421,TOY-2421,عروسک باربی زرد بزرگ,عروسک,پولیشی,زرد,بزرگ,دنیای اسباب‌بازی,697644,1067395,4,کیان تویز,24,12
2422,TOY-2422,پازل نقشه ایران مشکی متوسط,فکری و آموزشی,وسایل آموزشی,مشکی,متوسط,دنیای اسباب‌بازی,343378,652418,3,بازی و شادی,12,11
2423,TOY-2423,عروسک خرسی مشکی خانواده,عروسک,فیگور,مشکی,خانواده,کیدزلند,696260,1357707,3,بازی و شادی,15,4
2424,TOY-2424,جغجغه نارنجی متوسط,نوزاد و خردسال,موزیکال,نارنجی,متوسط,زرافه,573059,1134656,10,دنیای شادی,7,18
2425,TOY-2425,ربات جنگجو سفید کوچک,اکشن فیگور,ابرقهرمان,سفید,کوچک,دنیای اسباب‌بازی,281763,445185,7,آریا اسباب‌بازی,24,27
2426,TOY-2426,پازل چوبی آبی متوسط,نوزاد و خردسال,موزیکال,آبی,متوسط,تویز,728659,1318872,9,پویا تویز,33,19
2427,TOY-2427,بادکنک رنگی سبز متوسط,مهمانی و بادکنک,ظروف یکبارمصرف,سبز,متوسط,دنیای اسباب‌بازی,924895,1609317,6,نوین تویز,24,15
2428,TOY-2428,سرباز اسباب‌بازی زرد بزرگ,اکشن فیگور,شخصیت کارتونی,زرد,بزرگ,زرافه,119575,215235,9,پویا تویز,6,27
2429,TOY-2429,ماشین سرعتی سفید بزرگ,ماشین و رادیویی,ماشین ساده,سفید,بزرگ,تویز,682669,1303897,1,اسباب‌بازی ایران,40,5
2430,TOY-2430,ماشین فلزی قرمز کوچک,ماشین و رادیویی,قایق,قرمز,کوچک,دنیای اسباب‌بازی,536462,879797,7,آریا اسباب‌بازی,12,4
2431,TOY-2431,جغجغه قرمز کوچک,نوزاد و خردسال,پازل چوبی,قرمز,کوچک,زرافه,809165,1262297,9,پویا تویز,48,23
2432,TOY-2432,پازل ۱۰۰ تکه زرد بزرگ,فکری و آموزشی,پازل,زرد,بزرگ,تویز,230011,356517,1,اسباب‌بازی ایران,36,22
2433,TOY-2433,لگو ماشین قرمز بزرگ,لگو و ساختنی,ماکت,قرمز,بزرگ,کیدزلند,601481,1004473,5,پارس اسباب‌بازی,38,7
2434,TOY-2434,لگو پلیس بنفش خانواده,لگو و ساختنی,پازل سه‌بعدی,بنفش,خانواده,فانتزی,40352,75458,9,پویا تویز,11,8
2435,TOY-2435,کتاب قصه‌های کهن سبز کوچک,فکری و آموزشی,کتاب داستان,سبز,کوچک,شادی,87695,155220,4,کیان تویز,46,27
2436,TOY-2436,توپ فوتبال بنفش خانواده,بازی در فضای باز,اسکوتر,بنفش,خانواده,پاندورا,136001,255681,10,دنیای شادی,7,20
2437,TOY-2437,دوچرخه کودک قرمز خانواده,بازی در فضای باز,استخر بادی,قرمز,خانواده,فانتزی,290980,549952,7,آریا اسباب‌بازی,31,14
2438,TOY-2438,دندانگیر سبز بزرگ,نوزاد و خردسال,عروسک پارچه‌ای,سبز,بزرگ,تویز,81173,135558,9,پویا تویز,30,17
2439,TOY-2439,پازل سه‌بعدی برج صورتی کوچک,لگو و ساختنی,ماکت,صورتی,کوچک,فانتزی,129196,239012,10,دنیای شادی,41,17
2440,TOY-2440,لگو پلیس صورتی بزرگ,لگو و ساختنی,پازل سه‌بعدی,صورتی,بزرگ,کیدزلند,293246,492653,4,کیان تویز,16,29
2441,TOY-2441,کتاب قصه‌های کهن زرد کوچک,فکری و آموزشی,بازی فکری,زرد,کوچک,فانتزی,455870,670128,6,نوین تویز,36,14
2442,TOY-2442,فیگور بتمن مشکی خانواده,اکشن فیگور,ابرقهرمان,مشکی,خانواده,کیدزلند,662910,1233012,8,ماهان تویز,10,10
2443,TOY-2443,لگو پلیس زرد متوسط,لگو و ساختنی,ماکت,زرد,متوسط,کیدزلند,257449,435088,2,تویز لند,32,9
2444,TOY-2444,قایق اسباب‌بازی آبی متوسط,ماشین و رادیویی,ماشین کنترلی,آبی,متوسط,زرافه,642821,996372,4,کیان تویز,25,7
2445,TOY-2445,ربات جنگجو بنفش بزرگ,اکشن فیگور,ابرقهرمان,بنفش,بزرگ,زرافه,178540,251741,2,تویز لند,11,19
2446,TOY-2446,کتاب قصه‌های کهن آبی بزرگ,فکری و آموزشی,بازی فکری,آبی,بزرگ,آسمان,825668,1263272,5,پارس اسباب‌بازی,27,4
2447,TOY-2447,عروسک بامزی مشکی کوچک,عروسک,پلاستیکی,مشکی,کوچک,فانتزی,156001,285481,7,آریا اسباب‌بازی,6,25
2448,TOY-2448,توپ فوتبال صورتی بزرگ,بازی در فضای باز,توپ,صورتی,بزرگ,آسمان,304023,525959,1,اسباب‌بازی ایران,19,12
2449,TOY-2449,بازی فکری شطرنج سفید کوچک,فکری و آموزشی,کتاب داستان,سفید,کوچک,زرافه,388645,656810,8,ماهان تویز,27,29
2450,TOY-2450,پازل سه‌بعدی برج بنفش متوسط,لگو و ساختنی,بلوک ساختمانی,بنفش,متوسط,فانتزی,167589,256411,2,تویز لند,40,11
2451,TOY-2451,عروسک خرسی بنفش متوسط,عروسک,پلاستیکی,بنفش,متوسط,کیدزلند,692577,1246638,4,کیان تویز,37,25
2452,TOY-2452,دوچرخه کودک چندرنگ بزرگ,بازی در فضای باز,استخر بادی,چندرنگ,بزرگ,پاندورا,737788,1055036,10,دنیای شادی,8,24
2453,TOY-2453,ظروف مهمانی زرد متوسط,مهمانی و بادکنک,کلاه تولد,زرد,متوسط,کیدزلند,866794,1447545,9,پویا تویز,33,8
2454,TOY-2454,قایق اسباب‌بازی قرمز بزرگ,ماشین و رادیویی,هواپیما,قرمز,بزرگ,پلی‌تویز,160455,255123,10,دنیای شادی,7,22
2455,TOY-2455,ظروف مهمانی چندرنگ خانواده,مهمانی و بادکنک,بادکنک,چندرنگ,خانواده,زرافه,426948,789853,2,تویز لند,5,22
2456,TOY-2456,بادکنک رنگی صورتی خانواده,مهمانی و بادکنک,ظروف یکبارمصرف,صورتی,خانواده,پلی‌تویز,821741,1635264,7,آریا اسباب‌بازی,18,27
2457,TOY-2457,هواپیمای کنترلی قرمز خانواده,ماشین و رادیویی,ماشین کنترلی,قرمز,خانواده,دنیای اسباب‌بازی,75993,142866,3,بازی و شادی,11,12
2458,TOY-2458,لگو آتش‌نشانی زرد بزرگ,لگو و ساختنی,بلوک ساختمانی,زرد,بزرگ,شادی,222586,378396,3,بازی و شادی,6,28
2459,TOY-2459,بلوک‌های خانه قرمز بزرگ,لگو و ساختنی,ماکت,قرمز,بزرگ,دنیای اسباب‌بازی,777299,1321408,8,ماهان تویز,20,24
2460,TOY-2460,پازل سه‌بعدی برج چندرنگ متوسط,لگو و ساختنی,پازل سه‌بعدی,چندرنگ,متوسط,کیدزلند,974530,1754154,9,پویا تویز,26,6
2461,TOY-2461,ماشین سرعتی سبز بزرگ,ماشین و رادیویی,ماشین کنترلی,سبز,بزرگ,پیکولو,302049,555770,7,آریا اسباب‌بازی,23,18
2462,TOY-2462,کاغذ رنگی چندرنگ بزرگ,مهمانی و بادکنک,بادکنک,چندرنگ,بزرگ,پلی‌تویز,607104,1141355,7,آریا اسباب‌بازی,27,23
2463,TOY-2463,دوچرخه کودک سبز کوچک,بازی در فضای باز,توپ,سبز,کوچک,شادی,688783,1370678,1,اسباب‌بازی ایران,8,27
2464,TOY-2464,پازل نقشه ایران سفید بزرگ,فکری و آموزشی,کتاب داستان,سفید,بزرگ,فانتزی,357995,522672,5,پارس اسباب‌بازی,30,27
2465,TOY-2465,فیگور مرد عنکبوتی سفید بزرگ,اکشن فیگور,شخصیت کارتونی,سفید,بزرگ,پاندورا,871333,1341852,9,پویا تویز,13,14
2466,TOY-2466,ظروف مهمانی آبی بزرگ,مهمانی و بادکنک,بادکنک,آبی,بزرگ,فانتزی,620314,1228221,4,کیان تویز,9,22
2467,TOY-2467,پازل چوبی بنفش متوسط,نوزاد و خردسال,پازل چوبی,بنفش,متوسط,دنیای اسباب‌بازی,691016,995063,3,بازی و شادی,8,11
2468,TOY-2468,عروسک سخنگو صورتی کوچک,عروسک,پولیشی,صورتی,کوچک,پیکولو,700222,1148364,2,تویز لند,20,12
2469,TOY-2469,کاغذ رنگی نارنجی خانواده,مهمانی و بادکنک,ظروف یکبارمصرف,نارنجی,خانواده,زرافه,433028,710165,9,پویا تویز,14,8
2470,TOY-2470,ماشین سرعتی بنفش متوسط,ماشین و رادیویی,قایق,بنفش,متوسط,فانتزی,564607,1033230,6,نوین تویز,10,29
2471,TOY-2471,پازل ۱۰۰ تکه نارنجی بزرگ,فکری و آموزشی,کتاب داستان,نارنجی,بزرگ,دنیای اسباب‌بازی,923437,1468264,1,اسباب‌بازی ایران,29,29
2472,TOY-2472,عروسک پارچه‌ای مشکی کوچک,نوزاد و خردسال,عروسک پارچه‌ای,مشکی,کوچک,آسمان,548193,1036084,1,اسباب‌بازی ایران,44,29
2473,TOY-2473,ربات جنگجو چندرنگ بزرگ,اکشن فیگور,ربات,چندرنگ,بزرگ,پاندورا,944730,1776092,10,دنیای شادی,39,12
2474,TOY-2474,عروسک خرسی سبز بزرگ,عروسک,پارچه‌ای,سبز,بزرگ,دنیای اسباب‌بازی,873831,1293269,3,بازی و شادی,20,29
2475,TOY-2475,سرباز اسباب‌بازی سفید متوسط,اکشن فیگور,سرباز,سفید,متوسط,دنیای اسباب‌بازی,963901,1426573,7,آریا اسباب‌بازی,35,19
2476,TOY-2476,کلاه جشن تولد سبز بزرگ,مهمانی و بادکنک,ظروف یکبارمصرف,سبز,بزرگ,پیکولو,496513,809316,5,پارس اسباب‌بازی,43,24
2477,TOY-2477,ماشین فلزی نارنجی بزرگ,ماشین و رادیویی,ماشین ساده,نارنجی,بزرگ,زرافه,80700,146067,4,کیان تویز,39,29
2478,TOY-2478,چرتکه آموزشی صورتی متوسط,فکری و آموزشی,پازل,صورتی,متوسط,آسمان,630767,1129072,2,تویز لند,30,10
2479,TOY-2479,فیگور شرک مشکی خانواده,اکشن فیگور,ابرقهرمان,مشکی,خانواده,فانتزی,263102,473583,6,نوین تویز,10,3
2480,TOY-2480,دندانگیر سبز خانواده,نوزاد و خردسال,عروسک پارچه‌ای,سبز,خانواده,پیکولو,258927,476425,4,کیان تویز,25,26
2481,TOY-2481,پازل نقشه ایران چندرنگ بزرگ,فکری و آموزشی,وسایل آموزشی,چندرنگ,بزرگ,کیدزلند,121925,170695,4,کیان تویز,47,21
2482,TOY-2482,بلوک‌های خانه مشکی کوچک,لگو و ساختنی,ماکت,مشکی,کوچک,پاندورا,247103,395364,9,پویا تویز,16,3
2483,TOY-2483,توپ بسکتبال مشکی کوچک,بازی در فضای باز,استخر بادی,مشکی,کوچک,پیکولو,537835,817509,6,نوین تویز,14,8
2484,TOY-2484,فشفشه زرد کوچک,مهمانی و بادکنک,فشفشه,زرد,کوچک,پلی‌تویز,413140,661024,5,پارس اسباب‌بازی,30,19
2485,TOY-2485,لگو پلیس بنفش خانواده,لگو و ساختنی,لگو,بنفش,خانواده,فانتزی,370215,684897,1,اسباب‌بازی ایران,17,26
2486,TOY-2486,پازل نقشه ایران زرد بزرگ,فکری و آموزشی,وسایل آموزشی,زرد,بزرگ,تویز,580001,1049801,2,تویز لند,39,3
2487,TOY-2487,ربات جنگجو سفید کوچک,اکشن فیگور,ابرقهرمان,سفید,کوچک,شادی,938840,1530309,5,پارس اسباب‌بازی,41,28
2488,TOY-2488,فشفشه مشکی متوسط,مهمانی و بادکنک,بادکنک,مشکی,متوسط,کیدزلند,277434,410602,4,کیان تویز,29,4
2489,TOY-2489,ماشین سرعتی زرد خانواده,ماشین و رادیویی,هواپیما,زرد,خانواده,پاندورا,878691,1660725,9,پویا تویز,11,26
2490,TOY-2490,پازل سه‌بعدی برج بنفش بزرگ,لگو و ساختنی,بلوک ساختمانی,بنفش,بزرگ,تویز,928751,1801776,1,اسباب‌بازی ایران,16,19
2491,TOY-2491,توپ فوتبال سفید کوچک,بازی در فضای باز,دوچرخه,سفید,کوچک,تویز,385988,563542,6,نوین تویز,23,28
2492,TOY-2492,قایق اسباب‌بازی چندرنگ کوچک,ماشین و رادیویی,قایق,چندرنگ,کوچک,پیکولو,979294,1801900,9,پویا تویز,38,9
2493,TOY-2493,کاغذ رنگی سبز خانواده,مهمانی و بادکنک,بادکنک,سبز,خانواده,تویز,271727,437480,5,پارس اسباب‌بازی,30,5
2494,TOY-2494,فیگور بتمن نارنجی بزرگ,اکشن فیگور,ابرقهرمان,نارنجی,بزرگ,زرافه,594201,1182459,3,بازی و شادی,19,24
2495,TOY-2495,ماشین سرعتی صورتی خانواده,ماشین و رادیویی,هواپیما,صورتی,خانواده,تویز,440685,616959,6,نوین تویز,28,23
2496,TOY-2496,دندانگیر بنفش بزرگ,نوزاد و خردسال,پازل چوبی,بنفش,بزرگ,آسمان,540956,860120,3,بازی و شادی,36,23
2497,TOY-2497,هواپیمای کنترلی نارنجی بزرگ,ماشین و رادیویی,قایق,نارنجی,بزرگ,آسمان,711656,1337913,9,پویا تویز,8,24
2498,TOY-2498,سرباز اسباب‌بازی مشکی بزرگ,اکشن فیگور,ربات,مشکی,بزرگ,فانتزی,178078,325882,9,پویا تویز,28,4
2499,TOY-2499,ماشین سرعتی آبی کوچک,ماشین و رادیویی,هواپیما,آبی,کوچک,زرافه,429395,687032,6,نوین تویز,9,5
2500,TOY-2500,عروسک خرسی قرمز کوچک,عروسک,پلاستیکی,قرمز,کوچک,فانتزی,239651,419389,5,پارس اسباب‌بازی,39,22
